:020000040800F2
:10000000703100200D0200086BA900082B9C00082D
:1000100069A9000835440008E9CB00080000000089
:10002000000000000000000000000000E1B0000837
:10003000856100080000000099AA000805B20008C8
:100040002702000895AA00082702000827020008D6
:1000500027020008270200082702000827020008DC
:10006000270200082702000827020008794A000832
:1000700027020008270200082702000827020008BC
:100080002702000827020008FD04000827020008D4
:1000900091BC000827020008270200082702000878
:1000A0002702000885B2000827020008270200087E
:1000B00091B2000827020008270200082702000862
:1000C000270200082702000827020008270200086C
:1000D0007DAF000827020008270200082702000859
:1000E000D56100082702000827020008270200083F
:1000F000270200082702000827020008270200083C
:10010000270200082702000827020008270200082B
:10011000F9B9000805BA00082702000827020008FC
:10012000270200082702000827020008270200080B
:1001300000F002F800F05AF80AA090E8000C82449F
:100140008344AAF10107DA4501D100F04FF8AFF27C
:10015000090EBAE80F0013F0010F18BFFB1A43F0A5
:10016000010318475C2201007C2201000A444FF081
:10017000000C10F8013B13F0070408BF10F8014B06
:100180001D1108BF10F8015B641E05D010F8016B4B
:10019000641E01F8016BF9D113F0080F1EBF10F8AF
:1001A000014BAD1C0C1B09D16D1E58BF01F801CBD2
:1001B000FAD505E014F8016B01F8016B6D1EF9D555
:1001C0009142D6D37047000000230024002500266A
:1001D000103A28BF78C1FBD8520728BF30C148BFAA
:1001E0000B6070471FB51FBD10B510BD00F04BF977
:1001F0001146FFF7F7FF0DF055FC00F069F903B465
:10020000FFF7F2FF03BC00F071F9000009488047D6
:1002100009480047FEE7FEE7FEE7FEE7FEE7FEE7E8
:10022000FEE7FEE7FEE7FEE704480549054A064B00
:100230007047000081B2000831010008702B0020D7
:1002400070310020702D0020702D0020B2F12003AD
:100250000AD5C2F1200301FA02F120FA03F300FAF1
:1002600002F041EA0301704700FA03F14FF0000089
:100270007047B2F120030AD5C2F1200320FA02F040
:1002800001FA03F321FA02F140EA0300704721FA70
:1002900003F04FF00001704740EA010310B59B07DF
:1002A0000FD1042A0DD310C808C9121F9C42F8D0E0
:1002B00020BA19BA884201D9012010BD4FF0FF3091
:1002C00010BD1AB1D30703D0521C07E0002010BDA7
:1002D00010F8013B11F8014B1B1B07D110F8013B33
:1002E00011F8014B1B1B01D1921EF1D1184610BD14
:1002F000032A40F2308010F0030C00F0158011F852
:10030000013BBCF1020F624498BF11F801CB00F829
:10031000013B38BF11F8013BA2F1040298BF00F87D
:1003200001CB38BF00F8013B11F0030300F025803A
:10033000083AC0F0088051F8043B083A51F804CB61
:10034000A0E80810F5E7121D5CBF51F8043B40F827
:10035000043BAFF30080D20724BF11F8013B11F832
:1003600001CB48BF11F8012B24BF00F8013B00F876
:1003700001CB48BF00F8012B704710B5203AC0F000
:100380000B80B1E81850203AA0E81850B1E8185096
:10039000A0E81850BFF4F5AF5FEA027C24BFB1E8D3
:1003A0001850A0E8185044BF18C918C0BDE8104044
:1003B0005FEA827C24BF51F8043B40F8043B08BF4D
:1003C0007047D20728BF31F8023B48BF11F8012B14
:1003D00028BF20F8023B48BF00F8012B704702F00D
:1003E000FF0343EA032242EA024200F002B84FF060
:1003F00000020429C0F0128010F0030C00F01B80F2
:10040000CCF1040CBCF1020F18BF00F8012BA8BFFF
:1004100020F8022BA1EB0C0100F00DB85FEAC17CC3
:1004200024BF00F8012B00F8012B48BF00F8012B76
:1004300070474FF0000200B51346944696462039A7
:1004400022BFA0E80C50A0E80C50B1F12001BFF48D
:10045000F7AF090728BFA0E80C5048BF0CC05DF8F3
:1004600004EB890028BF40F8042B08BF704748BF41
:1004700020F8022B11F0804F18BF00F8012B7047B5
:10048000704770477047754600F02CF8AE4605007F
:100490006946534620F00700854618B020B5FFF79F
:1004A000C3FEBDE820404FF000064FF000074FF0BC
:1004B00000084FF0000B21F00701AC46ACE8C00982
:1004C000ACE8C009ACE8C009ACE8C0098D4670478B
:1004D00010B50446AFF300802046BDE81040FFF79A
:1004E0008EBE0000004870470C2B002001491820E8
:1004F000ABBEFEE72600020070470000014805F091
:10050000E2BF0000B015002070B5044600688168A5
:10051000C943C90717D1816821F00101816007F043
:1005200003FB05460AE000BF07F0FEFA401B022865
:1005300004D920688068C043C00706D0206880685E
:10054000C043C007F0D0002070BDA06A40F010008A
:10055000A062E06A40F00100E062012070BD10B5C9
:100560000146406A826A12F0500F05D0006A026BA1
:10057000BDE8104008461047816A41F4007181626D
:1005800001688968C1F3424107290CD1017B51B947
:10059000816A21F480718162816AC90403D4816A0D
:1005A00041F00101816205F08BFF10BD10B5406A7A
:1005B000816A41F040018162C16A41F00401C16277
:1005C00005F080FF10BD10B5406A05F07AFF10BD40
:1005D000F8B500260446009600688168C943C9073B
:1005E0002DD0816841F001018160164816490068EC
:1005F000B0FBF1F000E0401E00900028FBD107F0B6
:1006000093FA054616E000BF07F08EFA401B022859
:1006100010D920688068C043C0070BD0A06A40F0A2
:100620001000A062E06A40F00100E06284F82460FB
:100630000120F8BD20688068C043C007E4D10020D5
:10064000F8BD00009002002040420F000022114639
:1006500030F81130491C1A444029F9DB90097047E1
:1006600000F00F01000900EB800001EB4000C0B278
:10067000704700002DE9F04FF748ADB0817C0129AB
:100680007DD1824690F8671090F8310001264FF036
:1006900000091B90014300D0B146DFF8BCB3EF491D
:1006A0000BF1800B0BF18007BBF93C001D90BBF8F0
:1006B000360009905C46786911F06EF9796B0D4649
:1006C00011F0C8FA03950890786A07951C90E08AA3
:1006D0001890208B17900120DFF884831A901990CE
:1006E00016901590149013906FF488754FF47A74E7
:1006F000D8F8000011F012FAADF83000D8F8040074
:1007000011F00CFAADF83200D8F8080011F006FA32
:10071000ADF83400D8F80C0011F000FAADF836004E
:10072000386C11F0FBF9ADF83800786C11F0F6F97F
:10073000ADF83A00D8F8180011F0F0F9ADF83C0027
:10074000F86B11F0EBF9ADF83E0000200DF130032D
:1007500033F91010A94205DD01221692421CD2B2D3
:100760000D461592A14205DA0C4601211491411C57
:10077000C9B21391401C0828EADB002200E08EE297
:10078000DFF8DCC2ABF83E204FF6FF73ABF8403029
:100790001146ACF1200C50463CF81170974204D938
:1007A00001F101083A4680F833809F4206D2B7F53E
:1007B000FA7F03D93B464F1C80F83470491C10293E
:1007C000EADBA549924680319B46A1F84030CA87B2
:1007D00090F833101F9190F834101E9190F83F104C
:1007E000C177239190F83E1080F82010249190F862
:1007F000401080F82110009190F8411090F84220AC
:10080000114300D0012180F82210049190F8471084
:1008100090F84620114390F84420114301D0012361
:1008200000E0002380F8233090F84A1090F8492027
:10083000114301D0012200E000228A4980F82420DF
:100840000F780FB98F7807B1012780F825702097AE
:100850004F780FB9CF7817B14FF0010C01E04FF08E
:10086000000C7D4880F826C00F7980F8277091F839
:10087000058080F828808879BE4608B9C87900B11B
:100880000120754F87F829000F7A0FB9497A01B115
:100890000121714F87F82A10CDE926302498CDE93F
:1008A000280ECDE92A210498CDE9248C21900098C6
:1008B000002722906C48C05D00287CD06648EF304D
:1008C000C05D002877D1694807EB071100EB810074
:1008D000804630F9332F1D99761C11441D914288B2
:1008E0000999F6B211440991C17A027B090441EADF
:1008F0000221427BC37B1143827B120442EA032222
:10090000037C1A43059298F83900042808D2B8F8F5
:10091000371064204143B8F83A00642250430590F0
:10092000084611F04FF9089910F080FF08900598DB
:1009300011F048F90590039910F078FF039007999A
:10094000059810F073FF0790494807EB870100EB0B
:100950004100189930F9052F4FF4FA7E114418918F
:10096000B0F90210179808441790002098F8013049
:10097000BA1C1AE008EB4001498851450AD902F037
:10098000FF0CCDF868C000F1010C0CF0FF0C8A469A
:10099000CDF87CC0594507D2714505D98B46D1B2F7
:1009A0001991411CC9B21E91401C8342E2DC002017
:1009B00098F8223021E099E008EB40014FF00A0C52
:1009C000B1F92310A1F6AB2191FBFCF109B2A942C8
:1009D0000ADD02F0FF0CCDF858C000F1010C0CF05C
:1009E000FF0C0D46CDF854C0A14205DA0C46D1B239
:1009F0001491411CC9B21391401C8342DCDCB8F84D
:100A00003C101C9808441C90C7EBC70000EB800109
:100A100018480844817FCA0701D0012223920A06A0
:100A200001D48A0701D5012228924A0701D5012263
:100A30002292CA0601D5012221924A0601D48906D2
:100A400001D501212691017F022902D0012913D06D
:100A500014E00121209111E0600000200000C84254
:100A60005C0B0020350A002016000020E202002066
:100A7000AE030020CC03002001212591C17E022974
:100A800001D101212991417F022901D10121249124
:100A9000002142780EE043189B78022B02D0012BF4
:100AA00004D006E001232393209302E0012328933E
:100AB0002593491C8A42EEDC0021827C0EE043181B
:100AC000DB7C022B02D0012B04D006E0012326930D
:100AD000279302E001232A932B93491C8A42EEDCE0
:100AE00090F82000C00601D54FF001097F1C032FAC
:100AF000FFF6E0AE6B482A99DFF8AC8180F824104D
:100B00002B9980F82A10269980F82310279980F8CD
:100B10002910289980F820101091259980F8261026
:100B2000239FC777209980F82510249980F82810F2
:100B3000299980F82710219980F82210229980F8AD
:100B4000211006761D98C8F80400039811F002F8E9
:100B5000C8F85400534890F82C80EEB309985149D6
:100B6000B0FBF6F08031C883304611F02BF8064612
:100B700009901C9811F026F8314610F00DFF0EF088
:100B800005FE10F0E7FF4749803188850398B0F5EE
:100B9000000F0DDB4549089811F05CF8039910F03F
:100BA000FBFE0EF0F3FD10F0D5FF3E4980310885C5
:100BB0003C4E8036308D632803D317B9B8F1000F4F
:100BC00032D057EA080001D06420308538490998AE
:100BD00011F040F8354900E00BE00390079811F060
:100BE00039F8039910F0D8FE0EF0D0FD10F0B2FFE6
:100BF00070852C4847EA08078030418B8184818BBF
:100C0000C1841899018417994184264991F82E20AE
:100C100091F8793017431B9A17430A461F43567BB6
:100C200092F80FC009D101E06320CEE7B9F1000FBF
:100C300003D116B9BCF1000F01D00022028491F853
:100C40002B70109A3A431B9F3A431A4352EA090207
:100C500003D116B9BCF1000F01D00022428481F803
:100C60001990C5850486A0F842A0A0F844B01A984F
:100C700081F835001F9881F83600199881F83700FF
:100C80001E9881F83800169881F83900159881F877
:100C90003A00149881F83B00139881F83C002DB07D
:100CA000BDE8F08F60000020600100200000C84215
:100CB000005299482DE9F05F524C607C002830D0FA
:100CC000E07D05282DD0504807F07FFA08214F48D5
:100CD00006F018FF012800D00020E17D0027DFF892
:100CE00030A14C4D05264FF001084FF002094FF49A
:100CF000FA7B062946D2DFE801F0031631466C8202
:100D0000A774A775FF20E074002210213F4806F069
:100D100006FF06F009FFA86106F006FF286284F8C6
:100D20001780BDE8F09F58B106F0FEFE296A401A10
:100D30005845F6D90420E07506F0F6FEA861F0E704
:100D400006F0F2FEA969401A40F6B831884201D98E
:100D500084F8179006F0E8FE2862E2E784F8128033
:100D6000464684F8139001221021284806F0D7FE49
:100D7000AAF800708AF8027026760326667506F0D7
:100D8000D3FEA86139E006F0CFFEE969401A584564
:100D900006D3617D20480AF0DEF806F0C5FEE86162
:100DA000607D0AEB000111F8031C59B1401C60750D
:100DB000207E401C207606F0B7FEA861607D0528E5
:100DC00000D9E67506F0B0FEA969401A41F28831F3
:100DD00011E0A07D032808D3A774A07DE074012250
:100DE00010210A4806F09BFEE67506F09DFEA969F3
:100DF000401A43F69821884293D9E67591E76774C3
:100E00008FE7000060000020B0160020000C0140B9
:100E100016000020E0010020EC1700202DE9F84F1B
:100E2000DFF8508298F81200012842D106F07CFECB
:100E3000064608F58070904F80884FF0010901B296
:100E400098F80B0008F180040025A0B3DFF82CB25D
:100E500004F16C0A01286AD002287DD0032828D129
:100E600098F80E00B8B1962003F070FD002204211E
:100E70005C46584606F053FE00220221204606F04A
:100E80004EFE32200AF02EF9002220217C4806F086
:100E900046FE88F80E5098F80C001AF80010052944
:100EA00003D3744AEF3202F8009088F80D5088F8A6
:100EB0000B50BDE8F88FFFE7DFF8B8A10020714BB9
:100EC000714A0AF1EF0A4FF4C87EBB46C8311F5C75
:100ED00047B31AF800702FBB00EB001C0BEB8C071C
:100EE0007145B7F933701DD91437282F1AD8C0EBC4
:100EF000C00707EB870717440097FF7F5FEA877CEF
:100F000010D47F070ED4009F97F82070FF0609D4F5
:100F100088F80C0088F80B90A66788F80D9088F880
:100F20000E50C6E7401CC0B20328D0D3C1E7A06F63
:100F300040F6B831301A8842BBD998F80C00032526
:100F4000C11CC9B200EB001007EB80000091B0F8A3
:100F50003500E18E081A00E03DE040F2DC518842A5
:100F600001DD022526E040F2DC51C84222DA0125EB
:100F700088F80E90962003F0E9FC002204215846E0
:100F800006F0CDFD00220221584606F0C8FD1420CF
:100F90000AF0A8F801222021394806F0C0FD0A20F5
:100FA0000AF0A0F8942003F0D1FC01220421584655
:100FB00006F0B5FD2A463548009909F0B7FF98F8C4
:100FC0000C101AF80120521C0AF801200220A66712
:100FD00088F80B006DE798F80E0018B398F80C002D
:100FE000E18E00EB001007EB8000B0F83500401AEE
:100FF000B0F57A7F16DA962003F0A8FC00220421CF
:10100000584606F08CFD00220221584606F087FD66
:1010100032200AF067F800222021194806F07FFDEF
:1010200088F80E5098F80C10164B01EB011207EBE4
:1010300082025F5CB2F933204046032387B10A3253
:10104000142A0AD8C1EBC1020F4F02EB82023A44C4
:10105000D27F970704D5520702D50AF80150C37210
:10106000A16F721A43F698218A42B3D988F80B30DF
:101070001FE7000060000020E2020020000801409D
:10108000000C014016000020CC030020EC170020CB
:1010900070B52B4C0021A4F144050846002204EB56
:1010A000C11300BF23F81200521C402AFADB25F8B6
:1010B0001100491C1029F1DB224C0021A4F180050C
:1010C00004F1800604F5907324F8110025F811004E
:1010D00026F8110023F8110003EB4102491C10848B
:1010E000A2F84000A2F860004029EDDB164A00217A
:1010F00022F81100491C1029FADB114A0021243A78
:1011000042F82100491C0929FADB10494FF6FF7209
:10111000C86308644864A1F58071C870087148719B
:1011200080315310A1F85A20A1F85C20A1F85E305C
:10113000A1F8602021F8360F4880C88070BD0000FB
:10114000800B00200014002000150020600100200A
:101150002DE9FE4300204D4E8DF8040000908DF8DF
:10116000080002464FF400652946304606F0D7FCD9
:1011700000222946304606F0D2FC0022294630469D
:1011800006F0CDFC41F228114148FFF752F94049E1
:101190004048086040484860404888604048C8600F
:1011A00040480861404848614EF6167138480FF0D3
:1011B00005FFE8BB002136480FF072FCC0BB0021E0
:1011C00033480FF067FC98BB31480EF0B5FC78BB94
:1011D0002F480EF051FB2E480FF084F9642006F0E2
:1011E000CFFA6A4601A92A480EF0EEFB00BB9DF833
:1011F0000400EF2820D19DF8000040281CD19DF864
:101200000100172818D122480EF08AFB002120483F
:101210000FF04EFC00211E480FF08CFD142006F04C
:10122000AFFA02A91A480EF031FC9DF8080000E060
:1012300002E010F07C0F05D0012004F0F9FF01203E
:10124000BDE8FE8300244FF47A784FF4803700BF66
:1012500004F500310E480FF099F918B940460FF027
:10126000DBFF20B1032004F0E3FF0320E8E704F5EF
:101270008054BC42ECD30D490120024681F87C0029
:101280002946304606F04BFC0020D9E70014014007
:1012900088190020CD0F0108C90F0108D10F0108DE
:1012A000E5B00008A1D90008B9D900086000002005
:1012B00070B50D4D00244FF40071284606F022FC55
:1012C00000B901244FF48061284606F01BFC08B9E0
:1012D00044F002044FF40061284606F013FC08B9FC
:1012E00044F00404204670BD00180140F8B54FF4E6
:1012F0008071354806F006FC60B10025FFF7D8FF85
:10130000324C04F5807120750003086025B14FF45C
:10131000165503E00125F1E74FF4E1352C4E7068D6
:10132000A8420FD0304608F0DCF83046756008F06F
:1013300063FA08B104F052FF244901220A3124481B
:1013400008F0E6FB2348416A4FF001028D004FF0A0
:1013500005034FF000011DD5257DEDB96174E375DE
:10136000A174C16941F08051C161C16901F080512E
:101370000091C16941F00061C161C06900F0006085
:1013800000901548006880B2C11E0F2900D90320C3
:10139000E0740BE0207D38B16174E375207D012895
:1013A0000ED0A174401CF3E76274E1750022102195
:1013B0000A4806F0B4FBBDE8F840642009F092BE8C
:1013C000A2740220E4E70000001801406000002041
:1013D000EC17002000100240046C0040000C01409B
:1013E0002DE9F05F4FF400517B4806F08BFBDFF8EE
:1013F000ECA1DFF8EC910AF58076DFF8E8B1A6F50C
:10140000C0744FF00108012817D09AF80300002794
:10141000F8B106F089FB306300280DD006F084FB9C
:101420007149096B401A40F6B831884204D999F8DD
:1014300000004E4600285ED0C9E001273A46B903B5
:10144000654806F06CFB002535639AF8030010B17F
:1014500030E0306BE0E799F80000012827D1FFF772
:1014600045FF03F06CFD00220421584606F057FBAF
:1014700000220221584606F052FB962003F066FA3D
:101480005A4989F8005081F80080FFF701FE84F87E
:101490000280FA2009F026FE01F038FD01F012FE6C
:1014A000AAF83C000BF094F9A57084F8088006F0C7
:1014B0003BFBF06299F80000617C084318D106F00C
:1014C00033FBF16A401A41F28831884210D9A57481
:1014D000A575E57400221021454806F020FB84F82C
:1014E0001180E57506F020FB42F210710844F062AD
:1014F0002577E5766BE0454684F81B8003F018FD00
:10150000002210213A4806F00AFB952003F01EFA4B
:1015100001220421584606F002FB0122022158460E
:1015200006F0FDFA94F87C0020B1207F10B900F09D
:101530002DF925774FF4807400222146584608F093
:1015400017FFDFF8949000226100484608F010FF72
:1015500000222146484608F00BFF00228021484621
:1015600008F006FF00224021484608F001FF610113
:10157000204C0022204608F0FBFE4FF48048002259
:101580004146204608F0F4FE00224FF40041204678
:1015900008F0EEFE0022A114204608F0E9FE1648ED
:1015A0000024224604700121114806F0B8FA0F48C1
:1015B00035700470C82009F095FD104806F005FE4E
:1015C00000224146484606F0AAFA074804638AF812
:1015D0000370BDE8F09F000000100140E000002013
:1015E0003200002000080140E0010020300000200F
:1015F000000C01400014014031000020B016002012
:101600000148C07870470000300000202DE9F04705
:10161000DFF8CC809AB098F87C0060B100252F46A6
:101620002E46A9462C462103282302AA2D480EF057
:10163000E3FDB0B903E001201AB0BDE8F087242132
:1016400002A80CF093F90B9981420AD10798A8429D
:1016500007D90546282202A90CA8FEF78EFE01270D
:101660002646641CE4B2102CDDD300244FF4003A6B
:101670000AEB0421282302AA1A480EF0BDFD80B906
:10168000242102A80CF072F90B99814209D1079824
:10169000A84206D90546282202A90CA8FEF76DFE2D
:1016A0000127641CA4B2FF2CE2D90F4C67B1761C51
:1016B00006F00F01256788F87A1009F58070E0665A
:1016C0000CA80EF007F8B7E70020206788F87A002A
:1016D00004F0EDFD6067052004F0AAFD0520ABE7EE
:1016E00060000020881900206001002070B52048AB
:1016F000807C01283BD106F017FA1E4C616B401A22
:10170000B0F57A7F33D306F00FFA6063194E0024E8
:10171000194D913E285DF0B1401E10F0FF00285594
:1017200019D1164904EB041001EB80004421FEF7A7
:101730005EFEC4EBC400124900EB80000844232184
:10174000FEF755FE0F4904EB840001EB4000002139
:10175000016041600181305D012805D1E01CC1B20A
:101760009522094809F094FB641C032CD2DB70BD60
:1017700060000020E001002016000020E2020020AE
:10178000CC030020AE030020EC170020F0B58BB096
:1017900028216846FEF74DFE454D95F87C00E8B3DC
:1017A00005F58074434F266F3946761C26676069BD
:1017B00010F050FA0DF0EAFF10F0CCF9ADF800008F
:1017C0003946A06910F046FA0DF0E0FF10F0C2F9BA
:1017D000ADF80200606A0190606B0290606F039048
:1017E00004F1800001788DF8101041788DF8111007
:1017F00081788DF81210C0788DF813000596606E10
:101800000690206E079002F063FE0890242168463F
:101810000CF0ACF8099095F87A0000E007E00603B8
:101820004FF47A7738460FF0F7FCB8B902E00120A0
:101830000BB0F0BD314620480EF0A8FE70B9384616
:101840000FF0EAFC50B928236A4631461A480FF0D7
:101850004FFC18B964200FF0DFFC20B1032004F026
:10186000E7FC0320E4E715F87A0F0122401C00F0A2
:101870000F0028700E48BDF8001080300F4D20F882
:10188000541FBDF802104180606AA065E06D401CE5
:10189000E065D4022146284606F041F9642005F0AF
:1018A0006FFF00222146284606F039F90020BFE7E5
:1018B000600000200000C842881900200014014088
:1018C0002DE9F0475848817C01297DD090F82E10F1
:1018D00090F83120DFF854A1114390F8792011439A
:1018E000C27E114390F83F20114320D190F83E1062
:1018F000E9B990F84010D1B990F84110B9B990F811
:101900004210A1B990F8431089B990F8471071B905
:1019100090F8461059B990F84A1041B990F849101A
:1019200029B990F8441011B990F8671051B12021ED
:101930005446504606F0E6F8012872D100222021D4
:1019400020466AE090F82C1001B30025814690F8FB
:101950002B00E8B100208046354801273C4600783E
:10196000002678B106F0E0F832490968401A42F2E0
:101970001071884206D23048407AC709C0F38014FB
:10198000C0F3800635B12FB1012504E00125DDE764
:101990000120E0E70025B8F1000F02D00CB10124CE
:1019A00000E0002499F8691099F86A0044EA4508B3
:1019B00041EA400000F0FF092021504606F0A2F85D
:1019C0000746C8450CD000E02BE00EB9012F0BD024
:1019D00055EA040014D0ADB1B4B1962002F0B6FFC0
:1019E000A6B19CB1012216E0962002F0AFFF322092
:1019F00009F078FB00222021504606F090F807E01D
:101A00009520EBE79420E9E79320E7E7012F08D141
:101A1000C84506D1002220215046BDE8F04706F017
:101A20007EB8BDE8F087000060000020000C014097
:101A3000100000201C000020D80200202DE9F04FEB
:101A4000DB4889B0807C01287CD1D94AD94B8032CF
:101A50000020B2F83680195C994669B1D449EF315B
:101A6000095C49B9D44900EB001401EB8401B1F8D9
:101A70003510414500D98846401CC0B20328EAD33E
:101A8000CEA0002500680090CCA0AB4600682C4694
:101A9000CB4E92460495019020E0FCB1391911F823
:101AA000011CC9B1011911F8011C012914D0C24847
:101AB00004EB041100EB810030F80F0CA8EB0007D9
:101AC0007CB1C04804EB840100EB410010F8011C1C
:101AD000C1F38000C9090EE035555BE0BAF8360065
:101AE000ECE72021B84806F00DF8012800D00020CE
:101AF000AF4991F86A10325DA2B106F015F8B3490A
:101B000051F82410401AB7F57A7F02DDB0498842B7
:101B100036D93555012001A90DF80400085504A84F
:101B2000055534E040F2DC5297420CDD0127375571
:101B300005F0FAFFA54941F8240004A80DF8045067
:101B4000075522E031E17CB10DF804109D4904EB0A
:101B5000840201EB420111F8011CC1F3801201A9BA
:101B60000A5504A9085512E0914991F86A208DF8A8
:101B7000002091F869108DF804108DF8100006E02F
:101B800004A90DF80450012008554FF0010B8C48B2
:101B90004F46B538641CE4B2032C7FF67EAF844C0C
:101BA00084F80FB094F83F0094F83E10084394F87E
:101BB0004010084394F84110084394F84210084339
:101BC0006AD194F84300002866D194F847000028B1
:101BD00062D194F8460000285ED194F84A000028AB
:101BE0005AD194F84900002856D194F844000028AE
:101BF00052D194F8670000284ED194F82E000028A6
:101C00004AD194F83100002846D194F87900002890
:101C100042D1E07E00283FD1607BE8BB94F82C00E5
:101C200008B18DF8005094F82B0008B18DF80450DD
:101C30009DF8100020B19DF8040008B1012600E0D5
:101C400000269AF80200DFF878B1D146ABF1240BF8
:101C500086423ED0DFF87C814FF09600FEB102F064
:101C600075FE00220421404605F059FF00220221A2
:101C7000404605F054FF142009F034FA01222021D7
:101C8000514805F04CFF0A2009F02CFA942002F08C
:101C90005DFE0122042100E041E0404611E002F037
:101CA00055FE00220421404605F039FF00220221A2
:101CB000404605F034FF322009F014FA00222021BA
:101CC000414805F02CFF89F8026005F02DFFCBF8A4
:101CD00028009DF804009DF8001040EA410014F827
:101CE000691FC0B2627841EA4201C9B2BEB98842F6
:101CF00015D005F019FFDBF828105C46401AB0F546
:101D0000FA6F0CD99DF8000000289DF8040032D02D
:101D100078B3962002F01AFE05F006FFA0620024B8
:101D2000385D38B3E01CC1B20595069507958DF86E
:101D300014104FF46140ADF815004FF42F40ADF88A
:101D400017000DEB040042789DF81D0062F3C710E8
:101D500001AA2244527862F3861004AA22445278DF
:101D600062F382008DF81D0002060BD5BAF816202A
:101D700009E005E015E008B19420CBE79520C9E71C
:101D80009320C7E70022ADF81920400602D5BAF823
:101D9000180000E00020ADF81B0005AA0E4809F06D
:101DA000A4F8641CE4B2032CBAD309B0BDE8F08FE8
:101DB0006000002016000020E20200200101010165
:101DC00004020020AE030020000C0140A0150020FA
:101DD00080A8120100080140EC17002070B5194CD2
:101DE000174960690FF0D8FD4FF07E55294610F075
:101DF0005FF8616B0FF02EFF1349E0620FF02AFFCE
:101E0000A062822002F0A2FD642009F06BF901F0CB
:101E100077FAE16A206A0FF009FD60664FF08046AC
:101E200033462A46094861690BF0F0FD33462A46DD
:101E3000A169BDE87040054810300BF0E7BD000017
:101E40000000C84260010020CDCC4C424C1900205B
:101E500008B501F045F800280AD060F30701000A30
:101E600060F30F2189B26B460122622004F08CF9E5
:101E700008BD00002DE9F04705F056FEDFF810829E
:101E8000D8F86810401A40F6B83188427AD301F089
:101E90007FFAA8F58074012794F82E0004F18009D8
:101EA000002548BB99F80B00C0F3001686B194F8E2
:101EB0002F0068B914F82D0F401C207005F034FE77
:101EC000C8F84C0014F82D090A2801D384F82E70A4
:101ED00094F82D0058B156B905F026FED8F84C10EC
:101EE000401A4EF66021884201D984F82D5084F8BA
:101EF0002F6094F82E0050B1B9F93C0010F1640F36
:101F000005DA84F82E5084F82D50FFF7A1FF6149BF
:101F1000D8F83C00884294F8791007DB39B984F886
:101F2000797005F001FEC8F850000EE069B15A4919
:101F30004646884209DC05F0F7FD316D411A47F24B
:101F40003050814201D384F879505448807B50B19D
:101F500094F83000401CC0B284F83000052804D347
:101F600084F8317001E084F83050494EB9F83600F9
:101F70004EF2204180364FF4FA7A884203D384F837
:101F80002C701CE05BE04DF2F022904214D9444AE0
:101F9000D8F8140090420FDBB9F93C0010F1C80FDB
:101FA0000DDAB06810B905F0BFFDB06005F0BCFDFA
:101FB000B168401A504503D384F82C5000E0B56056
:101FC000B9F836104AF6C002914202D884F82B7054
:101FD00015E04BF6600291420ED2B9F93C0064283C
:101FE0000DDD706810B905F09FFD706005F09CFD77
:101FF0007168401A504503D384F82B5000E0756097
:1020000094F82E0094F83110DFF89880084394F883
:102010007910084315D005F087FDF168401AB0F536
:102020007A7F05D9952002F091FC05F07DFDF060E6
:1020300001220221404605F072FD84F83270BDE8AD
:10204000F08794F83200012806D100220221404690
:1020500005F065FD84F8325094F8400094F8421081
:10206000084394F84110084394F84D10084394F83D
:102070004310084302D194F84C0008B1012200E05B
:1020800000224046BDE8F047402105F048BD000071
:10209000600100200000E6420000AA42350A00204C
:1020A0000000C0420008014010B509F0F7FD902083
:1020B00002F04CFC00287CD10222002149F2801061
:1020C00001F05AFA0222002149F2821001F054FA7A
:1020D0000222002149F2841001F04EFA022200216E
:1020E00049F2861001F048FA0222002149F28810D4
:1020F00001F042FA0222002149F28A1001F03CFA72
:102100000222002149F28C1001F036FA022200214D
:1021100049F28E1001F030FA0222002149F29010AB
:1021200001F02AFA0222002149F2921001F024FA69
:102130000222002149F2941001F01EFA022200212D
:1021400049F2961001F018FA0222002149F2981083
:1021500001F012FA0222002149F29A1001F00CFA61
:102160000222002149F29C1001F006FA022200210D
:1021700049F29E1001F000FA0222002149F2A0105B
:1021800001F0FAF90222002149F2A21001F0F4F95B
:102190000222002149F2A41001F0EEF902220021EE
:1021A00049F2A61001F0E8F90422FE4949F2A8100C
:1021B00000E0FDE301F0E0F90422FB4949F2AC1034
:1021C00001F0DAF90222002149F2B01001F0D4F94D
:1021D0000222002149F2B21001F0CEF90222402180
:1021E00049F2C61001F0C8F90222122149F2C810C2
:1021F00001F0C2F90122002149F2CA1001F0BCF934
:102200000122002149F2CB1001F0B6F90122002190
:1022100049F2CC1001F0B0F90122002149F2CD10B1
:1022200001F0AAF90122002149F2CE1001F0A4F92F
:102230000122002149F2CF1001F09EF90122002174
:1022400049F2D01001F098F90122002149F2D11091
:1022500001F092F90122002149F2D21001F08CF92B
:102260000122002149F2D31001F086F9022246F240
:102270002E3149F2E21001F07FF9022240F6D83106
:1022800049F2E41001F078F9022243F6FF7149F2B5
:10229000E61001F071F9022241F6EB0149F2E81073
:1022A00001F06AF902224CF25C3149F2EA1001F0C5
:1022B00063F9022246F2377149F2EC1001F05CF941
:1022C00002224AF2787149F2EE1001F055F9022229
:1022D00047F2A20149F2F01001F04EF902224FF448
:1022E000287149F2F21001F047F902224FF68D6190
:1022F00049F2F41001F040F902224FF4317149F231
:10230000F61001F039F902224FF2562149F2F81085
:1023100001F032F9022241F2BB3149F2FA1001F028
:102320002BF9022242F6B75149F2FE1001F024F9CE
:1023300002224BF697314FF4124001F01DF90222B0
:1023400046F29F4149F2022001F016F902224AF2B8
:10235000D73149F2042001F00FF9022247F6AF51BC
:1023600049F2062001F008F9022240F62A0149F25A
:10237000082001F001F902224FF2F97149F20A2016
:1023800001F0FAF8022240F68B3149F20C2001F0FC
:10239000F3F802224FF29D2149F20E2001F0ECF8F1
:1023A000022241F2211149F2102001F0E5F8022247
:1023B00044F25E3149F2142001F0DEF802220021DD
:1023C00049F2162001F0D8F80222002149F2182023
:1023D00001F0D2F80222002149F21A2001F0CCF8D3
:1023E0000222002149F21C2001F0C6F8022200213D
:1023F00049F21E2001F0C0F80222002149F22020FB
:1024000001F0BAF80222002149F2222001F0B4F8CA
:102410000222002149F2242001F0AEF8022200211C
:1024200049F2262001F0A8F80222002149F22820D2
:1024300001F0A2F80222002149F22A2001F09CF8C2
:102440000122092149F22D2001F096F84FF6FF7480
:102450000222214649F2D41001F08EF802222146D0
:1024600049F2D61001F088F8022242F6B04149F252
:10247000342001F081F80122002149F2362001F0D8
:102480007BF80122002149F2372001F075F8012282
:10249000002149F2382001F06FF80122122149F29F
:1024A000392001F069F80122002149F23A2001F0B7
:1024B00063F80122202149F23C2001F05DF801225D
:1024C000002149F23D2001F057F80122462149F24E
:1024D000FB2001F051F80122022149F2FA2001F01B
:1024E0004BF80122822149F2FC2001F045F801223B
:1024F000072149F2FD2001F03FF80122072149F2AE
:10250000FE2001F039F80122072149F2FF2001F0F5
:1025100033F8012207214FF4134001F02DF8012276
:10252000114649F2013001F027F80122114649F223
:10253000023001F021F80122062149F2033001F0B6
:102540001BF80222214649F2043001F015F801225D
:10255000502149F2073001F00FF8022240F20261E7
:1025600049F25F2001F008F80122FC2149F26120C4
:1025700001F002F80122F72149F2622000F0FCFF8D
:102580000122762149F2632000F0F6FF0122982112
:1025900049F2652000F0F0FF0122D52149F26620C2
:1025A00004E00000378995428423AA4B00F0E4FF41
:1025B0000122562149F2672000F0DEFF0122E421CA
:1025C00049F2692000F0D8FF0122E62149F26A2091
:1025D00000F0D2FF0122622149F26B2000F0CCFF13
:1025E00002224FF4FA6149F2732000F0C5FF022283
:1025F0004FF4784149F26D2000F0BEFF0122FC212A
:1026000049F26F2000F0B8FF0122F72149F2702053
:1026100000F0B2FF0122742149F2712000F0ACFFFA
:1026200001225F2149F2C42000F0A6FF01229F2170
:1026300049F2C52000F0A0FF0122002149F2C62086
:1026400000F09AFF0122002149F2C72000F094FF18
:1026500001225F2149F2C02000F08EFF012290216B
:1026600049F2C12000F088FF0122072149F2C2206F
:1026700000F082FF0122114649F2C32000F07CFFE6
:1026800001221D2149F2083000F076FF01220521C8
:1026900049F2093000F070FF022240F6BE2149F2F3
:1026A0000A3000F069FF022240F6543149F20C3042
:1026B00000F062FF0122FA2149F20E3000F05CFFC7
:1026C0000122142149F20F3000F056FF02220A21A4
:1026D00049F2103000F050FF0222052149F2123079
:1026E00000F04AFF0122052149F2143000F044FFB6
:1026F0000222002149F2153000F03EFF02220021A3
:1027000049F2173000F038FF0222002149F2193057
:1027100000F032FF0222002149F21B3000F02CFFB2
:102720000222002149F21D3000F026FF0222002182
:1027300049F21F3000F020FF0222002149F221302F
:1027400000F01AFF0222002149F2233000F014FFAA
:102750000222002149F2253000F00EFF0222002162
:1027600049F2273000F008FF0222002149F2293007
:1027700000F002FF0222002149F22B3000F0FCFEA3
:102780000222002149F22D3000F0F6FE0222002143
:1027900049F22F3000F0F0FE0222002149F23130E0
:1027A00000F0EAFE0222002149F2333000F0E4FE9C
:1027B0000222D02149F2433000F0DEFE0122032143
:1027C00049F2353000F0D8FE0122EC2149F23630D2
:1027D00000F0D2FE01223C2149F2373000F0CCFE5D
:1027E0000122462149F2383000F0C6FE01220321C1
:1027F00049F2393000F0C0FE01220C2149F23A3092
:1028000000F0BAFE40F648540222214649F23B301D
:1028100000F0B2FE01221E2149F23D3000F0ACFE74
:102820000122142149F23E3000F0A6FE0222214688
:1028300049F23F3000F0A0FE01221E2149F2413052
:1028400000F09AFE0122142149F2423000F094FE79
:102850000222002149F23F2000F08EFE02224FF4B6
:10286000875149F2412000F087FE0122052149F2FB
:10287000432000F081FE0122502149F2442000F063
:102880007BFE0122052149F2452000F075FE012260
:10289000002149F2522000F06FFE0122002149F28E
:1028A000532000F069FE0122002149F2542000F07B
:1028B00063FE0122052149F2552000F05DFE02224F
:1028C0000A2149F2482000F057FE0122052149F271
:1028D0004A2000F051FE0222C82149F24B2000F0AC
:1028E0004BFE01220A2149F24D2000F045FE022252
:1028F00041F2707149F24E2000F03EFE0222C821E2
:1029000049F2502000F038FE0222002149F2E01086
:1029100000F032FE0122362149F2752000F02CFE33
:1029200040F22D140222214649F2762000F024FEC6
:102930000122042149F27B2000F01EFE01224821E1
:1029400049F2782000F018FE0222214649F279204F
:1029500000F012FE0122052149F27C2000F00CFE5D
:102960000122032149F27D2000F006FE01220A2106
:1029700049F27E2000F000FE01220F2149F27F2063
:1029800000F0FAFD0122072149F2802000F0F4FD59
:1029900001227F2149F2812000F0EEFD02224FF654
:1029A000184149F2882000F0E7FD0222C82100E02A
:1029B0001CE249F2B02000F0DFFD0122072149F2BC
:1029C000822000F0D9FD01227F2149F2832000F00E
:1029D000D3FD0122082149F2842000F0CDFD01221F
:1029E0007F2149F2852000F0C7FD0122062149F22E
:1029F000862000F0C1FD01221F2149F2872000F04E
:102A0000BBFD0122052149F2942000F0B5FD022210
:102A10004FF6300149F28A2000F0AEFD012202217A
:102A200049F28C2000F0A8FD4FF47A74022221466E
:102A300049F28D2000F0A0FD01220A2149F28F20E9
:102A400000F09AFD01220A2149F2902000F094FD45
:102A500001223C2149F2912000F08EFD0222214604
:102A600049F2922000F088FD0122052149F29520CB
:102A700000F082FD01220A2149F2962000F07CFD3F
:102A800001220F2149F2972000F076FD0222214613
:102A900049F2982000F070FD0122412149F29A206C
:102AA00000F06AFD0122022149F29B2000F064FD42
:102AB0000122372149F29C2000F05EFD01224621CF
:102AC00049F29D2000F058FD0122022149F29E208A
:102AD00000F052FD01223C2149F29F2000F04CFD04
:102AE0000122732149F2A02000F046FD01220221BB
:102AF00049F2A12000F040FD0122552149F2A22017
:102B000000F03AFD01224B2149F2A32000F034FDF0
:102B10000122022149F2A42000F02EFD01224121D0
:102B200049F2A52000F028FD0122002149F2A6204B
:102B300000F022FD0122022149F2A72000F01CFD35
:102B40000122052149F2A82000F016FD0122EC2106
:102B500049F2A92000F010FD0122022149F2AA2029
:102B600000F00AFD0122F12149F2AB2000F004FD42
:102B70000122EC2149F2AC2000F0FEFC01220221EE
:102B800049F2AD2000F0F8FC0122F12149F2AE201B
:102B900000F0F2FC0122052149F2AF2000F0ECFC2C
:102BA00002223C2149F2B22000F0E6FC012205217C
:102BB00049F2B42000F0E0FC0122322149F2B520B4
:102BC00000F0DAFC0222012149F2B62000F0D4FC28
:102BD0000222FA2149F2BA2000F0CEFC02220021A2
:102BE00049F2BC2000F0C8FC0222114649F2BE2086
:102BF00000F0C2FC022240F6CA0149F2C82000F0EF
:102C0000BBFC0122022149F2CA2000F0B5FC0222DD
:102C100040F6F61149F2CB2000F0AEFC012205216E
:102C200049F2CD2000F0A8FC022240F6D86149F21A
:102C3000CE2000F0A1FC0122052149F2D02000F0B5
:102C40009BFC64100222214649F2D12000F094FC42
:102C50000122052149F2D32000F08EFC022244F229
:102C6000506149F2D42000F087FC0122052149F28D
:102C7000D62000F081FC02224BF2E01149F2D7206D
:102C800000F07AFC0122052149F2D92000F074FC01
:102C90000122502149F2DA2000F06EFC01220521C8
:102CA00049F2DB2000F068FC01227D2149F2DC20A2
:102CB00000F062FC0122052149F2DD2000F05CFCFD
:102CC000022240F6AC5149F2DE2000F055FC02220F
:102CD0000A2149F2E02000F04FFC0222214649F28D
:102CE000E22000F049FC0122052149F2E42000F035
:102CF00043FC0222642149F2E52000F03DFC02225F
:102D000040F6746149F2E72000F036FC02223221DD
:102D100049F2E92000F030FC0222C82149F2EB2000
:102D200000F02AFC0122052149F2ED2000F024FCEC
:102D30000222142149F2EE2000F01EFC012205219E
:102D400049F2F02000F018FC02224FF6EC7149F233
:102D5000F12000F011FC0122052149F2F32000F0DE
:102D60000BFC0222642149F2F42000F005FC012250
:102D7000052149F2F62000F0FFFB0122052149F26E
:102D8000F72000F0F9FB0122052149F2F82000F0BC
:102D9000F3FB0122052149F2F92000F0EDFB0122AD
:102DA000114649F2562000F0E7FB022241F21101E0
:102DB00049F2572000F0E0FB022242F2010149F201
:102DC000592000F0D9FB022244F64F4149F25B2022
:102DD00000F0D2FB022244F6476149F25D2000F088
:102DE000CBFBBDE81040922001F0B0BD10BD00004B
:102DF00008B500226B461146122003F0C5F90548BC
:102E00000178407801EB002002493239A1F86A00CC
:102E100008BD00001201002010B500221146A020BC
:102E200008F076F9002818D10C4A1079D2F805106C
:102E3000947840EA0121D078030A0006194340EA59
:102E4000044041EA14415478127840EA04201043C7
:102E5000034A41EA1461C2E91C0110BD1C0B0020A9
:102E6000E001002010B5962001F070FD002808D187
:102E700004F05AFE03498866A1F58071002081F8AC
:102E8000790010BD6001002008B500226B46114694
:102E9000662003F079F99DF8000008B1002008BD14
:102EA00003480178407801EB002080B208BD0000A3
:102EB0001201002008B500226B461146642003F081
:102EC00063F99DF8000008B1002008BD03480178AF
:102ED000407801EB002080B208BD00001201002004
:102EE00008B500226B461146622003F04DF99DF8AB
:102EF000000008B1002008BD03480178407801EBCC
:102F0000002080B208BD0000120100202DE9F84326
:102F100014274F4E00254F4CA946A6F14408F8B29D
:102F2000694600F009FB9DF8001021BB41F66411D1
:102F300088420AD9002001464B4606EBC51200BF65
:102F400022F81130491C4029FADBA17841B1002157
:102F500006EBC51222F81100491C4029FADB04E0F7
:102F6000E27806EBC51121F8120006EBC510FDF75B
:102F70006DFB28F815006D1CBF1C102DCFDB6946BA
:102F8000342000F0D9FA334D9DF80010803581B916
:102F9000A178314A31B1002122F81100491C4029A1
:102FA000FADB02E0E17822F811002B48FDF74EFB36
:102FB000E8866946362000F0BFFA9DF8001099B9FE
:102FC000254AA178803A39B15FF0000122F811005A
:102FD000491C4029FADB02E0E17822F811001E4882
:102FE0008038FDF733FB28876946382000F0A4FAC3
:102FF0009DF8001091B9184AA178803231B10021B2
:1030000022F81100491C4029FADB02E0E17822F89D
:10301000110011488030FDF719FB6887E0780F4EEA
:10302000401C00F03F00E0704C4600254746C6F8C3
:103030000C9000BF37F815000EF0C4FD21460EF0CD
:10304000F5FB6D1C0446102DF4DBF060BDE8F88341
:10305000800B002060000020001400206001002090
:1030600008B500226B461146122003F08DF89DF83A
:10307000000008B1002008BD06480649054A32395B
:103080000088A1F85800A1F84600C10BB23A82F8B6
:103090003D1008BD1201002008B500226B46114604
:1030A000104603F071F89DF8000008B1002008BD3B
:1030B00003480178407801EB002080B208BD000091
:1030C0001201002008B500226B4611463A2003F099
:1030D0005BF89DF8000008B1002008BD1348144BB0
:1030E000A0F1B201B0F90020887838B15FF000009B
:1030F00023F81020401C1028FADB02E0087923F89E
:10310000102008790A4A401C00F00F0008710020C6
:103110004FEA000132F91130491C18441029F9DB3B
:10312000C11700EB1170001100B208BD12010020A0
:103130000015002008B500226B4611467F2003F0E1
:1031400023F89DF80000002823D11249114A08787D
:103150004978323A00EB012191740E4900F00102E6
:10316000B23981F86A20C0F3400281F86B20C0F3C5
:10317000800201F8692FC0F3C002CA70C0F30012C8
:103180000A71C0F340124A71C0F380128A71C009FB
:10319000C87108BD1201002010B500221146572049
:1031A00007F0B6FF08B1002010BD0148008810BD2F
:1031B0001C0B0020F8B500226B4611460B2002F0D4
:1031C000E3FF4E4C9DF80000A4F1320620B92078B0
:1031D000617800EB0120B073484D2078B23D00F0DB
:1031E000010185F85110C0F3400185F85210C0F379
:1031F000800185F85310C0F3C00185F85410C0F366
:10320000001185F85510C0F3801185F85610C009DB
:1032100085F8570000226B4611460D2002F0B4FFDE
:103220009DF8000020B92078617800EB0120F07350
:103230002078002200F0010185F85810C0F3400109
:1032400085F85910C0F3800185F85A10C0F3C00109
:1032500085F85B10C0F3001185F85C10C00985F893
:103260005D006B4611460F2002F08EFF9DF80000B6
:1032700020B92078617800EB01203074207800229A
:1032800000F0010185F85E10C0F3400185F85F1081
:10329000C0F3800185F86010C0F3C00185F86110AB
:1032A000C0F3001185F86210C0F3401185F8631077
:1032B000C0F3801185F86410C00985F865006B467D
:1032C0001146112002F060FF9DF8000020B920781F
:1032D000617800EB01207074207800F0010085F81F
:1032E0006600B07BF17B0844317C0844717C401857
:1032F00000D0012085F86700F8BD00001201002011
:1033000070B520211F48FDF794F800221146762061
:1033100007F0FEFE002833D11A480178D0F80120CA
:1033200041EA0224184947F6FF72D4424C6527D07F
:10333000621C25D00279D0F8053042EA03228A6562
:10334000037AD0F8090043EA0020C86510460EF061
:1033500072F86FF01F020EF05CFE05460E46204626
:103360000EF052F82A4633460DF09EFF4FF0C04251
:10337000064B0EF073F80DF065FF034980390862C3
:1033800070BD00001C0B0020E001002066E6234019
:10339000F8B500226B461146022002F0F5FE544CAF
:1033A0009DF80000A4F1320620B92078617800EB86
:1033B0000120307200226B461146042002F0E4FE28
:1033C0009DF8000020B92078617800EB0120707230
:1033D00000226B461146062002F0D6FE9DF8000042
:1033E00020B92078617800EB0120B07200226B4692
:1033F0001146032002F0C8FE9DF8000020B9207895
:10340000617800EB0120F072394D2078B23DC0F3B5
:10341000800185F83E10C0F3C00185F83F10C0F36D
:10342000001185F84010C0F3401185F84210C0F338
:10343000801185F84110C00985F8430000226B46D1
:103440001146052002F0A0FE9DF8000020B920786A
:10345000617800EB012030732078002200F0010138
:1034600085F84A10C0F3400185F84910C0F3800187
:1034700085F84810C0F3001185F84710C0F34011DB
:1034800085F84610C0F3801185F84510C00985F80D
:1034900044006B461146072002F076FE9DF80000BE
:1034A00020B92078617800EB012070732078C0F398
:1034B000400185F85010C0F3800185F84F10C0F32B
:1034C000001185F84E10C0F3401185F84D10C0F37F
:1034D000801185F84C10C00985F84B00F07A317BDB
:1034E0000844717B401800D0012085F86800F8BDC1
:1034F0001201002008B500226B46114602F044FE7E
:103500009DF8000008B1084808BD084801784078D7
:1035100001EB00200EF056FB05490EF09BFBBDE8C9
:10352000084004490EF0CEBC0000C8411201002042
:10353000CDCCCC3D3393884370B50D460446022272
:103540000C4906F07DFC05B1287008B1002070BD63
:103550000848143C1E2C0178407801EB002001D86B
:1035600080B270BD00EB80004FF6FF7101EA4000B1
:1035700070BD0000120100200EB5002300938DF8ED
:103580000000000A8DF80100029301938DF80210EB
:10359000012A07D0C1F30720022A1AD0042A2CD00E
:1035A00001200EBD032269463E2006F0C5FE00281C
:1035B000F7D1022007F096FD0321684601F0B8F923
:1035C0008DF80800052031E0022007F08BFD002077
:1035D0000EBD8DF80300042269463E2006F0ACFEC5
:1035E0000028F5D1022007F07DFD0421684601F096
:1035F0009FF98DF80800062018E08DF80300080CEC
:103600008DF80400080E8DF80500062269463E205C
:1036100006F092FE0028DBD1022007F063FD0621B0
:10362000684601F085F98DF8080008208DF809003A
:10363000022202A9602006F07FFE0028C4D00EBD41
:103640002DE9F34FADF54F7DFF4ACF98DFF8FCA38E
:103650000068904201D1FE4F04E0504501D1FD4F7A
:1036600000E00027904201D1FB4D03E050457DD1A1
:10367000F94DAD1C002F79D0002DFCD0288808B959
:103680007E29F4D1288839542888401C288028882D
:103690000024B0F5007F36D20D29E8D12888102803
:1036A00064D938787E282ED10221781C0AF049FF8F
:1036B000C0B2CA900221F81C0AF043FF00F0FF08D4
:1036C0000221781D0AF03DFFC0B2C8900221F81D0A
:1036D0000AF037FF00F0FF09042107F109000AF0A2
:1036E00030FF83B2C3F30B06298806F11200814232
:1036F000D9D130460AF018FF984205D0D648801E2E
:103700000169491C0161F2E0B81904210D300AF089
:1037100018FF1FFA80FB06F10C01781C0BF061F812
:10372000584512D0B9F1440F03D0B9F1920F06D029
:10373000DDE0C948801E4169491C4161D7E0C648A7
:10374000801E8169491C8161D1E0C448007801284C
:103750004AD1DFF80CB39BF80000042844D1B8F13B
:10376000FF0F41D1C89846283ED100E0C0E0B9F132
:10377000410F39D1022E37D3022107F10D000AF093
:10378000E0FEB84F38703878B74E3070B748C1692E
:1037900041F08051C161C16901F080510091C1695E
:1037A00041F00061C161C06900F00060009004F068
:1037B00001FEAF493078086083A938780AF0CAF86A
:1037C000022083A90094CDE901103A78C89BCA99D8
:1037D000CF980BF0DFFE05218BF80010012210219D
:1037E000A44804F09CF982E0A3484FF0010B017853
:1037F000012943D1CF98026852453FD1A8F1030077
:1038000002283BD8C0B2032871D2934A0A21121D64
:10381000B9F1000F11546AD1642E0AD3974900EB15
:10382000001001EB8002314607F10D000BF097FA12
:103830001FE0A6F128013C290CD29049C0EBC00042
:1038400000EB8000EA314218314607F10D000BF021
:10385000CBF80EE0A6F11201162948D2874900EBF9
:103860008000CC3101EB4002314607F10D000BF036
:10387000A3FB7949891E81F801B038E07A480078C5
:10388000804509D0B8F1FF0F26D0B8F1020F06D05D
:10389000B8F1120F2BD102E0B8F1FF0F1CD0824615
:1038A00048464FF00008764B764A4FF42F49CDF842
:1038B000348363287ED027DC4FF04E0751287AD01E
:1038C0001ADC4FF010074FF0080642283DD044287C
:1038D00072D0472829D15CE349B9B9F1A00F06D1CC
:1038E000664A31464E3A07F10D000BF038FA2C804B
:1038F0000DF5517DBDE8F08F634E60287ED06128C4
:103900007DD0622811D1F3E36049942878D006DC99
:10391000642876D0922875D0932806D110E3952894
:10392000F7D096286FD09A286ED00420CDF83403B3
:10393000CD981FFA88F203A98DE807005246C89B6C
:10394000CA99CF980BF026FED1E7442183A8FCF753
:1039500070FD8DF80CA24E498DF80D72002083AADF
:1039600031F8103002EB4007401C7B801028F7DB59
:103970008DF82E62474E484F394630680EF06AF98E
:10398000DFF8188141460DF051FF0EF0C7F8ADF891
:103990002F02394670680EF05DF941460DF046FF82
:1039A0000EF0BCF8ADF831023946B0680EF052F9AD
:1039B000414602E0FEE31FE3B7E00DF037FF0EF0F3
:1039C000ADF8ADF833023946F0680EF043F94146E0
:1039D0000DF02CFF0EF0A2F8ADF835023048394654
:1039E00000680EF037F941460DF020FF0EF096F812
:1039F000ADF837022B483946006806E04DE38CE30A
:103A0000B1E234E31AE21BE3F4E30EF023F941469A
:103A10000DF00CFF0EF082F8ADF839023946B069AE
:103A20000EF018F941460DF001FF0EF077F8ADF8F1
:103A30003B021D48394600680EF00CF941460DF076
:103A4000F5FE0EF06BF831E0004C004000500040F5
:103A500035060020350800201200002071000020EB
:103A60007700002076000020730000200010024044
:103A7000046C0040000C014072000020E2020020B3
:103A8000F6000020F8000020780000207B000020D5
:103A90003C0B00205C0B00200000204100B02A45B8
:103AA000A0010020A40100209C010020ADF83D02EF
:103AB000FE480088ADF83F02FD480088ADF841029D
:103AC000FC49FD4800680DF067FFFC4909680E4697
:103AD0000EF0C0F80EF03EF8074630460EF03AF809
:103AE00001464FF6FF7004228DF84522ADF84302DF
:103AF000ADF84602F24883AA0088ADF84802380CB7
:103B00008DF84A02380A8DF84B028DF84C72080C79
:103B10008DF84D02080A8DF84E028DF84F124FF4C1
:103B2000007103A80BF074F886E1242190A8FCF73B
:103B300080FC00218DF840A28DF852628DF8417210
:103B4000DFF880834FF6FF700E468E468394849490
:103B500085940B46CDF8184238F81320824200D2E3
:103B600010468A4200D911461644B2F5616F06D359
:103B70000DF5107C9C4402278CF802700DE0B2F524
:103B80002F6F07D80DF5107C9C444FF0010E8CF878
:103B900002B002E090AF1F44BC7040F2B737A2F60B
:103BA0008C22BA4202D383AF07F803B05B1C102B00
:103BB000D2DB0A1AB2F57A7F22DDC6F30F128242F7
:103BC00001D9131A00E000239EB2914201D98A1A4A
:103BD00000E0002293B200225F469E4203D938F8EB
:103BE00012C0844505D0B34207D338F812C08C45C3
:103BF00003D10DF5037C0CF80270521C102AECDB8B
:103C0000B148B54FDFF8D482016888914168899145
:103C100081688A91C1688B91AC4988AE5B4609681E
:103C20008C91AB4909688D9180698E90A94890A9C3
:103C300000688F900020022256F820C0BC4504DDA9
:103C400001EB000C8CF8132008E0C44501EB000CDC
:103C500002DA8CF8133001E08CF81340401C08287D
:103C6000EADB9F490E790EB1022000E000208DF8BA
:103C70005B028F480088B0F5614F02D38DF85C225B
:103C800006E0484502D88DF85C3201E08DF85C42D0
:103C90004A790AB1022000E000208DF85D028B789D
:103CA0009DF85E0263F300006EF3410066F382004C
:103CB00062F30410CA7962F345108A79C97862F315
:103CC000861061F3C7108DF85E02864801789DF872
:103CD0005F0261F382008449097861F341008DF845
:103CE0005F022021814803F00DFF01289DF85F024B
:103CF0000FD020F0010000BF40F008008DF85F02F7
:103D00007B48007800289DF8600205D040F0010053
:103D100004E040F00100EFE720F001007549764A29
:103D20008DF8600209781278114302D040F0100635
:103D300001E020F0100660488DF860625D4900687F
:103D40000DF02AFE5D49096888460DF083FF0DF0ED
:103D500001FF074640460DF0FDFE874202D346F0C4
:103D6000080001E026F0080050498DF86002B1F922
:103D70000010322902DD40F0800001E020F08000D8
:103D80008DF8600211F1320F02DA40F0400001E0DC
:103D900020F0400020F020008DF860029DF80C1209
:103DA0009DF8610290AA61F300009DF80D1261F385
:103DB00041009DF80E1261F382009DF80F1261F32D
:103DC000C3009DF8101261F304109DF8111261F305
:103DD00045109DF8121261F386109DF8131261F3DD
:103DE000C7108DF861029DF814129DF8620261F30C
:103DF00000009DF8151261F341009DF8161261F361
:103E000082009DF8171261F3C3009DF8181261F348
:103E100004109DF8191261F345109DF81A1261F310
:103E200086109DF81B1261F3C7108DF862024FF4E3
:103E3000007103A80AF0E3FC804679E583948DF8CD
:103E40000CA24FF46140ADF80D0284948594ADF856
:103E50000F921888ADF811021088ADF813022021D6
:103E6000224803F04FFE01289DF815025FD020F094
:103E700004002249097861F3C3002149097861F3FC
:103E80000410204920F020008DF81502097861B156
:103E900020F040001C498DF815020978B1B320F0DC
:103EA000800000BF8DF8150231E043E01C010020C6
:103EB000160100200000C842740100209401002077
:103EC000840100203C0B00205C0B0020A00100209E
:103ED000A40100209C010020000070420000A040CE
:103EE000350A0020C9000020CA000020000C014053
:103EF00031000020C7000020910000207E0000203B
:103F0000640200208B0000208C00002015E042F2AB
:103F10001070009400BF0099491C00918142F9DBA8
:103F200083AA4FF4007103A80BF008F884E740F06F
:103F300004009EE740F04000ACE740F08000B1E7AD
:103F4000142183A8FCF775FA8DF80CA21022FE4903
:103F50000DF20D20FCF7CCF983AA4FF4007103A8F1
:103F60000BF004F968E7F94A314607F10D000BF050
:103F7000B0F803F0D9FDF6495246C86081F800B0A8
:103F8000029400940194C89BCA99CF980BF002FB4D
:103F9000CEE4182183A8FCF74CFA40F64260ADF855
:103FA0000C024FF42F60ADF80E0240F68C20ADF8F5
:103FB00010024FF41670ADF812024FF46140ADF8E4
:103FC0001802ADF81C9240F28A20ADF81E026FF084
:103FD000C70042F6E061ADF82002ADF81442ADF83A
:103FE0001612ADF82212ADF81A9283AA4FF400719E
:103FF00003A80BF086FA1FE7202183A8FCF719FA23
:1040000020220A2183A8FCF7EAF9D2A02022006826
:1040100083904FF40050ADF8160286A88DF8107208
:1040200014210646FCF7DBF90922CCA13046FCF747
:10403000A4F983AA4FF4007103A80AF053FFFBE62A
:1040400000948DF800A002208DF801000320019457
:104050008DF802408DF804008DF803008DF80540BE
:104060006A464FF4007103A80BF09EF8E4E681F86D
:1040700000B0952000F06AFCBB4E012204213046BE
:1040800003F04DFD01220221304603F048FD0022DD
:104090002021B64803F043FD4AE44FF48A7183A817
:1040A000FCF7C7F920220A2183A8FCF798F9A9A0F8
:1040B0002022006883908DF8107214210DF21620D2
:1040C000FCF78DF9A5A00168CDF816124068CDF86F
:1040D0001A0248208DF81E024FF40050ADF82A0253
:1040E000307800B901208DF82C02002683AF09E05A
:1040F00081E000BF07EB0610102293492130FCF746
:10410000F7F8761C9DF82C02B042F3DC83AA4FF43A
:10411000007103A80BF06AF98EE6342183A8FCF73E
:1041200088F993489C4A40F6AB210088ADF80C0210
:1041300090480088ADF80E028F4800788DF8100284
:104140008E480088ADF81102ADF813028C48007853
:104150008DF815028DF816028A480088ADF817020E
:104160008948007840F48070ADF8190287480088CB
:10417000ADF81B028648007840F48070ADF81D024F
:1041800084481288008802EB820200EB800001EB79
:10419000400001EB4201814AADF81F02ADF8210257
:1041A000ADF82512127842F480737D4AADF82332BF
:1041B000127800E0AFE042F48072ADF82722ADF84B
:1041C0003122ADF83912ADF82902ADF82F12ADF851
:1041D0003502ADF82B02ADF83302ADF83B22ADF855
:1041E0002D32ADF8373283AA4FF4007103A80BF0DB
:1041F00071F821E605E16B480094007828B19DF83C
:10420000020040F020008DF802006748007828B1D5
:104210009DF8020040F010008DF80200634800781D
:1042200028B19DF8030040F040008DF8030060487D
:10423000007828B19DF8030040F020008DF80300BD
:104240005C48007828B19DF8020040F008008DF825
:1042500002005948007828B19DF8020040F004009F
:104260008DF802005548007828B19DF8020040F012
:1042700002008DF802005248007828B19DF8000035
:1042800040F020008DF800004E48007828B19DF8DD
:10429000000040F010008DF800004B48007828B175
:1042A0009DF8000040F008008DF8000047480078B5
:1042B00028B19DF8000040F004008DF8000044484B
:1042C000007828B19DF8010040F040008DF8010011
:1042D0004048007828B19DF8010040F020008DF89A
:1042E00001003D48007828B19DF8030040F0080027
:1042F0008DF803003078022806D229B19DF801001C
:1043000040F010008DF801006A464FF4007103A8D8
:104310000AF06EFF90E500944FF46140ADF80000A4
:1043200001940294ADF802901888ADF8040010884A
:10433000ADF80600294801789DF8080061F3C71020
:10434000274909784EE0000028210108D802002002
:104350001000002050594C4F4E00000050594C4F57
:104360004E5445434800000000080140000C014045
:104370001601002064010020080100200C0100202B
:104380000A010020220100209500002024010020C5
:10439000970000200E01002010010020990000204D
:1043A0009B0000207F000020800000208100002072
:1043B000820000208300002084000020A400002050
:1043C0008500002086000020890000208A0000204F
:1043D0008700002088000020C7000020CA000020BD
:1043E000C900002061F3861011496A46097861F31B
:1043F00004108DF808004FF4007103A80BF050F87A
:104400001AE50294009401945246C89BCA99CF9829
:104410000BF0C0F8022E07D3022107F10D000AF0BD
:1044200090F8C0B206F0DCFF4FF0FF3004E500006A
:104430007E000020FEE7000070B5164C6078002872
:104440001AD003F071FB0546206A854214D36078C8
:1044500040F2EE26012804D002280ED003280BD10A
:10446000FA26A1790C4859B10022012103F057FB2B
:104470000020A071A819206270BD40F2D666F0E756
:104480000122114603F04BFB0120A071FA35256291
:1044900070BD000030000020000C014070B50346E4
:1044A000002040F207140EE01D78802206064FEA35
:1044B000400000D56040C0B2154201D06040C0B29B
:1044C0005208F3D15B1C491EC9B2EDD270BD000089
:1044D000084910B5091D07480A68091D00680968E0
:1044E000054C064B50406140484058404FEAF06050
:1044F00010BD0000E8F7FF1F014C9A00474E4F4CDB
:1045000070B50E4D0E4629460DF046FA0446294672
:1045100030460DF041FA0146094D20460DF09AFB58
:1045200029460DF097FB0749886407490DF092FB77
:10453000BDE8704005490DF02FBA00000000C842E8
:1045400000009D4360010020CDCC4C4200007A4425
:104550007CB5FEF785FD2A4CC0F300360021EEB392
:104560002078052804D2401CC0B22070052844D30E
:104570006078A0BB002201916B4611460B2001F030
:1045800003FE1F4D9DF80000323510B928788DF8D4
:10459000040000226B4611460D2001F0F5FD9DF848
:1045A000000010B928788DF8050000226B461146EE
:1045B0000F2001F0E9FD9DF8000010B928788DF872
:1045C000060000226B461146112001F0DDFD9DF82A
:1045D000000010B928788DF8070001E00CE00CE02D
:1045E0000422084901A8FBF757FE30B1054801999C
:1045F0000160FDF7CBF800E0217066707CBD000023
:10460000E0000020E001002010B501F050FE11494B
:10461000114BA1F580744A699A4208DB4A6F8242C5
:1046200002D04867FDF7B2F80020A0770DE0496F8F
:10463000401A1E2802D30120A07701E0A07F20B1FC
:1046400094F87F0008B9FDF7A1F8A07F84F87F00F7
:1046500010BD0000600100200000C2422DE9F05FA3
:1046600003F062FA06468021914803F04BFA50B1FC
:104670000020904C0025DFF840822179DFF83CA231
:10468000012711B145E00120F3E7E8B3A06AE0B3E8
:10469000301A41F2883188424DD3207A00284AD11D
:1046A0004FF4807B277204225946404605F060FE95
:1046B0000422D101D146504605F05AFE0422594643
:1046C000484605F055FE04228021484605F050FE7C
:1046D00004224021484605F04BFEDFF8E491042215
:1046E000D102484605F044FE04221103484605F075
:1046F0003FFE04225103484605F03AFE042291028F
:10470000484605F035FE01E017E012E02771E66249
:10471000E770E770E06A2179301ADFF8A8B1DFF8B6
:10472000A89108297ED2DFE801F0C00A1B37414C6E
:10473000545FA6622572BDE8F09FA562FAE70122E8
:1047400004214546404603F0EAF9012202212846A9
:1047500003F0E5F9952000F0F9F80220E66241E067
:104760003228E8D3FCF794FC5848ABF800505A497B
:1047700005805748058057480580584801605848CB
:1047800089F80070057057480570574805705748FC
:1047900005700320E66225E03228CCD30122D10344
:1047A000504603F0BCF90420E6621BE0C828C2D3DF
:1047B00000224FF40041504603F0B1F90520E662B3
:1047C00010E06428B7D3122000F0C0F80620E6629B
:1047D00008E06428AFD3FDF767FC9A2000F0B6F834
:1047E0000720E6622071A6E7B0F5FA7FA3D3DFF8D1
:1047F00000A189F8007042F21072BAF800104E461B
:10480000914249D93B48007808B1FDF7E7FAFEF735
:104810007DFBFEF757FCDFF8E090A9F8000007F0F9
:10482000D7FF00E041E03548BAF80010ABF80010BF
:1048300001882648018032480188254801802548A2
:10484000B9F8001001802F48016824480160FDF785
:10485000FFFA2D4805702D4805702D4805702D482C
:1048600005702D4805702D4805702D4805702D48A0
:1048700005702D480570FCF739FD2C4800220421F5
:10488000077035704646404603F049F90022022180
:10489000304603F044F905E040F6B8318842A2D929
:1048A00089F800502571E57045E7257143E7000060
:1048B00000180140300000200008014000100140B5
:1048C00000140140780200206200002080020020D5
:1048D000820200207A0200200000C8427C020020F0
:1048E00063000020640000206600002067000020B4
:1048F00016010020DC0000201C010020180100200F
:104900001A010020740100208E0000208D0000207C
:104910008F00002091000020900000208C000020DB
:104920008B000020D90000209200002068000020A9
:1049300010B500231A4604E0845C521C2344DBB209
:10494000D2B28A42F8D3D843C0B210BD38B50021E4
:1049500000918DF80000000A8DF8010002226946DE
:104960003E2005F0E9FC0446022006F0BBFB204691
:1049700038BD10B5002303E0C45CCC545B1CDBB233
:104980009342F9D310BD70B504460D46002040F2A5
:104990005631A06021601346E0600822194628467F
:1049A00009F0EEFD206170BD70B504460D46002093
:1049B0004FF45771A06021601346E0600822194649
:1049C000284609F0D1FE206170BD70B504460D4641
:1049D000002040F25931A06021601346E0600822B7
:1049E0001946284609F0E5FD206170BD70B5044602
:1049F0000D46002040F25131A06021601346E06076
:104A000008221946284609F03CFE206170BD0000CE
:104A10001CB50B46094904460822D1E90001CDE93D
:104A20000001002040F25E31A0602160E060694634
:104A3000184609F044FE20611CBD00002021010839
:104A400070B504460D46002040F25531A06021604B
:104A50001346E06008221946284609F0AEFE2061A0
:104A600070BD0A21B0FBF1F201FB1202B0FBF1F0C4
:104A700042EA0010C0B27047014802F0E7BC0000F3
:104A8000B02A002030B590F840500124AC40C56BEE
:104A90006C60046863604368102B036803D09960FE
:104AA0000068C26030BD9A600068C16030BD1CB54E
:104AB0000C468DF80000000A8DF8010002226946BC
:104AC0003E2005F039FC002810D1022006F00AFB38
:104AD00000208DF80400012201A9402005F0B0F962
:104AE000002803D19DF80400207000201CBD0000A8
:104AF0001FB510208DF80C000121642203A88DE859
:104B000007000B460722D021014803F01FFA1FBD02
:104B10005C1600202DE9F0410446002086B00546D1
:104B2000039003AE64274FF007080490CDE90068B6
:104B300001230022D0211B48029703F0D9F858B175
:104B400005F074F8052006F0CDFA6D1CEDB2032DCA
:104B5000ECD306B0BDE8F0819DF80C0000F07F00BA
:104B6000FBF77EFD20709DF80D00FBF779FD60706E
:104B70009DF80E00FBF774FDA0709DF80F00FBF789
:104B80006FFDE0709DF81000FBF76AFD20719DF845
:104B90001100FBF765FD60719DF81200FBF760FDE9
:104BA000A071D6E75C16002000B585B00346002052
:104BB000039004901878FFF754FF00F07F008DF801
:104BC0000C005878FFF74DFF8DF80D009878FFF72F
:104BD00048FF8DF80E00D878FFF743FF8DF80F00DF
:104BE0001879FFF73EFF8DF810005879FFF739FF6D
:104BF0008DF811009879FFF734FF8DF812006422C8
:104C0000072103A88DE8070001230022D0210248D4
:104C100003F09CF905B000BD5C16002010B5B0F59E
:104C2000000F01DA0B2110E00B49884200DB084637
:104C30000DF03EF909490CF0AFFE0CF08BFFC0B24D
:104C40000B2800D90B20801DC1B2BDE810404FF4E5
:104C5000B85001F077BA00000000C842295C8541D5
:104C60002DE9F041002001F079FB8046002001F0A1
:104C70008FFB444E444C4FF4000770B10CF0A2FF80
:104C8000054640460CF09EFF21460CF0E3FF294606
:104C90000CF082FE0146B84201DA0B2110E02046FA
:104CA000814200DB21460DF00DF931460CF074FE17
:104CB0000CF050FFC0B20B2800D90B20801DC1B2F0
:104CC0004FF4884001F03EFA012001F047FB804696
:104CD000012001F05DFB70B10CF074FF0546404609
:104CE0000CF070FF21460CF0B5FF29460CF054FE85
:104CF0000146B84201DA0B2110E02046814200DB78
:104D000021460DF0DFF831460CF046FE0CF022FF94
:104D1000C0B20B2800D90B20801DC1B243F207009E
:104D200001F010FA022001F019FB8046022001F088
:104D30002FFB70B10CF046FF054640460CF042FFD9
:104D400021460CF087FF29460CF026FE0146B842AA
:104D500001DA0B2110E02046814200DB21460DF0F4
:104D6000B1F831460CF018FE0CF0F4FEC0B20B287E
:104D700000D90B20801DC1B2BDE8F04143F2120002
:104D800001F0E0B9295C85410000C842104810B527
:104D9000007810F0FF0019D0642800D364200CF0D4
:104DA00011FF0C490DF084F80B490CF0F5FD0CF0E7
:104DB000D1FEC0B20B2800D90B20801D5FFA80F114
:104DC000BDE810404FF4505001F0BCB90B21F7E79B
:104DD000080100200000C842295C854170B50546E5
:104DE0000C46012000234FF6FF7105E000EB800028
:104DF0005B1C01EA4000DBB29342F7D30CF0E2FE09
:104E000021460CF027FF0AF0C1FC0CF087FE01B22E
:104E10002846BDE8704000F001B800001CB55A22D9
:104E20008DF80020A5228DF8012005228DF80220A2
:104E300082228DF80320020A8DF804208DF80500E7
:104E4000080A8DF806008DF807100A230822694623
:104E5000014804F099FE1CBDC418002000218220E6
:104E600000F008B8642800D964200146822000F0D0
:104E700001B800001CB55A228DF80020A5228DF83B
:104E8000012004228DF8022082228DF80320020ADC
:104E90008DF804208DF805008DF806100A230722EE
:104EA0006946024804F070FE1CBD0000C4180020D2
:104EB00070B51D48007801280CD00021084600F08C
:104EC00053FD0021012000F04FFD0021084600F0B5
:104ED00065FD18E0154C207803281ED000252946D2
:104EE000002000F041FD2946012000F03DFD94F82E
:104EF0004400042813D00021002000F04FFD94F856
:104F0000880005280DD00021002000F061FDBDE8DB
:104F100070400021084600F075BD0125DFE7012142
:104F2000EAE70121F0E7000072000020E202002021
:104F300010B500F005FEBDE81040FFF78FBF10B5BB
:104F400000F005FE062140F2FE2000F0C3FDBDE8A2
:104F500010406420FFF786BF70B588B0050012D0FE
:104F600020220A496846FBF708FA00244FEA0D069A
:104F700055F8241036F81400032201F0C3F8641C1D
:104F8000E4B2102CF4D308B070BD0000A0200108DA
:104F900008494FF49053884206D20749884203DA01
:104FA00000211846FFF73ABF014601221846FFF7D5
:104FB00015BF0000CDCC4CBECDCC4C3E10B50CF096
:104FC000C9FD81B2BDE810404FF4A85001F0BAB855
:104FD00010B5304C2078C10740F2051001D01221E5
:104FE00000E0132101F0AEF8207881074FF48370C0
:104FF00001D5122100E0132101F0A4F82078410727
:1050000040F2071001D5122100E0132101F09AF8B7
:10501000207801074FF4847001D5122100E013219C
:1050200001F090F82078C10640F2091001D5122154
:1050300000E0132101F086F8207881064FF4887093
:1050400001D5122100E0132101F07CF820784106FF
:1050500040F2111001D5122100E0132101F072F885
:10506000207801064FF4897001D5122100E0132148
:1050700001F068F82021084802F044FD014640F2A2
:105080001310012904D01321BDE8104001F05AB8D3
:105090001221F9E7F2000020000C01404FF4805388
:1050A00001460122184601F02DB810B50AF06EFB3A
:1050B0000CF050FD81B2BDE810404FF4985001F063
:1050C00041B8014601224FF4C06001F01BB810B591
:1050D0000AF05CFB0CF03EFD81B2BDE8104041F2ED
:1050E000100001F02FB810B50AF050FB0CF032FDA3
:1050F00081B2BDE810404FF4C05001F023B8000069
:10510000F0B599B020222A496846FBF736F9294DB7
:10511000294E00246F4600BF05EB440040880CF088
:1051200051FD31460CF038FC014637F814000322DB
:1051300000F0E8FF641CE4B2102CEDD31C492022DF
:10514000203108A8FBF719F9002408AF05EB44004B
:10515000B0F846000CF036FD31460CF01DFC01465F
:1051600037F81400032200F0CDFF641CE4B2102CC9
:10517000ECD30F492022403110A8FBF7FEF80024A1
:105180000DF1400705EB4400B0F88A000CF01AFD61
:1051900031460CF001FC014637F81400032200F000
:1051A000B1FF641CE4B2102CECD319B0F0BD0000C8
:1051B000C0200108E202002000007A442DE9F041FD
:1051C000164EB6F933000CF0E5FC154F39460CF0DD
:1051D000E3FB0546B6F977000CF0DCFC39460CF031
:1051E000DBFB0446B6F9BB000CF0D4FC39460CF0EE
:1051F000D3FB0646012229464FF48A40FFF7EEFD15
:105200000122214643F20300FFF7E8FD3146BDE8E5
:10521000F041012243F21100FFF7E0BDE20200205D
:105220000000C84210B50A4C4FF48C40A18F00F02A
:1052300089FFB4F8801043F2050000F083FFB4F852
:10524000C410BDE8104043F2140000F07BBF000022
:10525000E20200202DE9F041164EB6F835000CF0C0
:10526000B1FC154F39460CF097FB0546B6F87900AE
:105270000CF0A8FC39460CF08FFB0446B6F8BD00D4
:105280000CF0A0FC39460CF087FB064601222946AB
:10529000900300F037FF0122214643F2010000F0A5
:1052A00031FF3146BDE8F041012243F2080000F031
:1052B00029BF0000E202002000007A4410B500205F
:1052C00001F04CF80CF07EFC184C21460CF064FB0D
:1052D0000AF05CFA0CF03EFC81B24FF4824000F020
:1052E00031FF012001F03AF80CF06CFC21460CF083
:1052F00053FB0AF04BFA0CF02DFC81B243F2040090
:1053000000F020FF022001F029F80CF05BFC2146A0
:105310000CF042FB0AF03AFA0CF01CFC81B2BDE83A
:10532000104043F2130000F00DBF000000007A446B
:1053300070B5002001F012F80CF044FC1D4C214621
:105340000CF02AFB1C4D29460CF084FC21460CF085
:1053500023FB0146012244F2300000F0D3FE01207D
:1053600000F0FCFF0CF02EFC21460CF015FB29464A
:105370000CF070FC21460CF00FFB0146012241F2BB
:10538000030000F0BFFE022000F0E8FF0CF01AFC62
:1053900021460CF001FB29460CF05CFC21460CF088
:1053A000FBFABDE870400146012241F2060000F020
:1053B000A9BE000000007A44CDCC4C4270B5002359
:1053C000184600F0E5FF0446002000F0C7FF304E0D
:1053D00005466CB120460CF0F5FB044628460CF05F
:1053E000F1FB31460CF036FC21460CF0D5FA0346B1
:1053F00018460AF0CBF90CF0ADFB81B24FF48640B1
:1054000000F0A0FE0023012000F0C2FF04460120AE
:1054100000F0A4FF05466CB120460CF0D3FB044617
:1054200028460CF0CFFB31460CF014FC21460CF062
:10543000B3FA034618460AF0A9F90CF08BFB81B2C7
:1054400043F2020000F07EFE0023022000F0A0FFE5
:105450000446022000F082FF05466CB120460CF0A5
:10546000B1FB044628460CF0ADFB31460CF0F2FBD4
:1054700021460CF091FA034618460AF087F90CF021
:1054800069FBBDE8704081B243F2150000F05ABEDE
:105490000000C84270B5002000F07AFF0CF092FBCB
:1054A0001D4C21460CF0D6FB1C4D29460CF074FA1D
:1054B0000AF06CF90CF04EFB81B24FF4844000F01E
:1054C00041FE012000F064FF0CF07CFB21460CF053
:1054D000C1FB29460CF060FA0AF058F90CF03AFBCF
:1054E00081B243F2060000F02DFE022000F050FFD2
:1054F0000CF068FB21460CF0ADFB29460CF04CFA91
:105500000AF044F90CF026FBBDE8704081B243F28A
:10551000090000F017BE00000000C8420052994880
:1055200070B51F4CB4F923000CF034FB1D4D294617
:105530000CF032FA1C4E31460CF0C4FC0AF026F98D
:105540000CF008FB81B244F2100000F0FBFDB4F94E
:1055500067000CF01FFB29460CF01EFA31460CF0D8
:10556000B1FC0AF013F90CF0F5FA81B241F2010036
:1055700000F0E8FDB4F9AB000CF00CFB29460CF090
:105580000BFA31460CF09EFC0AF000F90CF0E2FA3E
:10559000BDE8704081B241F2040000F0D3BD0000CC
:1055A000E202002000002041CD8C8843024801889F
:1055B0004FF4585000F0C6BD0C010020074810B54C
:1055C00000880CF0FFFA0AF0E1F80CF0C3FA81B29F
:1055D000BDE810404FF44C5000F0B4BD080100206D
:1055E000074810B500880CF0EDFA0AF0CFF80CF07F
:1055F000B1FA81B2BDE810404FF4485000F0A2BDAE
:105600000A0100202DE9F0411348124F3946006885
:105610000CF020FB114E05460024305D40B1E0B295
:1056200000F09CFE0CF0CEFA29460CF0FFF805467F
:10563000641C032CF1DB394628460CF0ADF90AF066
:10564000A5F80CF087FABDE8F04181B24FF4445060
:1056500000F078BD00007A44A80100201600002068
:105660002DE9F0411248134E134F05680024305DB8
:1056700058B1E0B200F072FE0CF0A4FA39460CF01A
:105680008BF929460CF0D2F80546641C032CEEDB9E
:105690000A4928460CF0DEFA39460CF07DF9BDE8DF
:1056A000F0410146012243F2300000F02BBD000022
:1056B000A80100201600002000007A44CDCC4C4206
:1056C000064810B500680AF061F80CF027FA01B23C
:1056D000BDE8104043F21000FFF7A0BB5C0B0020B8
:1056E000074810B500680CF055FA06490CF054F95B
:1056F0000146BDE8104001224FF45450FFF76EBB45
:10570000640100200000C842074810B500880CF072
:1057100059FA06490CF040F90146BDE81040012253
:105720004FF4405000F0EEBCFE00002000007A4430
:1057300010B54FF488540AF029F80CF0EFF901B2D3
:105740002046BDE81040FFF769BB41F20113014656
:1057500001221846FFF742BB41F202130146012223
:105760001846FFF73BBB41F20313014601221846DE
:10577000FFF734BB41F20413014601221846FFF73C
:105780002DBB41F20713014601221846FFF726BB45
:1057900041F20813014601221846FFF71FBB41F2F0
:1057A0000513014601221846FFF718BB41F2061304
:1057B000014601221846FFF711BB10B50446817857
:1057C000002000F0BFFC61784FF4807000F0BAFC5C
:1057D00021794FF4007000F0B5FC61794FF440700E
:1057E00000F0B0FCA179BDE810404FF4806001F5F5
:1057F000FA6100F0A7BC000010B5B0F5000F0DDB9A
:105800000A49884200DB08460CF052FB08490CF0BC
:10581000C3F80CF09FF9C1B2052900D90521BDE8F4
:1058200010404FF4A06000F08DBC00000000C842A2
:10583000295C85412DE9F041002000F0A9FD0346D7
:10584000002000F08BFD464D464C07460BB3184632
:105850000CF0B8F9064638460CF0B4F921460CF0C5
:10586000F9F931460CF098F80CF074F910F0FF00DB
:105870000FD0642800D364200CF0A4F921460CF06A
:1058800017FB29460CF088F80CF064F9C1B2052921
:1058900000D9052144F2200000F054FC012000F062
:1058A00077FD0346012000F059FD07460BB318466B
:1058B0000CF088F9064638460CF084F921460CF0C5
:1058C000C9F931460CF068F80CF044F910F0FF000B
:1058D0000FD0642800D364200CF074F921460CF03A
:1058E000E7FA29460CF058F80CF034F9C1B2052952
:1058F00000D9052141F2020000F024FC022000F052
:1059000047FD0346022000F029FD07460BB3184669
:105910000CF058F9064638460CF054F921460CF0C4
:1059200099F931460CF038F80CF014F910F0FF003A
:105930000FD0642800D364200CF044F921460CF009
:10594000B7FA29460CF028F80CF004F9C1B2052981
:1059500000D90521BDE8F04141F2050000F0F2BB9D
:10596000295C85410000C8427FB507A43CCC8DE886
:105970003C008DF80A008DF80D100A230E226946AE
:10598000054804F001F97FBD5AA50B8200B05AA565
:105990000001000500000000C41800207FB507A426
:1059A0003CCC8DE83C008DF80A008DF80D100A23E0
:1059B0000E226946054804F0E7F87FBD5AA50B8220
:1059C00000B05AA5000E000500000000C418002019
:1059D0007FB507A43CCC8DE83C008DF80A008DF81B
:1059E0000D100A230E226946054804F0CDF87FBD4C
:1059F0005AA50B8200B05AA5001500050000000052
:105A0000C41800207FB507A43CCC8DE83C008DF87D
:105A10000A008DF80D100A230E226946054804F08D
:105A2000B3F87FBD5AA50B8200B05AA50018000537
:105A300000000000C41800200E4810B5007810F0D7
:105A4000FF000FD0642800D364200CF0BBF80A4993
:105A50000CF02EFA09490BF09FFF0CF07BF8C1B255
:105A6000052900D90521BDE8104043F2200000F0CF
:105A700069BB0000080100200000C842295C854184
:105A800070B51148017841F61200441C012915D166
:105A90000E4A00230E4D127819466E5C2EB9491C31
:105AA0000329FADB022A00D243B1162100F04AFB97
:105AB00017212046BDE8704000F044BB142100F0DF
:105AC00041FB1421F5E7000072000020780000205F
:105AD000160000200A460146042000F001B800002C
:105AE0007FB55A238DF80030A5248DF801400B2591
:105AF0008DF8025082258DF8035000258DF8045052
:105B0000D4258DF805508DF80630030A8DF808303D
:105B10008DF80900080A8DF80A00100A8DF80C00AB
:105B20008DF80B108DF80D208DF807400A230E22FA
:105B30006946024804F028F87FBD0000C418002020
:105B400045F65A2245F2AA51FC2000F0B5BA0022CF
:105B50001146FC2000F0B0BA10B5454C207808B1D1
:105B60000E2100E00F2141F6011000F0EBFA607801
:105B700008B10E2100E00F2141F6021000F0E2FA18
:105B8000A07808B10E2100E00F2141F6031000F0CB
:105B9000D9FAE07808B10E2100E00F2141F6041097
:105BA00000F0D0FA207908B10E2100E00F2141F673
:105BB000051000F0C7FA607908B10E2100E00F214E
:105BC00041F6061000F0BEFAA07908B10E2100E0FF
:105BD0000F2141F6071000F0B5FAE07908B10E2167
:105BE00000E00F2141F6081000F0ACFA207A08B16D
:105BF0000E2100E00F2141F6091000F0A3FA607AAF
:105C000008B10E2100E00F2141F6101000F09AFAC1
:105C1000A07A08B10E2100E00F2141F6111000F02A
:105C200091FAE07A08B10E2100E00F2141F612103E
:105C300000F088FA607B08B10E2100E00F2141F6E8
:105C4000131000F07FFA207B08B10E2100E00F2135
:105C500041F6141000F076FAA07B08B10E2100E0A6
:105C60000F21BDE8104041F6151000F06BBA00009E
:105C7000350A0020074900200A5C0AB10D2104E022
:105C8000401CC0B20F28F7D30C214FF4C85000F0CD
:105C900059BA0000350A00200448007808B11121E3
:105CA00000E010214FF4A05000F04CBAC8000020D2
:105CB00010B5FDF77FFA6E48007808B1122100E0B8
:105CC00013214FF48B7000F03DFA6A48007808B158
:105CD000122100E0132140F2171000F033FA664859
:105CE000007808B1122100E013214FF48C7000F00D
:105CF00029FA6248007808B1122100E0132140F22D
:105D0000191000F01FFA5E48007808B1122100E077
:105D100013214FF4907000F015FA5A48007808B13A
:105D2000122100E0132140F2211000F00BFA564836
:105D3000007808B1122100E013214FF4917000F0B7
:105D400001FA5248007808B1122100E0132140F214
:105D5000231000F0F7F94E48007808B1122100E056
:105D600013214FF4927000F0EDF94A48007808B121
:105D7000122100E0132140F2251000F0E3F946481B
:105D8000007808B1122100E013214FF4937000F065
:105D9000D9F94248007808B1122100E0132140F2FD
:105DA000271000F0CFF93E48007808B1122100E03A
:105DB00013214FF4947000F0C5F93A4C207808B1E3
:105DC000122100E0132140F2291000F0BBF93648FF
:105DD000007808B1122100E013214FF4987000F010
:105DE000B1F93248007808B1122100E0132140F2E5
:105DF000311000F0A7F9207808B1122100E013213A
:105E00004FF4997000F09EF92948007808B11221EA
:105E100000E0132140F2331000F094F92548007897
:105E200008B1122100E013214FF49A7000F08AF9B2
:105E30002148007808B1122100E0132140F235100A
:105E400000F080F91D48007808B1122100E013210C
:105E50004FF49B7000F076F91948007808B11221D0
:105E600000E01321BDE8104040F2371000F06AB99D
:105E7000B1000020C0000020B2000020C1000020BE
:105E8000B3000020B4000020C2000020B5000020B4
:105E9000C3000020B6000020B7000020C40000208E
:105EA000B8000020C5000020B9000020BA00002082
:105EB000BB000020BC000020BD000020BE00002070
:105EC000BF00002010B5FDF775F90C4801780C48AB
:105ED000007801430B48007801430B4800780143E8
:105EE0000A480078014340F2151001D0122100E069
:105EF0001321BDE8104000F025B90000C7000020C4
:105F0000EE000020EF000020F0000020F100002053
:105F10004C4810B5007808B1122100E0132141F27D
:105F2000014000F00FF94848007808B1122100E064
:105F3000132141F2024000F005F94448007808B10D
:105F4000122100E0132141F2034000F0FBF8404829
:105F5000007808B1122100E0132141F2044000F062
:105F6000F1F83C48007808B1122100E0132141F219
:105F7000054000F0E7F83848007808B1122100E049
:105F8000132141F2064000F0DDF83448007808B1F2
:105F9000122100E0132141F2074000F0D3F830480D
:105FA000007808B1122100E0132141F2084000F00E
:105FB000C9F82C48007808B1122100E0132141F201
:105FC000094000F0BFF82848007808B1122100E02D
:105FD000132141F2104000F0B5F82448007808B1D0
:105FE000122100E0132141F2114000F0ABF82048EB
:105FF000007808B1122100E0132141F2124000F0B4
:10600000A1F81C48007808B1122100E0132141F2E8
:10601000134000F097F81848007808B1122100E00A
:10602000132141F2144000F08DF81448007808B1B3
:10603000122100E01321BDE8104041F2154000F0AC
:1060400081B800009E0000209F000020A0000020DA
:10605000A2000020A3000020AA000020A900002028
:10606000A8000020A7000020A6000020A500002016
:10607000A4000020AE000020AD000020AC000020F5
:10608000094801780948007801430948007801432C
:106090000848007801434FF48A7001D0122100E0D3
:1060A000132100F04FB80000A1000020B000002034
:1060B000AF000020AB0000200EB55A238DF8003051
:1060C000A5238DF8013007238DF8023082238DF847
:1060D0000330030A8DF804308DF80500080A8DF8A6
:1060E0000600100A8DF808008DF807108DF80920B9
:1060F0000A231A466946024803F046FD0EBD000019
:10610000C418002070B505460C46012000234FF648
:10611000FF7105E000EB80005B1C01EA4000DBB290
:106120009342F7D30BF04EFD21460BF093FD09F09F
:106130002DFB0BF0F3FC81B22846BDE8704000F067
:1061400001B800001CB55A228DF80020A5228DF858
:10615000012005228DF8022082228DF80320020AF8
:106160008DF804208DF80500080A8DF806008DF8DA
:1061700007100A2308226946014803F005FD1CBDEB
:10618000C41800207047000038B51C468DF8001078
:10619000090A8DF8011032B1012A0CD00CB100208F
:1061A0001870002038BD0222094903F049FE002C76
:1061B000F8D0207038BD0222694604F0BDF80546CB
:1061C000022004F08FFF04B12570284638BD00007E
:1061D000120100204FF4004001F08CBB08B50024F0
:1061E000DFF83C800F4D26464FF4006739464046A5
:1061F00001F08DFC00960098401C0090A842FADB4C
:10620000641C0A2CF2DBBFF34F8F07480168074A72
:1062100001F4E06111430160BFF34F8F00BFFDE760
:106220000014014020A107000CED00E00400FA0575
:10623000024610B50E484FF40061052A16D2DFE879
:1062400002F0030507090E00042204E0012202E027
:10625000022200E00322BDE8104004F089B801F0FA
:1062600056FCBDE81040322004F03CBF0022F2E7AB
:106270000014014010B501230A21B3FBF1F43034BE
:106280001470B3FBF1F401FB143330335370B0FBE3
:10629000F1F330339370B0FBF1F301FB13003030B6
:1062A000D0700020107150719071D07110BD1CB56C
:1062B0006846FEF72FFC9DF8060040F26D1148433A
:1062C0009DF80510C1EB011100EB41009DF8041091
:1062D0001F3808441CBD000030B4411E0B4B03297D
:1062E0000ED20B4C0022114604EB401030F8114046
:1062F000491C22441029F9DBC2F30F10642802D292
:1063000030BC1846704730BC04F030BB0000C841B8
:106310002015002010B500210B4A084632F8103035
:10632000401C19441028F9DBC1F30F100BF04AFC94
:1063300006490BF08FFC06490BF02EFB05490BF0CC
:1063400089FC0549886310BD201500203333534074
:1063500000F07F450000A0416001002000EB00112B
:106360000A4800EB810191F83900042808D311F89C
:106370003E0F4A780004897840EA022008437047BB
:10638000B1F837006421484370470000E202002062
:1063900000EB0011094800EB810191F83900042855
:1063A00008D311F8410F4A780004897840EA0220A6
:1063B00008437047488F642148437047E202002039
:1063C00070470000F8B50024009490F8242025467A
:1063D000012A12D0012280F824204A681F23072AAC
:1063E0000DD20668776B521E02EB820293409F43E8
:1063F0000B6893401F43776319E00220F8BD0668DD
:106400000D2A0AD2376BD21F02EB820293409F43C0
:106410000B6893401F43376309E0F76A0D3A02EBBC
:10642000820293409F430B6893401F43F7620A68C0
:10643000072306680A2A0AD3F7680A3A02EB4202DF
:1064400093409F438B6893401F43F76008E0376990
:1064500002EB420293409F438B6893401F43376196
:106460000A68102A01D0112A20D1124B02689A42E0
:1064700017D193681B0219D4936843F40003936007
:106480000968102912D10C490C4A0968B1FBF2F1D4
:1064900001EB8101490000E0491E00910029FBD178
:1064A00004E0816A41F020018162012480F82450D7
:1064B0002046F8BD002401409002002040420F0019
:1064C00070477047704770B50446006806684568B5
:1064D000A90625D5B10723D5A16AC90603D4A16AA7
:1064E00041F40071A1628168C1F34241072910D1D2
:1064F000217B71B9416821F020014160A06A20F43C
:106500008070A062A06AC00403D4A06A40F00100B9
:10651000A0622046FFF7D4FF21686FF012000860E8
:1065200028062ED570072CD5A06AC00603D4A06A11
:1065300040F40050A06220688168C1F3023107294D
:1065400009D04168490515D48168C1F34241072942
:1065500010D1217B71B9416821F080014160A06AAE
:1065600020F48050A062A06AC00503D4A06A40F065
:106570000100A0622046FFF723FF21686FF00C00A6
:10658000086068060CD5F0070AD0A06A40F4803095
:10659000A062204600F096F821686FF001000860C4
:1065A00070BD00002DE9F04104004FF000057FD0E0
:1065B000A06A002628B9E66284F82460204600F02C
:1065C00083F82046F9F7A0FFA16AC90600D420B1DC
:1065D000A06A40F01000A0626AE0A16A21F488512C
:1065E00041F00201A162334923688B42E16904D181
:1065F000B1F5402F01D14FF40021277B4FF4807C6F
:1066000041EA470261680A43A168614508D001294F
:1066100006D0002194F814E0BEF1010F02D00AE088
:106620006146F7E7C7B1A76A47F02007A762E76AA4
:1066300047F00107E7625F6827F469470F435F602F
:10664000236899681C4F394011439960A1686145DE
:106650000BD0012909D00CE0DFF860E0A7690EEB50
:1066600047370F4347F40061E5E7218A0D05A5F59B
:1066700080152168CB6A23F470032B43CB62216819
:1066800089680F4B1940914208D1E662A16A21F056
:10669000020141F00101A162BDE8F081A06A20F091
:1066A000020040F01000A062E06A40F00100E062E9
:1066B0000120F1E7003C0140FDF7E1FF00E0FFFFB2
:1066C000FE0E1FFF70470000F0B585B0002506469E
:1066D000009501950295039500682549884244D1AB
:1066E0002449886940F400708861886900F400706A
:1066F0000490886940F010008861886900F01000FB
:106700000490886940F0040088618869032400F0DF
:10671000040004903120CDE900046946164801F0D8
:10672000F5F88027CDE900746946144801F0EEF8C9
:10673000144C1348C4E900058015A560C4E9037032
:10674000800060612020C4E90605204600F0A2FF19
:1067500008B1FFF743FD3462002211461220666241
:1067600001F0B8FD122001F0A8FD05B0F0BD000059
:1067700000240140001002400010014000080140C8
:1067800008000240B02A00202DE9F047894604465F
:106790003B4900683B4F0E1D9046884201D0B842ED
:1067A00007D1306810F4702F03D001252846BDE8CA
:1067B000F08794F8240001280CD0012084F82400EC
:1067C0002046F9F705FF05004FF0000004D084F8DB
:1067D0002400EBE70220EAE7A16A40F60162914358
:1067E00041F48071A1622168B94218D1326812F473
:1067F000702F14D0A16A41F48011A162316849055B
:1068000005D5A16A21F4005141F48051A162A16A29
:10681000C9040AD5E16A21F00601E16206E0A26A34
:1068200022F48012A2624968E9E7E06284F8240059
:10683000216A15488862216A1448C862216A14488E
:10684000086321686FF0020008602068816841F4E5
:1068500080718160216843464A464C31206A00F0CD
:1068600057FF20688168C1F342410729816803D03E
:1068700041F48011816099E741F4A001FAE700003A
:1068800000240140002801405F050008C7050008FA
:10689000AD05000890F82020012A07D0022A05D073
:1068A000416A41F4802141620120704700684269D9
:1068B0000A43426100207047F0B590F82050046808
:1068C000A468012D05D0022D03D0416A41F4802136
:1068D0004DE014F0406F01D1E50045D5C4F30164EB
:1068E0000125A5401D608D684FF4C0739DB1CE6831
:1068F00035434E6845EAC605066803EB0417F551B3
:106900004FF4C275076805EB04150E697E51097DC9
:10691000012905D009E00E88CD6845EA4655EBE728
:1069200001684E5946F480764E511179D2F80550DF
:106930004FF4C67641EA0521056806EB0416A95115
:106940001178D2F801204FF4C47541EA022102689F
:1069500005EB04155151006803EB0411425842F055
:10696000010242500020F0BD416A41F40011416231
:106970000120F0BD10B590F820300268012B07D03F
:10698000022B05D0416A41F480214162012010BDF3
:10699000D2F8000240F00100C2F80002087D00F0C9
:1069A0001F0301209840D2F81C328343C2F81C32E6
:1069B000CB69B3B9D2F80C328343C2F80C328C895C
:1069C0004B6864F31F434C6902EBC404C4F84032C3
:1069D0000C890B6864F31F434C6902EBC404C4F8D0
:1069E0004432CB69012B16D1D2F80C320343C2F8E2
:1069F0000C320C884B6864F31F434C6902EBC404EF
:106A0000C4F840320C89CB6864F31F434C6902EB35
:106A1000C404C4F844328B69002BD2F804320FD07E
:106A200053EA0003C2F804320B69002BD2F8143287
:106A300008D00343C2F81432096A012904D008E0DF
:106A40008343EFE78343F5E7D2F81C120143C2F812
:106A50001C12D2F8000220F00100C2F8000200204F
:106A600010BD704770B590F82040012C05D0022C65
:106A700003D0416A41F4802128E0046809B3246905
:106A8000A40720D04FF4D874056804EB01142D59E5
:106A900015F00405956005682D591AD0ED0855606C
:106AA00005682C5904F00204D4604FF4DA740568C8
:106AB00004EB01142E5906F00F06082E0CD30825FE
:106AC0000DE0E468DCE7416A41F400114162012015
:106AD00070BD6D0D1560E3E72D5905F00F051561CB
:106AE00005682D59C5F30725956105682C59240CB7
:106AF00054614FF4DC72046802EB0112A4581C705C
:106B00000468A458240A5C700468A458240C9C707F
:106B10000468A258120EDA704FF4DE72046802EBB9
:106B20000112A4581C710468A458240A5C710468FA
:106B3000A458240C9C710468A258120EDA710068E3
:106B400029B1016941F020010161002070BDC168D7
:106B500041F02001C160F8E70246002092F82010C1
:106B6000012901D002290CD111688A68520100D58F
:106B700001208A68120100D5401C8968C90000D52F
:106B8000401C70472DE9F05F054600680024466907
:106B9000D0F804908768D0F80CB0D0F810A0D0F8E6
:106BA0001880F10748D0F90714D001218160B80797
:106BB00003D5284600F089FB0CE0780702D54FF496
:106BC000006407E0380702D54FF4805402E02846FD
:106BD00000F07AFBF80516D529684FF480708860BC
:106BE000B80503D5284600F072FB0CE0780502D505
:106BF00044F4005407E0380502D544F4804402E030
:106C0000284600F063FBF80316D529684FF480305E
:106C10008860B80303D5284600F05BFB0CE07803DE
:106C200002D544F4004407E0380302D544F480342C
:106C300002E0284600F04CFB300707D55FEACB6046
:106C400004D52968102044F40074C86070074FF020
:106C5000080707D55FEA0B7004D52868C760284687
:106C600000F05AF9B00706D52868C068800702D03E
:106C7000284600F053F9700607D55FEACA6004D5CC
:106C80002968102044F480640861B00607D55FEAE3
:106C90000A7004D528680761284600F0E5FAF00676
:106CA00006D528680069800702D0284600F0DDFA82
:106CB000B00308D55FEAC96005D52968102048608F
:106CC000284600F0D3FAF00307D55FEA097004D52F
:106CD00028684760284600F0FDFA300446D55FEA90
:106CE000497040D5F00504D55FEAC87001D044F082
:106CF0000104B00504D55FEA887001D544F00204B0
:106D0000700504D55FEA487001D544F004043005ED
:106D100029D518F0700F26D008F07000402815D043
:106D200006DC102809D020280AD0302816D10AE025
:106D300050280ED0602811D10EE044F008040DE078
:106D400044F010040AE044F0200407E044F040045A
:106D500004E044F0800401E044F480742868816910
:106D600021F070018161296804204860002C05D061
:106D7000686A204368622846FFF773FEBDE8F09F0B
:106D800070B5040003D094F8200010B104E0012095
:106D900070BD204600F082F82068016841F00101D2
:106DA000016000F0C1FE0546052604E000F0BCFECF
:106DB000401B0A2811D820684068C007F6D0206818
:106DC000016821F00201016000F0AEFE05460BE013
:106DD00000F0AAFE401B0A2806D9606A40F4003081
:106DE000606284F82060D2E7206840688007EFD4B2
:106DF000207E0128206801683DD021F080010160DB
:106E0000607E01282068016838D021F040010160CF
:106E1000A07E01282068016833D021F020010160A4
:106E2000E07E0128206801682ED041F01001016049
:106E3000207F01282068016829D021F00801016025
:106E4000607F01282068016824D021F004010160DE
:106E5000D4E902010843D4E90412114308436168EC
:106E6000491E08432168C86100206062012084F83F
:106E70002000002070BD41F08001C0E741F04001DA
:106E8000C5E741F02001CAE721F01001CFE741F04A
:106E90000801D4E741F00401D9E7000010B586B03D
:106EA00000210091019102910391006817498842E5
:106EB0002AD11748C16941F00071C161C16901F06F
:106EC00000710491816941F0040181618069114C74
:106ED00000F0040004904FF40060009069462046E2
:106EE00000F014FDA01400900220019003200390F4
:106EF0006946204600F00AFD00221146142001F0E8
:106F0000E9F9142001F0D9F906B010BD0064004081
:106F10000010024000080140704700002DE9F14FC9
:106F20008EB0C8490E9888427ED101F56372C64B77
:106F30000021FFF797FD08B1FFF750F9C34C00257A
:106F4000A06860B92068A0F5407105396CD100F0E7
:106F5000EBFDBD49F8398860A1F580708576A068A1
:106F6000042861D160680421B1EB106F5CD1C0F3DB
:106F70000742C0F307270892012A55D1002F53D0AA
:106F8000042F51D8002000250090CDE90410019075
:106F90000820DFF8BC820A210B95A9460A952C46E9
:106FA0002E46AB46AA4609950C950690012F3CD07B
:106FB000B81EA84AC0B2125C002A6ED000EB0012C4
:106FC000A54800EB8200B0F9332092FBF1F212B237
:106FD0000992B0F83520B2FBF1F10A9190F83E1019
:106FE00090F83F20090441EA022290F8401090F8FE
:106FF00042300A4390F84110090441EA032190F815
:107000004330194390F83930042B06D2B0F83720BA
:1070100064214A43418F64235943E9B364235A43AB
:10702000B2FBF1F1C9B244E0FFE0B8F93C00B8F8B6
:10703000445090FBF1F0B8F8429000B20990B8F8D3
:107040003600DFF80CA2B0FBF1F00AF1800A0A90DA
:10705000DAF814000AF07EFDC0B20C90DAF81800DD
:107060000AF078FDC0B20B90B8F82E0000EB80005B
:10707000400004B2B8F83000DFF8E08100EB800097
:10708000400006B24146DAF83C000AF0E3FD0AF09F
:1070900045FD0FFA80FB01E00AE03DE07048414603
:1070A00080690AF0D7FD0AF039FD0FFA80FA33E063
:1070B00064210C9198F82A100B914FF6FF7500226D
:1070C0004FF4FA7443780BE000EB420149884945DC
:1070D00000D98946A94202D2A14200D90D46521CCC
:1070E0009342F1DC47F6FF767442002290F822309A
:1070F0000EE000BF00EB4201B1F82310A1F6AB2176
:1071000009B2A14200DD0C46B14200DA0E46521C23
:107110009342EFDCA346DA460898390201EB0048B7
:1071200008F18060401C03908DF80050280A8DF80B
:1071300001008DF802904FEA19208DF8030009989C
:107140008DF80400000A8DF805000A988DF80600F5
:10715000000A8DF807000E98FFF7FEFC0028FAD011
:107160000DAB6A4602A90E98FFF7A6FB08F18060F6
:10717000801C03908DF80040200A8DF801008DF8E6
:107180000260300A8DF803008DF804B04FEA1B202E
:107190008DF805008DF806A04FEA1A208DF807003B
:1071A0000E98FFF7D9FC0028FAD00DAB6A4602A969
:1071B0000E98FFF781FB08F18060C01C002403904B
:1071C00000940C988DF8020001940B988DF8034000
:1071D0008DF80400012F2BD01F4807EB071100EB9F
:1071E000810030F84E0C00BF8DF80600000A8DF8C3
:1071F00007000E98FFF7B0FC0028FAD00DAB6A46E6
:1072000002A90E98FFF758FB08F18060001D00945A
:10721000019403900E98FFF79FFC0028FAD00DAB65
:107220006A4602A90E98FFF747FB0FB0BDE8F08F42
:1072300007480C498030406B0AF0AEFB0AF08AFC2C
:1072400080B2D1E7E0150020580200206C19002020
:10725000E000002016000020E20200200000204193
:107260005C0B002000007A447047704770470000B4
:1072700070B5044690F82000012804D0606A40F4FC
:107280000020606218E0022084F820002068016875
:1072900021F00101016000F047FC05460EE000BF4F
:1072A00000F042FC401B0A2808D9606A40F4003014
:1072B0006062052084F82000012070BD20684068CD
:1072C000C007EDD1606270BD70477047704770476E
:1072D00070477047704710B590F8211000220229BE
:1072E00005D00421816380F82020012010BD0168B1
:1072F0000B6823F00E030B6001680B6823F0010399
:107300000B6090F84030C46B012101FA03F3636015
:1073100080F8211080F82020104610BD2DE9F05F84
:1073200090F821100024022903D004218163012454
:1073300085E001680A6822F00E020A6001680A68A6
:1073400022F001020A603F4E3E4FB215DFF8F4C052
:10735000DFF8F090DFF8ECA0DFF8E8B0DFF8E4E069
:107360000168783F13011502ACF1640CA9F15009D2
:10737000AAF13C0AABF1280BAEF1140E4FF48018C1
:10738000B14227D9B9420ED0614512D049451DD02E
:10739000514518D0594518D0714501D1424615E0E4
:1073A000294EB14201D1012210E0274E1436B142DC
:1073B00001D110220AE0244E2836B14206D0224ADA
:1073C0003C32914201D11A4600E02A461E49091F6B
:1073D0000A602BE0B94213D0614517D0494522D04D
:1073E00051451DD059451DD0714501D142461AE085
:1073F000B14202D14FF0807215E0134EB14201D17B
:10740000012210E0104E1436B14201D110220AE0E0
:107410000D4E2836B14206D00B4A3C32914201D182
:107420001A4600E02A46074980394A60012180F85F
:107430002110002180F82010416B01B188472046BF
:10744000BDE8F09F80000240080402402DE9F05F93
:10745000C16B0A6801680B68046C4FF0040808FAF5
:1074600004F8844D844E854FDFF814C2DFF814927F
:10747000DFF814A2DFF814B2DFF814E218EA020F02
:1074800065D05FEA437862D50A68920603D40A6839
:1074900022F004020A60DFF8F0814FF48062016894
:1074A00008F1140813011402414524D9A9420DD052
:1074B000B1420FD0B9421AD0614515D0494515D017
:1074C000514501D1120312E0594501D104220EE0C9
:1074D000714501D140220AE06D4D1435A94206D014
:1074E0006B4A2832914201D11A4600E02246674990
:1074F000091F0A6029E0A94213D0B14215D0B94250
:1075000020D061451BD049451BD0514502D14FF4D5
:10751000800217E0414502D14FF0806212E05945E8
:1075200001D104220EE0714501D140220AE0584DFC
:107530001435A94206D0564A2832914201D11A4642
:1075400000E022464B4908394A60C16A71E04FF0B9
:10755000020808FA04F818EA020F70D05FEA83788C
:107560006DD50A68920606D40A6822F00A020A60FB
:10757000012180F82110DFF810814FF400720168BA
:1075800008F1140813011402414524D9A9420DD071
:10759000B1420FD0B9421AD0614515D0494515D036
:1075A000514501D1120312E0594501D102220EE0EA
:1075B000714501D120220AE0354D1435A94206D08B
:1075C000334A2832914201D11A4600E022462F491F
:1075D000091F0A6029E0A94213D0B14215D0B9426F
:1075E00020D061451BD049451BD0514502D14FF4F5
:1075F000001217E0414502D14FF0007212E05945E8
:1076000001D102220EE0714501D120220AE0204D75
:107610001435A94206D01E4A2832914201D11A4699
:1076200000E02246134908394A60002180F8201002
:10763000816A00291CD0BDE8F05F0847FFE70825F4
:10764000A540154214D01A0712D50A6822F00E027E
:107650000A6090F84020C36B012101FA02F25A60DF
:10766000816380F82110002180F82010016BE0E791
:10767000BDE8F09F080002401C00024030000240BC
:1076800044000240580002406C00024008040240DE
:107690001C04024030B560B11A4B026814219A42B2
:1076A00009D2194B1344B3FBF1F189000164174966
:1076B0000AE0012030BD134B5B421344B3FBF1F1F0
:1076C000890001640F490839C163022180F8211043
:1076D000136843F6F0718B43F0E901142143D0E9BC
:1076E00002452C43214304692143446921438469B1
:1076F0002143194311600021416301224277017740
:10770000084630BD08040240F8FFFDBF00000240FB
:1077100070B5044690F82000002501280CD0012007
:1077200084F8200094F821600020012E06D084F80F
:1077300020000225284670BD022070BD022684F874
:107740002160A0632068066826F0010606602046D6
:10775000FDF798F9E06A00282068016802D041F03E
:107760000E0106E021F0040101602068016841F08B
:107770000A0101602068016841F001010160D9E758
:1077800070B5044600F0D0F90546601C02D00448EC
:107790000078044400F0C8F9401BA042FAD370BD41
:1077A000840200202DE9F0430023454F0F2581E09E
:1077B00001229A400A407BD023F00304E619D6F850
:1077C00008809C074FEA147C05FA0CF909EA0804C2
:1077D000DFF8F080404502D14FF0000824E0DFF8E8
:1077E000E880404502D14FF001081DE0DFF8DC8061
:1077F000404502D14FF0020816E0DFF8D480404542
:1078000002D14FF003080FE0DFF8C880404502D1F5
:107810004FF0040808E0DFF8C080404502D14FF087
:10782000050801E04FF0060808FA0CF8A04522D13F
:107830002A4CD4F800C02CEA020CC4F800C0241D65
:10784000D4F800C02CEA020CC4F800C0234C0C345D
:10785000D4F800C02CEA020CC4F800C0241FD4F8ED
:1078600000C02CEA020CC4F800C0D6F808C02CEA0C
:10787000090CC6F808C0FF2A01D8064601E000F14D
:1078800004064FEA830401D9A4F12004D6F800C00D
:1078900005FA04F82CEA080C4FF0040808FA04F87A
:1078A0004CEA080CC6F800C0C46824EA0204C460AC
:1078B00003F1010331FA03F27FF47AAFBDE8F083FC
:1078C0000000014000080140000C01400010014090
:1078D0000014014000180140001C01400004014058
:1078E000B0F5004F02D10249012008707047000036
:1078F00060000020044910B50A68024202D0086006
:10790000FFF7EEFF10BD0000140401402DE9F84F11
:10791000DFF8C8910024A9F1040B23460F2709F1D1
:10792000040AABF1040ED1E00125A54006EA0502E8
:10793000AA4276D1DFF8A8C14E68A6EB0C086645CE
:107940002BD00DDC032E34D005DC36B3012E19D03C
:10795000022E2FD11BE0112E16D0122E2AD119E0A3
:10796000B8F5881F19D006DCB8F5803F15D0B8F5FA
:10797000801F1FD111E0B8F5001F0ED0B8F5041F0D
:1079800018D10AE0CB6815E0CB681B1D12E0CB686C
:1079900008330FE0CB680C330CE08B682BB1012B64
:1079A0004FF0080303D0456104E0042302E00561C1
:1079B00000E00023FF2A01D8064601E000F104069A
:1079C0004FEA840501D9A5F12005D6F8008007FA11
:1079D00005FC28EA0C0803FA05F548EA0508C6F88C
:1079E00000804D68ED0070D53E4DAE6946F0010651
:1079F000AE61AD6924F0030605F0010500953A4D2E
:107A000006EB050CDCF80850A607360F07FA06F857
:107A100025EA0805DFF8D480404503D14FF000087F
:107A200025E052E0DFF8C880404502D14FF0010860
:107A30001DE0DFF8C080404502D14FF0020816E09B
:107A4000DFF8B480404502D14FF003080FE0DFF8C3
:107A5000AC80404502D14FF0040808E0DFF8A08078
:107A6000404502D14FF0050801E04FF0060808FA42
:107A700006F848EA0508CCF808804D68D9F8006097
:107A8000ED024D4601D5164300E096432E604D6849
:107A9000DAF80060AD02554601D5164300E0964382
:107AA0002E604D68DBF80060AD035D4601D51643DE
:107AB00000E096432E604D68DEF80060ED037546E9
:107AC00001D5164300E096432E60641C0A681646F2
:107AD000E2407FF429AFBDE8F88F000008040140C0
:107AE0000000111000100240000001400008014099
:107AF000000C01400010014000140140001801403A
:107B0000001C01408068084000D001207047C26816
:107B100021EA02030A4043EA0241016170470AB1C7
:107B2000016170470904FBE7014880687047000065
:107B30008402002010B5040013D0242084F83D00F6
:107B40002068016821F001010160204600F096FAEA
:107B50000020206484F83D0044F8300FA0732073A7
:107B600010BD012010BD000070B5040025D094F8B0
:107B70003D00002520B984F83C50204600F0AAFAC8
:107B8000242084F83D002068016821F00101016093
:107B90002068016841F4004101602068016821F417
:107BA0000041016000F02EFD4D4A6168914201D80C
:107BB0004C4900E04C49884201D2012070BD4B493C
:107BC0002368B0FBF1F15E6826F03F060E435E606D
:107BD0006368934206D94FF4967359434FF47A730E
:107BE000B1FBF3F12368491C1E6A26F03F063143BE
:107BF00019626168914210D84900401EB0FBF1F251
:107C0000521CC2F30B02042A01D2042022E0B0FB72
:107C1000F1F0401CC0F30B001CE0A268F2B301EBD2
:107C2000C10303EB0116431EB3FBF6F35B1C43F4E5
:107C300080431B0549D092B301EBC10202EB011155
:107C4000401EB0FBF1F0401CC0F30B0040F480403C
:107C500040F400402168CA694CF6FF739A43104310
:107C6000C861D4E9071001432068026822F0C0020D
:107C700011430160D4E9030101432068826848F29E
:107C8000FF339A4311438160D4E905010843216819
:107C9000CA6822F0FF021043C86001E00EE016E05F
:107CA0002068016841F0010101602564202084F80A
:107CB0003D00256384F83E50002070BD01EB410675
:107CC000431EB3FBF6F35B1CB3E70120C2E701EBF5
:107CD0004101401EB0FBF1F0401CC0F30B00B7E7C0
:107CE000A086010080841E0000093D0040420F0074
:107CF0002DE9FF4F83B00025DDE910799A469346C0
:107D00000446DDF848800095FFF70EFF064694F81C
:107D10003D0020287CD11923012288492046009665
:107D200002F0BAF90028F5D194F83C0001286FD090
:107D3000012084F83C0020680168C90703D101686C
:107D400041F0010101602068016821F400610160D7
:107D5000222084F83D00402084F83E0025646762BC
:107D6000A4F82A90608D20857548E062CDE90086F0
:107D700053465A462046049902F090F800287CD1D8
:107D8000208DDFF8C091202768B1012814D0022887
:107D9000206801681ED041F480610160206841695B
:107DA00080690090BCE020684169816900910168A8
:107DB00041F400710160B3E02068016821F4806142
:107DC000016072B62068416981690091016841F4DF
:107DD00000710AE041F40061016072B620684169F7
:107DE00081690091016821F48061016062B697E0C9
:107DF000032865D801280CD0022843464FF0000222
:107E00004946204600960BD002F046F9A8BB0CE08C
:107E100091E032464146204602F0E4F968BB72E048
:107E200002F03AF948BB72B633E02068016821F4E9
:107E30008061016072B620680069616A0870606ADA
:107E4000401C6062208D401E2085608D401E608534
:107E50003D4846F2A8110068B0FBF1F0C0EBC0004D
:107E600000EB80000090401E009007D02068406921
:107E7000C04340070DD50098F5E727E044F8305F90
:107E80006773A573206940F02000206162B62573F6
:107E90001CE02068016841F40071016020680069FD
:107EA000616A0870606A401C6062218D491E2185EC
:107EB000618D491E618562B621680969017026E0FD
:107EC00032464146204602F08DF918B1012007B034
:107ED000BDE8F08F20680069616A0870606A401C24
:107EE0006062208D401E81B22185608D401E6085BC
:107EF00020684269D243520712D4032903D1016892
:107F000021F48061016020680069616A0870606A1C
:107F1000401C6062208D401E2085608D401E608563
:107F2000208D00287FF464AF84F83D7084F83E50C3
:107F300084F83C50CBE70220C9E7000002001000A3
:107F40000000FFFF04000100900200202DE9FF4F18
:107F500083B09A46DDE9119793460446DDF84080E8
:107F6000FFF7E2FD054694F83D0020287FD1192354
:107F7000012240492046009502F08EF8002876D173
:107F800094F83C00012872D0012084F83C0020685D
:107F90000168C90703D1016841F00101016020684F
:107FA000016821F400610160212084F83D00402037
:107FB00084F83E0000262664C4F82480A4F82A90A1
:107FC000608D20852C48E062CDE9007553465A4605
:107FD0002046049901F0E0FF70B930E02A463946A6
:107FE000204602F037F958B1206C042804D12068EB
:107FF000016841F400710160012007B0BDE8F08F15
:10800000606A216800780861606A401C6062218DA6
:10801000491E89B22185628D521E6285226853698C
:10802000DB435B070BD469B100781061606A401CC8
:108030006062208D401E2085608D401E6085208DF1
:108040000028CBD12A463946204601F0F9FF002806
:10805000CAD154F83D0B016841F400710160202041
:1080600004F81E09E67766770020C6E7FFE70220DE
:10807000C3E70000020010000000FFFF10B5006819
:10808000104A1149114C904209D1C86920F40010DE
:10809000C86140212046FFF785FB80210CE00C4A97
:1080A00090420ED1C86920F48000C86111152046A5
:1080B000FFF778FB4FF400612046BDE81040FFF762
:1080C00071BB10BD0054004000100240000C014084
:1080D0000058004030B585B0002100910191029117
:1080E00003911E4D03681E4C122103221D48AB4212
:1080F00016D1A36943F00803A361A369039203F0B7
:1081000008030493C023CDE900316946FFF7FEFB65
:10811000E06940F40010E061E06900F4001019E04B
:10812000114DAB4217D1A36943F00803A361A369C2
:10813000039203F0080304934FF44063CDE9003148
:108140006946FFF7E3FBE06940F48000E061E06925
:1081500000F48000049005B030BD000000540040E1
:1081600000100240000C01400058004070B50400AF
:1081700013D021684CF6CC400860216845F2555078
:108180000860D4E9000141602168A0688860FFF7B9
:10819000CBFC054641F23C360DE0012070BD00BF2E
:1081A000FFF7C2FC401BB04205D92068C0688007B9
:1081B00001D0032070BD2068C0688007F0D121681D
:1081C0004AF6AA200860002070BD00684AF6AA217D
:1081D0000160002070470000024881680278114465
:1081E0008160704784020020074810B5016841F0A3
:1081F00010010160032000F08DF80F2000F006F858
:1082000000F024F8002010BD0020024070B50D4D94
:1082100004464FF47A712878B1FBF0F00A490968F6
:10822000B1FBF0F000F02BFF48B9102C07D2002270
:108230002146501E00F04EF800206C6070BD0120F9
:1082400070BD00008402002090020020104808B594
:10825000816941F001018161816901F001010091B1
:10826000C16941F08051C161C069002200F08050B5
:1082700000901146012000F02DF8012000F01DF8BB
:108280000448416821F0E06141F00071416008BD9F
:10829000001002400000014000280DDB00F01F022A
:1082A000012191404009800000F1E020C0F88011D8
:1082B000BFF34F8FBFF36F8F7047002809DB00F0CB
:1082C0001F02012191404009800000F1E020C0F828
:1082D00000117047F0B40E4B1B680C46C3F3022329
:1082E000C3F10705042D00D90425191D072901D262
:1082F000002300E0DB1E012606FA05F1491E21409D
:1083000099409E40761E16403143F0BC04F06DBC8F
:108310000CED00E0064900F0070208684FF6FF0385
:10832000184040EA0220034A1043086070470000EA
:108330000CED00E00000FA0530B51C490A6803683E
:1083400022F0E0021A430A6019490A6822F48032D6
:108350000A600C1F226822F480322260144A08321C
:10836000136823F4803313600B1D1D6825F48035DA
:108370001D604568ED0303D5256845F4803525600B
:108380004468A40303D50C6844F480340C6001797C
:10839000C90703D0196841F480311960007980075A
:1083A00003D5106840F48030106030BD007000408C
:1083B00004040140014901200862704700000E4298
:1083C000014901200861704700000E42704700001B
:1083D00010B5054C2068C00304D5FFF7F7FF4FF434
:1083E0008030206010BD0000140401402DE9F843E6
:1083F00005460078354CC00754D0E0690026C0001F
:1084000008D4E06940F08050E061E069012600F0A6
:10841000805000902E480168C90512D4016880463A
:1084200041F480710160FFF77FFB074605E000BF64
:10843000FFF77AFBC01B642823D8D8F80000C005DA
:10844000F6D5206A10F4407021D0A98801F440715B
:1084500081421CD0206A1F49012220F440700A602A
:1084600000220A602062C00711D0FFF75DFB0746BB
:1084700041F2883808E000BFFFF756FBC11B4145B9
:1084800002D90320BDE8F883206A8007F4D5206A6A
:10849000696820F44070084320621EB1E06920F052
:1084A0008050E0612878800705D56068A96820F4CD
:1084B0004040084360602878C00605D56068696957
:1084C00020F48000084360600020DBE700100240D9
:1084D00000700040400442422DE9F0470F4605007D
:1084E00061D0434E306800F00700B84209D23068CE
:1084F00020F0070038433060306800F00700B842D1
:1085000051D128683B4C810712D5400703D56068DC
:1085100040F4E06060602878000703D5606840F4AC
:10852000605060606068A96820F0F00008436060F7
:108530002878C00728D06868012810D02168022850
:1085400010D0890700292EDA616821F00301014368
:108550006160FFF7E9FA804641F288390DE0216851
:108560008903EFE78901EDE7FFF7DEFAA0EB0801E9
:10857000494502D90320BDE8F0876068696800F0CA
:108580000C00B0EB810FEFD1306800F00700B8426B
:108590000BD9306820F0070038433060306800F0B5
:1085A0000700B84201D00120E5E72878400705D54B
:1085B0006068E96820F4E06008436060287800079C
:1085C00006D56068296920F4605040EAC100606007
:1085D00000F038F86168084AC1F30311515CC840E3
:1085E0000649086006480068FFF710FE0020C2E751
:1085F0000020024000100240A62301089002002043
:10860000880200200448054900684968044AC1F30B
:108610000221515CC84070479002002000100240C7
:10862000B62301080448054900684968044AC1F3B3
:10863000C221515CC84070479002002000100240E7
:10864000B62301080F4A516801F00C00042803D03A
:10865000082803D00C4870470C4870470C48C1F3F9
:108660008343C903C05C0AD55168094AC1F340413C
:10867000921E515C054A5043B0FBF1F0704705492A
:10868000484370470010024000127A000024F400B2
:108690009623010800093D002DE9F84F040070D031
:1086A0002078C04DC00749D06868C0F38100012818
:1086B00007D06868C0F38100022809D16868C00348
:1086C00006D52868800339D560680028E7D035E0F2
:1086D0006068B0F5803F0BD010B1B0F5A02F11D07D
:1086E000286820F480302860286820F4802002E088
:1086F000286840F480302860606890B1FFF714FA71
:1087000006460AE0286840F480202860F0E700BFB1
:10871000FFF70AFA801B642873D828688003F7D50E
:108720000CE0FFF701FA064605E000BFFFF7FCF991
:10873000801B6428F0D828688003F7D420789A4EEC
:1087400080074FF001094FF0000839D5686810F034
:108750000C0F07D06868C0F38100022809D168684F
:10876000C00306D42868800714D52069012808D1E1
:1087700010E02069B0B1C6F80090FFF7D5F90746C0
:1087800005E00AE1FFF7D0F9C01B0228C4D8286829
:108790008007F7D52868616920F0F80040EAC10039
:1087A00028600DE0C6F80080FFF7BEF9074604E038
:1087B000FFF7BAF9C01B022823D828688007F7D42E
:1087C000207800072CD57948A169D9B1C0F800906C
:1087D000FFF7AAF9074604E0FFF7A6F9C01B022835
:1087E0000FD8686A8007F7D571484FF4FA510068CE
:1087F000B0FBF1F0009000BF0098411E0091FAD24A
:108800000EE080E0C0F80080FFF78EF9074604E034
:10881000FFF78AF9C01B022875D8686A8007F7D469
:108820002078400760D5E8690027C00008D4E869CF
:1088300040F08050E861E869012700F08050009026
:108840005C480168C90513D40168834641F480710E
:108850000160FFF769F9824606E000BFFFF764F99F
:10886000A0EB0A0064284ED8DBF80000C005F5D55F
:10887000E06801280AD008B1052813D0286A20F042
:1088800001002862286A20F0040002E0286A40F013
:1088900001002862E06841F2883B98B1FFF744F993
:1088A00082460BE0286A40F004002862EEE700BF31
:1088B000FFF73AF9A0EB0A0159455AD8286A800710
:1088C000F6D50CE0FFF730F9824605E0FFF72CF90A
:1088D000A0EB0A0159454CD8286A8007F6D41FB18D
:1088E000E86920F08050E861E06988B36968C1F305
:1088F0008101022944D00228C6F8608004D0FFF725
:1089000013F9044638E034E0FFF70EF9074604E0B7
:10891000FFF70AF9C01B02282BD828688001F7D47A
:10892000206AB0F5803F05D16868A16820F4003066
:1089300008436860D4E908010843696821F47411A8
:1089400008436860C6F86090FFF7EEF8044606E05A
:1089500025E000BFFFF7E8F8001B022809D82868C7
:108960008001F7D51BE000BFFFF7DEF8001B0228EF
:1089700002D90320BDE8F88F28688001F4D40EE006
:108980000128F7D06868226A00F48031914204D14E
:10899000616A00F47010884201D00120EAE70020EB
:1089A000E8E700000010024000004242800442421A
:1089B00090020020007000407047000038B5044667
:1089C000006842688168C9434B0606D5CB0704D1CD
:1089D000D3435B0601D4216C05E08B0708D4D34355
:1089E0001B0605D4616C01B02046BDE83040084745
:1089F0008B0601D54B0646D4D3439B0643D44B0686
:108A00000AD494F85130032B3ED0636D43F0040335
:108A10006365C36883680093890609D4616D41F07A
:108A20000101616581680091016821F040010160E8
:108A3000606D002827D02068416821F0E001416086
:108A4000012084F85100900722D02068416821F06D
:108A500003014160104DE06C40B14563E06CFEF7EE
:108A60005DFC18B1606D40F040006065A06C0028AE
:108A700009D04563A06CFEF751FC002803D0606D5F
:108A800040F04000606538BDC1688068009038BD26
:108A90002046FFF791FF38BD89AF000870B504008C
:108AA00009D0606A002540B125616561A56294F82E
:108AB000510040B10CE0012070BD6068B0F5827FCC
:108AC000F4D0E561F2E784F85050204600F040F819
:108AD000022084F851002068016821F04001016003
:108AE000A088218900F4827001F404410843A1891F
:108AF00001F400610843217C01F002010843217D5B
:108B000001F001010843218B01F400710843217F2A
:108B100001F03801084394F8201001F08001084367
:108B2000218D01F40051084321680860A0690421E7
:108B300001EA1040216848602068C16921F40061A1
:108B4000C1616565012084F85100002070BD0000FE
:108B500030B585B000240094019402940394006819
:108B6000194988422DD11948C16941F48041C16138
:108B7000C16901F480410491816941F0080181617A
:108B80008069134D00F0080004904FF420400090DD
:108B9000022001900320039069462846FEF7B6FEA6
:108BA0004FF48040CDE90004694628460294FEF760
:108BB000ADFE002211462420FFF78CFB2420FFF796
:108BC0007CFB05B030BD00000038004000100240C2
:108BD000000C01402DE9F84F044690F851001D4665
:108BE00016460F46012838D160684FF00408B0F5EA
:108BF000827F01D1A06830B3FEF796FF8246002F36
:108C000075D0002E73D094F85000012825D04FF075
:108C1000010984F8509084F851804FF00008C4F89E
:108C20005480A763A687E687C4F83080A4F8348010
:108C3000A4F83680C4F84080C4F84480A068B0F539
:108C4000004F0CD015E084F85180009313460A467B
:108C5000204600F01CF9BDE8F88F0220FBE72068F1
:108C6000016821F0400101602068016821F4804121
:108C7000016020680168490603D4016841F04001A1
:108C80000160E068C0B134E020688168C90709D09C
:108C9000007BA16B0870A06B401CA063E08F401E9E
:108CA000E08709E0FEF740FFA0EB0A00A84202D3EC
:108CB000681C01D032E085B3E08F0028E4D11BE0CE
:108CC00020688168C90709D0C068A16B0880A06BC3
:108CD000801CA063E08F401EE0870AE0FEF724FFBF
:108CE000A0EB0A00A84203D3681C02D016E012E0F1
:108CF0009DB1E08F0028E3D152462946204602F07C
:108D00004BF908B12020606584F8519084F85080B8
:108D1000606D00289FD001209DE7FFE784F8519007
:108D200084F85080032096E72DE9F84F98461646C0
:108D30008A460446FEF7F8FE814694F85100012861
:108D40001ED1BAF1000F73D0002E71D094F85000EC
:108D5000012815D0012784F85070032084F85100B1
:108D600000256565C4F830A0A686E686A563A587BC
:108D7000E58765642564A068B0F5004F03D00CE07A
:108D80000220BDE8F88F2068016821F040010160F1
:108D90002068016841F4804101602068016849064B
:108DA00003D4016841F040010160E068B0F5006F54
:108DB000606803D048B3012E27D047E008B1012EE8
:108DC0001FD1206B21680088C86006E02068816898
:108DD000890709D5216B0988C160206B801C20633D
:108DE000E08E401EE0860CE0FEF79EFEA0EB09013F
:108DF000414503D3B8F1FF3F03D035E0B8F1000F90
:108E000032D0E08E0028E1D123E0206B2168007889
:108E1000087306E02068816889070AD5216B097804
:108E20000173206B401C2063E08E401EE0860DE045
:108E30002BE0FEF779FEA0EB0901414503D3B8F121
:108E4000FF3F03D010E0B8F1000F0DD0E08E0028F6
:108E5000E0D14A464146204602F0CCF808B1202035
:108E60006065A06830B109E084F8517084F8505012
:108E7000032086E72068C1688068009084F85170FC
:108E800004F8505F60680028F3D0012079E72DE9ED
:108E9000FF4F81B01D46934604464FF001090E9ED8
:108EA000FEF742FE074694F851006168012806D09B
:108EB000B1F5827F3CD1A168C9BB042838D10298A2
:108EC000002871D0BBF1000FFBD0002DF9D094F831
:108ED000500001282CD04FF0010A84F850A094F8DB
:108EE0005100042802D0052084F851004FF00008FA
:108EF000C4F85480C4F838B0E587A5870299216387
:108F0000E586A586C4F84080C4F8448020680168DE
:108F1000490603D4016841F040010160E068B0F502
:108F2000006F606808D0F0B3012D49D081E0FFE701
:108F3000022005B0BDE8F08F08B1012D39D1206BBA
:108F400021680088C860206B801C2063E08E401E72
:108F5000E0862EE02068816889070FD5E18E69B12F
:108F6000B9F1010F0AD1216B0988C160206B801C07
:108F70002063E08E401EE0864FF000092068816883
:108F8000C9070CD0E18F51B1C068A16B0880A06BFC
:108F9000801CA063E08F401EE0874FF00109FEF7C0
:108FA000C3FDC01B01E00BE067E0B04201D3701CC1
:108FB00050D1E08E0028CDD1E08F0028CAD13EE00C
:108FC000206B216800780873206B401C2063E08EC2
:108FD000401EE0862DE02068816889070FD5E18E6C
:108FE00069B1B9F1010F0AD1216B09780173206BC6
:108FF000401C2063E08E401EE0864FF00009206890
:109000008168C9070CD0E18F51B1C068A16B0870AD
:10901000A06B401CA063E08F401EE0874FF0010969
:10902000FEF782FDC01BB04202D3701C01D011E0DC
:1090300086B1E08E0028CED1E08F0028CBD13A4611
:109040003146204601F0D6FF50B12020606584F8FB
:10905000508012E084F851A084F85080032068E723
:10906000A06818B92068C1688068009084F851A091
:1090700084F85080606D0028F1D0012059E710B5C8
:10908000401EB0F1807F01D3012010BD4FF0E024DD
:1090900060610F21601703F0A8FD0020A061072088
:1090A0002061002010BD70477047000070B590F837
:1090B0003C20012A2CD0012480F83C40022280F878
:1090C0003D2003685A689D6822F070060A683243A2
:1090D0005A60104B02689A420ED00F4B9A420BD046
:1090E000B2F1804F08D00D4B9A4205D00C4B9A42FA
:1090F00002D00C4B9A4204D1496825F080031943F1
:10910000916080F83D40002180F83C10084670BD19
:10911000022070BD002C01400034014000040040DA
:1091200000080040000C004010B5040003D094F883
:109130003D0010B107E0012010BD002084F83C0084
:10914000204600F01FF8022084F83D00211D206811
:1091500002F0A4F8012084F8460084F83E0084F868
:109160003F0084F8400084F8410084F8420084F80D
:10917000430084F8440084F8450084F83D00002052
:1091800010BD000008B5154A0168154891420ED17E
:10919000816941F4006181618069002200F400600E
:1091A000009011461920FFF795F8192010E0B1F151
:1091B000804F11D1C16941F00101C161C069002234
:1091C00000F00100009002211C20FFF783F81C2012
:1091D000BDE80840FFF771B808BD0000002C014051
:1091E0000010024090F83D10012901D00120704785
:1091F000022180F83D1000680E4988420ED00E49C9
:1092000088420BD0B0F1804F08D00C49884205D07D
:109210000B49884202D00B49884204D1816801F091
:109220000701062903D0016841F001010160002017
:1092300070470000002C0140003401400004004051
:1092400000080040000C004090F83D10012901D0BA
:1092500001207047022180F83D100168CA6842F081
:109260000102CA6000680E4988420ED00D4988424A
:109270000BD0B0F1804F08D00B49884205D00B4984
:10928000884202D00A49884204D1816801F007016E
:10929000062903D0016841F00101016000207047F8
:1092A000002C014000340140000400400008004050
:1092B000000C004070B5044690F83C0000250128E1
:1092C00017D0012684F83C60022084F83D00206815
:1092D000826822F0770222F47F4282600868502878
:1092E00038D00DDC20284FD005DC90B3102811D1E8
:1092F0004AE0022070BD302846D040280AD13BE029
:1093000060282FD070280DD0B0F5805F03D0B0F565
:10931000005F12D0012584F83D60002084F83C00F5
:10932000284670BDCB68D1E90121206802F004F81D
:109330002068816841F0770109E0CB68D1E901211B
:10934000206801F0F9FF2068816841F48041816064
:10935000E1E719E0CA684968206801F0FFFF502181
:10936000206806E0CA684968206802F008F86021B1
:10937000206801F0EBFFCEE7CA684968206801F079
:10938000EDFF40212068F4E7226801461046F0E72F
:1093900070472DE9F04104460068C66805694FF042
:1093A0000007A90713D5B10711D5F91E01610120E6
:1093B0002077206880698007204602D0FFF7E8FF09
:1093C00004E000F07EF8204600F07CF8277768077C
:1093D00016D5700714D521686FF0040008610220CB
:1093E00020772068806910F4407F204602D0FFF784
:1093F000CFFF04E000F065F8204600F063F827771F
:10940000280715D5300713D521686FF008000861CB
:10941000042020772068C0698007204602D0FFF72B
:10942000B7FF04E000F04DF8204600F04BF8277736
:10943000E80616D5F00614D521686FF01000086113
:10944000082020772068C06910F4407F204602D0B1
:10945000FFF79EFF04E000F034F8204600F032F8F9
:109460002777E80708D0F00706D021686FF00100E1
:109470000861204600F027F8280608D5300606D5F2
:1094800021686FF0800008612046FFF70CFE680637
:1094900008D5700606D521686FF0400008612046A7
:1094A00000F01DF8A8060AD5B00608D521686FF0AF
:1094B000200008612046BDE8F041FFF7F5BDBDE89A
:1094C000F0817047704710B50068B0F1804F05D14A
:1094D00000F0CAFFBDE81040FAF7AEBF10BD7047FC
:1094E000704710B5040015D0242084F8410020688E
:1094F000C16821F40051C160204600F0AFF900209E
:10950000606484F8410084F8420044F8300F6060E1
:10951000207410BD012010BD416C82B0002926D0FE
:109520000068016841680091016841680091016824
:10953000416800910168416800910E49884203D159
:1095400001220D490D4807E00D49884207D10A491B
:109550000A480122491C483002B000F0D9BA094932
:10956000884204D10848006801684068009002B051
:1095700070470000004C004069000020A417002044
:109580000050004000480040C4180020F8B50168B1
:1095900004460868CA684B6910F00F0F4FF00005C9
:1095A00059D003F0010602F49077374365D0C10724
:1095B00005D0D10503D5616C41F00101616441071B
:1095C00005D5D90703D0616C41F0020161648107C0
:1095D00005D5D90703D0616C41F00401616401072E
:1095E00007D502F02001314303D0616C41F008013E
:1095F0006164616C00293AD0800604D5900602D5DA
:10960000204602F034FA20684069616CC0F3801093
:10961000090700D460B3204602F002FA20684069CE
:10962000400621D52068143050E8001F21F0400189
:1096300040E80012002AF5D1E06BA8B16D49416302
:10964000E06BFDF76BFE002811D0E06B416B01B0C1
:10965000BDE8F040084783060FD593060DD5204698
:10966000BDE8F84002F003BA2046FFF755FFF8BD09
:109670002046FFF751FF6564F8BD266B2023012EBD
:109680007CD1C6067AD5D60678D508684868009099
:1096900048694FF00206400640D5E16B0868406813
:1096A0000004000CE8D0A28D8242E5D9E0858869EB
:1096B00020282DD020680C3050E8001F21F4807144
:1096C00040E80012002AF5D12068143050E8001F4D
:1096D00021F0010140E80012002AF5D12068143081
:1096E00050E8001F21F0400140E80012002AF5D1A7
:1096F00084F84230256320680C3050E8001F21F0C8
:10970000100140E80012002AF5D1E06BFDF7E3FDFF
:109710006663A08DE18D401A81B22AE0A08DE18DB3
:10972000401A81B2E08D0028A6D00029A4D022687A
:109730000C3252E8000F20F4907042E80007002F2E
:10974000F5D12068143050E8002F22F0010240E8E3
:109750000027002FF5D184F84230256320680C30B3
:1097600050E8002F22F0100240E80023002BF5D132
:1097700066632046FFF7B4FEF8BDFFE705062BD56C
:10978000150629D594F841002128F5D1A068B0F537
:10979000805F01D12069B0B1206A411C216221683B
:1097A00000784860E08C401E0004000CE084E3D1A7
:1097B0002068C16821F08001C1602068C16841F063
:1097C0004001C160D8E7206A0088C0F30800486003
:1097D000206A801C2062E5E74006CDD55006CBD537
:1097E000CA68204622F04002CA6084F8413000F086
:1097F0001BFAC1E711BA000870B5040004D094F850
:109800004100002510B106E0012070BD84F84050F1
:10981000204600F07DF8242084F841002068C168CB
:1098200021F40051C160204602F082F920680169EC
:1098300021F4904101612068416921F02A014161D0
:109840002068C16841F40051C1606564202084F83B
:10985000410084F842006563002070BD10B5234BC1
:109860000268234923489A4209D1CA6922F4002296
:10987000CA614FF44061FDF795FF34200FE01E4BA5
:109880001E4C9A420FD1CA6922F48012CA619914FF
:10989000FDF788FF04212046FDF784FF3520BDE851
:1098A0001040FEF7F9BC1648824207D1886920F4BF
:1098B000804088614FF4C061124812E01248824231
:1098C00005D1C86920F40030C861602108E00F4864
:1098D00082420AD1C86920F48020C8614FF44071E7
:1098E0002046BDE81040FDF75DBF10BD004C0040B4
:1098F00000100240001001400050004000140140E0
:109900000038014000080140004400400048004089
:10991000F0B585B000240094019402940394036888
:109920007248714E051502210322714FB34225D1B1
:10993000C36943F40023C361C36903F400230493A0
:10994000836943F0100383618069CDE9005100F021
:109950001000CDE9032069463846FDF7D7FF6800BF
:10996000CDE90004694638460294FDF7CFFF002296
:1099700011463420FEF7AEFC342032E0DFF874C12B
:109980005D4E634531D1C36943F48013C361C3693C
:1099900003F480130493836943F0100383618369A4
:1099A00003F010030493836943F02003836180690B
:1099B000039200F020000490B014CDE90001694644
:1099C0003846FDF7A3FF0420CDE900046946304680
:1099D0000294FDF79BFF002211463520FEF77AFC2A
:1099E0003520FEF76AFC05B0F0BDDFF810C14FF47A
:1099F000007763451FD1836943F4804383618369A2
:109A000003F480430493836943F004038361806912
:109A1000CDE9007100F00400CDE90320384E69461D
:109A20003046FDF773FFCDE9005469463046029495
:109A3000FDF76CFFD7E7DFF8CCC0334D634525D188
:109A4000C36943F40033C361C36903F4003304936F
:109A5000836943F0200383618069039200F0200052
:109A600004902020CDE9000169463046FDF74EFF05
:109A70004020CDE90004694630460294FDF746FFD8
:109A8000686840F0E06040F008002AE0DFF87CC041
:109A90006345A8D1C36943F48023C361C36903F458
:109AA00080230493836943F02003836180690392D8
:109AB00000F0200004904FF48070CDE90001694669
:109AC0003046FDF723FFCDE9007469463046029425
:109AD000FDF71CFF686820F0300040F0E06040F0C7
:109AE000300068607FE70000004C0040001002403A
:109AF00000100140005000400014014000380140B7
:109B000000080140004400400000014000480040BF
:109B100090F84230202B01D00220704721B11AB1B9
:109B20000023036302F060B80120704710B50446BB
:109B300000681049884209D10F4801780F48F9F7A9
:109B40007FFD01220C490D48FFF7E2FF0C49206818
:109B500088420DD10B48017808484830F9F770FD6C
:109B600006480122BDE8104006494830FFF7D0BF43
:109B700010BD0000004C00402C000020A417002065
:109B8000005000402D0000202DE9F843044690F8D5
:109B90004100984616460D46202802D00220BDE816
:109BA000F88385B17EB100206064212084F84100F3
:109BB000FDF7BAFFA6848146E684A0682027B0F5A9
:109BC000805F02D003E00120E9E7206910B12E4652
:109BD00000250EE000260CE08021204602F01FF850
:109BE000A8B9C6B116F8010B21684860E08C401E88
:109BF000E084E08C4B464FF00002CDF80080002856
:109C0000EAD14FF04001204602F009F840B184F853
:109C100041700320C3E735F8020BC0F30800E3E707
:109C200084F841700020BAE77047FEE72DE9FF4154
:109C3000224C206940F4800020610A2003F0B0FE2D
:109C4000206920F480002061002400940194029493
:109C50001B480394FDF76EFF4FF480661120CDE999
:109C60000060012002900320164D039069462846AB
:109C7000FDF74CFEEF14CDE9007469462846FDF768
:109C800045FE002231462846FDF749FF0A2003F031
:109C900087FE012231462846FDF741FF0A2003F0E6
:109CA0007FFE39462846FDF72DFF012802D0641CAF
:109CB000092CE6DB00F0B8FDBDE8FF810010024092
:109CC0005C160020000C01407FB5224C206940F456
:109CD000001020610A2003F063FE206920F40010C8
:109CE000206100240094019402941B480394FDF722
:109CF00021FF4020009011200190012002900320BC
:109D0000164D039069462846FDF700FE8020CDE9F8
:109D1000000469462846FDF7F9FD00224021284647
:109D2000FDF7FDFE0A2003F03BFE012240212846FC
:109D3000FDF7F5FE0A2003F033FE80212846FDF7EB
:109D4000E1FE012802D0641C092CE6DB00F04EFD88
:109D50007FBD00000010024008160020000C0140EA
:109D600001684A69D24352050FD46FF480624A6198
:109D7000002140F8301F202242738173026942F0B3
:109D80000402026101730120704700207047000047
:109D90002DE9F043A5B0894604461746402113A893
:109DA000F6F747FB7806050E402103A8F6F741FBBE
:109DB00003AE64200096CDE9015001232246102114
:109DC0001D48FDF795FF002827D11CA0042100683D
:109DD00023908DF88D409DF80C008DF88F0023A8FE
:109DE000FAF75CFB9DF80D10814215D19DF80C002F
:109DF00002248DF84C0001250DF14C0812E0305D75
:109E000008F805008DF89000012124A8641CFAF7D9
:109E100045FB315D814203D0012025B0BDE8F083D0
:109E2000641C6D1CBD42EAD33A46494613A8FAF7B2
:109E3000A0FD0020F1E7000008160020100011002E
:109E40002DE9F04117468846064600243A46414629
:109E50003046FFF79DFF050003D0FFF735FF0520D3
:109E600013E0402E0CD1032F0AD398F8000038B924
:109E700098F80100FF2803D198F80200FF2802D0CB
:109E80000020BDE8F0810225284601F02BF9641C72
:109E9000E4B2032CDAD32846F3E700002DE9F84FAB
:109EA0000446006889460B9D01689846174641F4B0
:109EB000806101602068016841F480710160009553
:109EC0004FF0011B0022594620460A9B00F0E4F89F
:109ED0004FF4007A40B120680068C00501D5C4F88D
:109EE00040A00320BDE8F88F216809F0FE0008615A
:109EF0002B46284920460A9A00F016F9F0BB206844
:109F00004169806900902A4620460A9900F0A2F92A
:109F100040B1206C04283AD12068016841F40071F6
:109F2000016034E0FEB2B8F1010F09D02168380AAF
:109F300008612A4620460A9900F08CF90028E8D1E9
:109F4000206806612A4620460A9900F083F9002815
:109F5000DFD12068016841F4807101600095002222
:109F6000594620460A9B00F097F80028B3D1216893
:109F700009F0FF0040F00100086100E007E02B4617
:109F8000044920460A9A00F0CFF80028AAD0012000
:109F9000A8E70000020001002DE9F843044600682C
:109FA0000D46DDE9089701689846164641F4807130
:109FB00001604B4600224FF001112046009700F04F
:109FC0006BF848B120680068C00502D54FF40070F6
:109FD00020640320BDE8F883216805F0FE000861D5
:109FE0003B464A461549204600F09EF888B920684D
:109FF0004169806900903A464946204600F02AF9B6
:10A0000048B1206C042804D12068016841F4007133
:10A0100001600120DEE7F5B2B8F1010F09D0216837
:10A02000300A08613A464946204600F013F90028F4
:10A03000E7D1206805610020CCE7000002000100A4
:10A0400070B516460D4604461EE02046FFF788FE12
:10A0500008B1012070BD681C16D0FDF765FD801B9E
:10A06000A84200D885B920684069C04340070BD595
:10A07000002044F8300F20216173A073216941F062
:10A08000200121612073E4E720684069C043400754
:10A09000DBD4002070BD00002DE9F047984617463C
:10A0A0000D460446C1F30746DDF820902AE000BFC4
:10A0B000B8F1FF3F26D0FDF737FDA0EB0901414580
:10A0C00002D8B8F1000F1DD12068012E16D080698A
:10A0D00025EA00000004000C12D00020B84211D183
:10A0E000002044F8300F20216173A073216941F0F2
:10A0F0002001216120730120BDE8F0874069E7E776
:10A100000120EBE72068012E0AD0806925EA0000D3
:10A110000004000C06D00020B842C9D00020EBE7B4
:10A120004069F3E70120F7E72DE9F0479846164626
:10A130000D4604464FF000094FF0200AC1F30747CF
:10A1400023E020684069C043400515D420680168B9
:10A1500041F40071016021686FF480604861C4F8C7
:10A16000309084F83DA084F83E90216C41F00401C9
:10A17000216484F83C9021E0701C06D0FDF7D4FCEB
:10A18000A0EB0800B04203D816B1012F1FD021E088
:10A190002068012F15D0806925EA00000004000C1A
:10A1A00018D000BF44F8309F84F80DA084F80E90BA
:10A1B000216941F02001216184F80C900120BDE863
:10A1C000F087406925EA00000004000CEAD120680D
:10A1D000406901E02068806925EA00000004000C65
:10A1E000AFD1ECE72DE9F041002590460E4604463C
:10A1F000202728E04069C043C0060CD454F8301B27
:10A200006FF01000486144F810596777A577206A0D
:10A210002062257714E0FDF787FCA0EB0800B04230
:10A2200000D886B920684069C04340060BD544F881
:10A23000305F6773A573206940F0200020612573AB
:10A240000120BDE8F08120684169C9434906D1D4A5
:10A250000020F6E770B516460D4604461EE020467F
:10A26000FFF77EFD08B1012070BD681C16D0FDF718
:10A270005BFC801BA84200D885B920684069C043B8
:10A2800000060BD5002044F8300F20216173A07325
:10A29000216941F0200121612073E4E720684069D1
:10A2A000C0430006DBD4002070BD00002DE9F0475C
:10A2B00094B00E4682461746402103A8F6F7B9F837
:10A2C00078064FEA10681AA00321006813908DF8F1
:10A2D0004DA030788DF84E0030788DF80C0013A822
:10A2E000FAF7DCF802248DF80D0001250DF10C09B8
:10A2F0000EE0715D09F80410705D8DF80000012119
:10A300006846641CFAF7CAF809F80400641C6D1C5E
:10A31000BD42EED36422CDF80090CDE90182012345
:10A32000524610210348FDF711FE14B0BDE8F08736
:10A3300010000000081600202DE9F04116460F46D7
:10A3400080460024324639464046FFF7AFFF0500FD
:10A350000BD0FFF7B9FC052000F0C4FE641CE4B28A
:10A36000032CEFD32846BDE8F0810020FBE7000076
:10A370002DE9F04F3A4D87B01646884681460024B5
:10A380004FF0010B04EB440305EBC302577D4FB1C3
:10A3900055F83330834205D192888A4202D1FF2C8E
:10A3A00004D02CE0641CE4B2092CEBD35FF0000471
:10A3B00004EB440005EBC000407D30B1641CE4B206
:10A3C000092CF5D307B0BDE8F08FFF2CFAD0182187
:10A3D0006846F6F72EF8182222496846F5F7CDFFB1
:10A3E00004EB440A05EBCA07182269463846F5F71C
:10A3F000C4FF45F83A90A7F8048087F815B004EB3D
:10A40000440005EBC004A079B042DBD0A6716EB168
:10A41000042E0DD0012E13D04FF4FA70022E14D05A
:10A42000032ECFD1E06040F2DC500FE0012200E0CB
:10A43000002207B041464846BDE8F04FFDF76FBB2C
:10A44000FA20E06040F6A66000E0E060206184F859
:10A4500014B0FDF769FBE1680844A060E8E700007C
:10A46000440A00205C2101082DE9F041FDF75CFB66
:10A47000154E0746002500BF05EB450006EBC0045E
:10A48000617DD9B1A179C9B1042917D0A168B942B8
:10A4900014D8217D56F830000029A18806D0012269
:10A4A000FDF73DFB00202075206905E00022FDF747
:10A4B00036FB01202075E0683844A0606D1CEDB2C9
:10A4C000092DD9D3BDE8F081440A00203EB5002112
:10A4D0001E48009101911C4A02910260921582600F
:10A4E00001240473017504254FF460220561C261E3
:10A4F0004160FCF757F818BB0A20CDE90004072497
:10A50000694612480294FBF75DFFC8B90220CDE905
:10A51000004069460D48FBF755FF88B90E200090B2
:10A520000320019069460948FBF74CFF40B90F2012
:10A53000CDE9000569460548FBF744FF002801D036
:10A54000FBF74CFE3EBD000000240140B01500208A
:10A5500030B51C488BB01A49016004210024C0E9C1
:10A5600001144FF44021C0E903414FF480114161CF
:10A570000476012545768576C57604774477FCF721
:10A58000FFFBC8B903940E200494CDE90850CDE92F
:10A590000645059400940194029469460948FCF725
:10A5A000E9F948B90748FCF763FE28B902210548D4
:10A5B000FCF770F9002801D0FBF710FE0BB030BD9E
:10A5C00000640040E01500202DE9F04F85B0002424
:10A5D0007D480094019402940394816941F0010143
:10A5E0008161816901F00101049178494A6822F092
:10A5F000E06242F000724A60816941F010018161BD
:10A60000816901F010010491816941F004018161C7
:10A61000816901F004010491816941F008018161BF
:10A62000816901F008010491816941F04001816173
:10A63000816901F040010491816941F0200181614B
:10A640008069DFF88C9100F020000490012244F230
:10A65000C0314846FDF763FA002248F2020148463D
:10A66000FDF75DFADFF86CB1002248F2760158463A
:10A67000FDF755FA002237215748FDF750FA4FF4FD
:10A680008058012241465448FDF749FA002240F61D
:10A6900001015248FDF743FA01224FF470414F483F
:10A6A000FDF73DFA012211025846FDF738FA4FF442
:10A6B000005002268DE8510069464846FDF726F90C
:10A6C0004CF2C2300125CDE90005CDE902466946CC
:10A6D0004846FDF71BF90827CDE90074694648464E
:10A6E0000294FDF713F9CDE90054694658460294E7
:10A6F000FDF70CF94FF4BB70CDE90005CDE902463A
:10A7000069465846FDF702F935480097CDE901043E
:10A7100069465846FDF7FAF83720CDE90005CDE93E
:10A72000024669462C48FDF7F1F84FF47E508DE85B
:10A730003100DFF8B0A069465046FDF7E7F84FF466
:10A7400000492948CDF80090CDE9010569465046F9
:10A75000FDF7DCF8CDE900854FF00308CDE90248AC
:10A7600069461D48FDF7D2F84FF47840CDE9000561
:10A77000CDE9024669461948FDF7C8F8CDF80090C2
:10A78000CDF80C80CDE9015469465846FDF7BEF876
:10A79000CDF80C800095CDE9015469460F48FDF7CE
:10A7A000B5F80097CDE9014669460B48FDF7AEF8CC
:10A7B000002202212820FDF78DFD2820FDF77DFDD8
:10A7C00005B0BDE8F08F000000100240000001401D
:10A7D0000010014000080140000C0140001401403D
:10A7E0000000111000180140000021100C4810B5A5
:10A7F0000A4901600B49416000214FF480428160A9
:10A80000C0E9031241618161C1610162FDF7ACF9E8
:10A81000002801D0FBF7E2FC10BD0000005400400E
:10A8200008160020801A06000C4810B50A4901607D
:10A830000B49416000214FF480428160C0E903125E
:10A8400041618161C1610162FDF78EF9002801D08B
:10A85000FBF7C4FC10BD0000005800405C1600204F
:10A86000A08601000F4810B50D4901604FF48271B8
:10A87000416000218160C1604FF400720161C0E954
:10A8800005121822C0E90721416281620A21C162D2
:10A89000FEF704F9002801D0FBF7A0FC10BD000072
:10A8A00000380040BC16002010B586B000241548C2
:10A8B0000094019402940394049411490594016056
:10A8C0003F21C0E901144FF6FF71C0E90314446150
:10A8D0008461FEF729FC78B94FF4805000906946F6
:10A8E0000848FEF7E7FC38B9049404A90548059424
:10A8F000FEF7DCFB002801D0FBF770FC06B010BDB2
:10A90000002C01401417002010B586B00024154813
:10A91000009401940294039404944FF080410594B0
:10A9200001603F21C0E9011440F2E731C0E903149E
:10A9300080218161FEF7F8FB78B94FF480500090D8
:10A9400069460848FEF7B6FC38B9049404A90548DE
:10A950000594FEF7ABFB002801D0FBF73FFC06B0E7
:10A9600010BD00005C170020FEE7FEE72DE9F04176
:10A9700007F028F9394E314607F06CF9384907F0ED
:10A980000BF83849394C054608603749884216DAD1
:10A990003748384F85425EDD2946304607F092FA47
:10A9A00006463549284607F055F9314606F0F4FFCA
:10A9B0003249334D086033492860884202DB204623
:10A9C000BDE8F0813049884245DD304E002400BFAB
:10A9D00056F8240007F0F6F8296807F007FA37D888
:10A9E00006EB8400406807F0EDF8296807F0FEF8F0
:10A9F0002ED256F8240007F0E5F8074606EB84004F
:10AA0000406807F0DFF80646A4F11E0007F0C2F820
:10AA10008046A4F11D0007F0BDF8044631463846D3
:10AA200007F050FA07464146204607F04BFA044625
:10AA30003146286807F046FA214607F00BF93946F7
:10AA400006F0AAFF414606F0F1FE11490860B7E79B
:10AA5000641C872CBCDB3846B2E70000333353401C
:10AA600000F07F45680200205C8F52400000F0C17A
:10AA70000AD7233C0000D24200401C466C02002052
:10AA800070020020808EE347004057447421010883
:10AA900074020020FDF79CBC704700002DE9F05FB8
:10AAA000684CE079002845D00126E670FDF73CF8B7
:10AAB000616A0746401AE2790025DFF88CA1DFF8C9
:10AAC0008CB1F103624BDFF88C81082A7ED2DFE87B
:10AAD00002F0B60415333C454D575F4D0122042169
:10AAE0002846FDF71CF8012202212846FDF717F839
:10AAF0009520F9F72BFF022067621AE0322819D35C
:10AB0000F6F7C6FA55485749058055480580564816
:10AB1000AAF80050ABF800500160544888F8006073
:10AB2000057053480570534805705348057003205D
:10AB30006762E071BDE8F09F3228FBD3012218461E
:10AB4000FCF7EDFF04206762F3E7C828F2D3002288
:10AB50001846FCF7E4FF05206762EAE76428E9D3BA
:10AB60001220F9F7F3FE06206762E2E76428E1D3DA
:10AB7000F7F79AFA9A20F9F7E9FE07206762D8E713
:10AB8000B0F5FA7FD6D3DFF8F49088F8006042F28F
:10AB90001072B9F800104746914249D938480078F8
:10ABA00008B1F7F71BF9F8F7B1F9F8F78BFADFF806
:10ABB000D480A8F8000001F00BFE2848B9F8001076
:10ABC0000180314801882648018000E037E02F48A5
:10ABD0000188AAF800102E48B8F80010ABF8001051
:10ABE000016821480160F7F733F92A4805702A48BF
:10ABF00005702A4805702A4805702A4805702A48B9
:10AC000005702A4805702A4805702A480570F6F72D
:10AC10006DFB29480022042106700F4E3D7030461E
:10AC2000FCF77DFF002202213046FCF778FF06E0AA
:10AC300040F6B83188427FF67DAF88F80050E57164
:10AC4000E57077E730000020820200207A020020C1
:10AC5000001001406200002000080140780200203E
:10AC6000800200200000C8427C0200206300002017
:10AC7000640000206600002067000020160100200C
:10AC8000DC0000201C010020180100201A01002017
:10AC9000740100208E0000208D0000208F00002015
:10ACA00091000020900000208C0000208B000020EC
:10ACB000D90000209200002068000020F0B5044672
:10ACC0006548ADF5157D007801287DD1442103A8A4
:10ACD000F5F7AFFBFF208DF80C0010208DF80D006C
:10ACE0005E4A002003A900BF32F8103001EB400596
:10ACF000401C6B801028F7DB594D0820594E8DF809
:10AD00002E003146286806F0A5FF574F394606F059
:10AD10008DFD06F003FFADF82F003146686806F0A0
:10AD200099FF394606F082FD06F0F8FEADF83100D5
:10AD30003146A86806F08EFF394606F077FD06F02A
:10AD4000EDFEADF833003146E86806F083FF394682
:10AD500006F06CFD06F0E2FEADF8350043483146E2
:10AD6000006806F077FF394606F060FD06F0D6FE73
:10AD7000ADF837003E483146006806F06BFF3946B3
:10AD800006F054FD06F0CAFEADF839003146A86958
:10AD900006F060FF394606F049FD06F0BFFEADF84B
:10ADA0003B0034483146006806F054FF394606F04F
:10ADB0003DFD06F0B3FEADF83D002F480088ADF82C
:10ADC0003F002E48008800E043E0ADF841002D48E8
:10ADD0002B49006806F0E0FD2B4909680E4606F095
:10ADE00039FF06F0B7FE0546304606F0B3FE0146D1
:10ADF0004FF6FF70ADF8430004228DF84520ADF802
:10AE00004600224803AA0088ADF84800280C8DF8B7
:10AE10004A00280A8DF84B008DF84C50080C8DF82C
:10AE20004D00080A8DF84E008DF84F104FF4007158
:10AE300014A803F0EDFE00280BDD14A9A022CDE933
:10AE4000002180B202904623FF222021204604F0F8
:10AE5000A1FB0DF5157DF0BD720000203C0B00201C
:10AE60005C0B00200000204100B02A45A00100201A
:10AE7000A40100209C0100201C01002016010020DC
:10AE80000000C842740100209401002084010020C9
:10AE90007FB50646002014460D4602460390422C1C
:10AEA00011D0442C0FD0922C0DD0932C0BD0952C7C
:10AEB00009D0472C07D0512C05D0962C03D0942CC8
:10AEC00001D04F2C04D103A9284602F043FD0222F1
:10AED00003A80094CDE9010246232A4620213046EA
:10AEE00004F058FB04B0002070BD70B594B00C465F
:10AEF00005461646402103A8F5F79BFA3246402145
:10AF000003A804F0A8F800280EDD03A99422CDE9D7
:10AF1000002180B20290462322462021284604F0D8
:10AF200039FB002014B070BD0120FBE77FB50C4653
:10AF3000054603A9104602F00DFD022203A99A203E
:10AF40008DE80700462322462021284604F022FBF4
:10AF500004B0002070BD1FB50A46044603A9104680
:10AF600002F0F8FC022203A941208DE807004623E5
:10AF7000FF222021204604F00DFB1FBD0148FDF7F4
:10AF80001DBD0000BC16002010B5406A0021C1871D
:10AF9000C186FDF711FD10BDF8B5044640684FF4B9
:10AFA0008273984217D1A0684FF48065B0F5004FC6
:10AFB00001D0A8420FD12068066826F0400606603E
:10AFC0006068984207D1A068A84204D100920B465D
:10AFD0000022012103E000920B460022802120463E
:10AFE00000F022F8002804D0606D40F02000606579
:10AFF0000320F8BDF8B515460E460B4600920446F0
:10B000000122022100F010F840B9334600228021CD
:10B010002046009500F008F8002804D0606D40F04C
:10B02000200060650320F8BD2DE9F8431E469146D7
:10B0300088460446089DFCF777FD401B351AFCF74F
:10B0400073FD074625480068C0F3CB30684338E0FD
:10B05000701C37D0FCF768FDC01BA84203D215B1A5
:10B06000009860B32CE02068416821F0E001416065
:10B070006068B0F5827F0BD1A068B0F5004F02D0B8
:10B08000B0F5806F04D12068016821F040010160B3
:10B09000A06AB0F5005F09D12068016821F4005171
:10B0A00001602068016841F400510160012084F8CA
:10B0B0005100002084F850000320BDE8F8830025EB
:10B0C000401E00902068816838EA010004D0002109
:10B0D0004945BDD10020F0E70121F9E790020020A9
:10B0E0007047000070B505460848FDF76EF800246B
:10B0F0004FF47A7606E0304602F052FC0348FDF742
:10B1000064F8641CAC42F6D370BD0000B016002099
:10B1100010B586B0002300938DF80000000A02935A
:10B120008DF801002AB1C8B2012A30D0022A47D0D6
:10B1300044E0022269463E20FFF7FEF800281ED1B7
:10B14000FCF7F2FC0446022201A93E20FEF778FE3D
:10B15000002814D19DF804009DF80010884205D104
:10B160009DF805009DF8011088420AD0642002F085
:10B1700017FCFCF7D9FC001B6428E4D9032006B0B7
:10B1800010BD20221E494020FEF75AFEF7E78DF839
:10B190000200032269463E20FFF7CEF80028EED1D8
:10B1A0000120FFF79FFF03216846F9F7C1FB8DF8E7
:10B1B000080005201AE00120FFF794FF0020DEE7D9
:10B1C0008DF80200080A8DF80300042269463E202B
:10B1D000FFF7B2F80028D2D10120FFF783FF042146
:10B1E0006846F9F7A5FB8DF8080006208DF80900E0
:10B1F000022202A96020FFF79FF80028DBD0BEE7FB
:10B200001C0B0020FCF7E8BF10B596B0282168465B
:10B21000F5F70FF914210AA8F5F70BF918210FA873
:10B22000F5F707F9092000904FF480304100CDE98F
:10B2300001010121049102240691CDE907404FF458
:10B24000C01009906846FDF727FAA8B90F20CDE98C
:10B250000A0400206102CDE90C010E9002210AA827
:10B26000FDF73AF940B94FF4404011900F940FA800
:10B27000FDF7BCF8002801D0FAF7B0FF16B010BDFA
:10B28000704700000148FEF784B800001417002042
:10B290000148FEF77EB800005C170020F0B5026898
:10B2A000204C214D214E224F224B4FF0804CA0428A
:10B2B00009D0984207D0604505D0A84203D0B042DB
:10B2C00001D0B84204D122F0700E4A6842EA0E0260
:10B2D000A04209D0984207D0604505D0A84203D0CB
:10B2E000B04201D0B84203D122F44075CA682A4363
:10B2F0004D6922F080022A4302608A68C2620A68AD
:10B300008262A04201D0984201D109690163012102
:10B3100041610169C90703D0016921F0010101619F
:10B32000F0BD0000002C0140000400400008004077
:10B33000000C00400034014010B5846842EA03224A
:10B3400024F47F440A432243826010BD826822F0C5
:10B3500070020A4342F007018160704710B5036A2A
:10B36000046A24F001040462846924F0F00444EACD
:10B37000021423F00A020A438461026210BD10B570
:10B38000036A046A24F010040462846923F0A003B1
:10B3900024F4704444EA023243EA011182610162FA
:10B3A00010BD000070B50546FCF7BEFB044604E086
:10B3B000FCF7BAFB001B03280CD82846FBF7CCFB94
:10B3C0000028F5D02846BDE87040034B03491A1DFC
:10B3D000FBF772BA70BD000004000020F42A0020C0
:10B3E00070B51F4CE079E178084337D10125E5714C
:10B3F000FCF79AFB6062E57004229401214619482B
:10B40000FEF7B6FF184D0422D1012846FEF7B0FF23
:10B41000042221462846FEF7ABFF0422802128465D
:10B42000FEF7A6FF042240212846FEF7A1FF0F4C9D
:10B430000422D1022046FEF79BFF0422110320467E
:10B44000FEF796FF042251032046FEF791FF2046A7
:10B45000BDE8704004229102FEF78ABF70BD000073
:10B46000300000200008014000100140001401409D
:10B470002DE9F14FFE488CB0007800287DD0FD48C2
:10B4800006AA01886420B1FBF0F1ADF81810FA4962
:10B49000098801EB81014900ADF81A10F7490988C4
:10B4A00001EB81014900ADF81C10F5490988B1FB99
:10B4B000F0F0ADF81E00F349F348F9F797FA0C984D
:10B4C000FFF770FFF14C0AAAEE492088ADF828007A
:10B4D000EF480088ADF82A00EB48F9F7B1FA0C986C
:10B4E000FFF760FFEB4808AA01880A20B1FBF0F1E2
:10B4F000ADF82010E849096891FBF0F0ADF82200A2
:10B50000E648E049008800EB80004000ADF82400E8
:10B51000DD48F9F738FA0C98FFF744FFD949DA48C3
:10B52000F9F776FA0C98FFF73DFF2078DC49002602
:10B53000092802D80120087002E00D2800D30E70FF
:10B54000D848D94ADC4D00781278DC4F1043D74AEE
:10B55000DFF86CC3DFF86C9312781043D44A147888
:10B56000D44A20431378184311D1D748007870B9D2
:10B57000287860B9387850B900E012E19CF80000F2
:10B5800028B999F80000042801D0012200E0002227
:10B59000CE48DFF83C83007898F8008040EA080045
:10B5A000DFF8308398F8008040EA08002043CA4C56
:10B5B0002478204313D1C948007880B9287870B91D
:10B5C000387860B99CF8000048B943B9C44800789D
:10B5D00028B999F80000042801D0012000E00020DB
:10B5E000C04B049605961B788DF8103009788DF8BD
:10B5F00011108DF813008DF8142004AAA149A24857
:10B60000F9F7D2F90C98FFF7CDFEB748DFF8E0B2B2
:10B61000DFF8E09200788DF80000B448B64DB949E3
:10B6200000788DF801009BF800008DF8020099F871
:10B6300000008DF8030028788DF80400AF480078EA
:10B640008DF80500AE4809780078084300D0012045
:10B650008DF80600AC4800788DF80700AB480078FC
:10B660008DF80800AA4800788DF80900A9480078EC
:10B670008DF80A00A84800788DF80B00A7480078DC
:10B680008DF80C00A648007800B101208DF80D005F
:10B69000A4486A467B4900788DF80E007A48F9F78D
:10B6A00094F90C98FFF77EFEFCF73EFA9E49096874
:10B6B000401A41F28831884273D2FCF735FA714F53
:10B6C000083F3968401AB0F5FA6F6AD3FCF72CFAD4
:10B6D000BE60FE60386095486A4C006818B12078FA
:10B6E00040F0C0002070DFF8A0814FF45471C8F81A
:10B6F0000860C8F800100821C8F810100C98FFF76F
:10B7000051FEBE60FE602078774940F00200207054
:10B710000978BA4609B1042100E0082108437349B9
:10B720002070097809B1102100E020210843207021
:10B730009BF8001009B1402100E0802108432070EF
:10B74000607899F8001009B1012100E00221084356
:10B7500040F028006070297809B1402200E0802282
:10B7600010436E4A6070A07812780AB1012200E09E
:10B77000022210436D4AA07012680AB1042200E050
:10B7800008221043A07009B1102100E020210843D5
:10B790005B495C4AA07009781278114302D04021BD
:10B7A00001E015E180210843A070E078082740F00F
:10B7B000AA00E07040F25A30C8F81070C8F80000D3
:10B7C00045460C98FFF7EEFD5648CAF80860CAF8DF
:10B7D0000C60007820700021554AD14666700846FA
:10B7E000135C0BB1491C89B2401C0328F8DBA17122
:10B7F000080AE07140F272302F612860B8460C9858
:10B80000FFF7D0FD4B48C9F80860C9F80C60008804
:10B810002070000A6070484820494F460088A07098
:10B82000000AE07045480988008801F2111100F211
:10B8300011102071000A6071A171080AE07140F2D4
:10B840007330C5F8108028600C98FFF7ABFD3C48BA
:10B85000BE60FE6001783B480A4A0078FAF70AFDAC
:10B860004FF45D70C5F8108028600C986CE0000003
:10B8700072000020040100200001002002010020CD
:10B880000601002008000020F42A00200801002002
:10B890000A010020FE000020640100200E010020AB
:10B8A000640200209F000020A0000020A7000020CC
:10B8B000A3000020AC000020A4000020A500002070
:10B8C000A800002030000020AA0000209E000020D8
:10B8D000A1000020A2000020A6000020A900002056
:10B8E000AD0000207E0000207F00002080000020AE
:10B8F00083000020840000208200002081000020BE
:10B90000C70000207900002085000020860000206C
:10B91000890000208A000020880000208700002085
:10B920007A000020780000206801002060020020DA
:10B930004F010020240100202201002010010020DE
:10B940009800002097000020FFF72CFD2348BE60E0
:10B95000FE6001782248204A0078FAF78BFC40F21A
:10B96000753028600C98FFF71DFD1E48BE60FE6014
:10B9700001781D48184A0078FAF77CFC40F27630CE
:10B9800028600C98FFF70EFD1848BE60FE60017835
:10B990001748114A0078FAF76DFC40F277302860BA
:10B9A0000C98FFF7FFFC1348BE60FE6000684FF480
:10B9B0007A71B0FBF1F026706670A070000AE0703A
:10B9C00040F27930C5F8108028600C98FFF7EAFC47
:10B9D0000DB0BDE8F08F00000800002096000020A8
:10B9E000950000209C0000209B0000209A00002071
:10B9F00099000020B40100200148FDF7C7BD0000F8
:10BA0000A41700200148FDF7C1BD0000EC1700207D
:10BA100010B5406A0021C185C184FDF77DFD10BDD0
:10BA200001680C3151E8002F22F4907241E80023A4
:10BA3000002BF5D10168143151E8002F22F00102EA
:10BA400041E80023002BF5D1016B012909D10168E0
:10BA50000C3151E8002F22F0100241E80023002BA6
:10BA6000F5D1202180F8421000210163704708B50C
:10BA700090F84210222901D0022008BD82684FF4BC
:10BA800080539A4201D1016921B1816A9A421BD047
:10BA90004AB10AE00268816A5268C2F308020A8069
:10BAA000816A891C08E0026972B10268526802F07A
:10BAB0007F020A70816A491C8162C18D491E090496
:10BAC000090CC18503D01BE002685268F1E70168E8
:10BAD000CA6822F02002CA600168CA6822F4807233
:10BAE000CA6001684A6922F001024A61202180F897
:10BAF000421000214163026B012A03D0FEF716F8C1
:10BB0000002008BD016301680C3151E8002F22F0CC
:10BB1000100241E80023002BF5D101680A68D20623
:10BB200002D50A6849680091818DFDF7D9FCE7E7E5
:10BB300070B5044600680169E26821F44051114380
:10BB400001612169A0680843616908432168CA68E6
:10BB500041F20C639A430243CA6020684169A269BA
:10BB600021F44071114341611E492068884202D18D
:10BB7000FCF758FD01E0FCF745FD00EBC00101EBCF
:10BB80000012606864218000B2FBF0F3B3FBF1F3B4
:10BB90006FF018067343B2FBF0F5B2FBF0F605EB5D
:10BBA0008305322303EB0515B5FBF1F5B6FBF1F682
:10BBB00005F0F00505EB0615B2FBF0F6B2FBF0F070
:10BBC000B0FBF1F06FF01802504306EB800003EB7E
:10BBD0000010B0FBF1F0216800F00F0028448860ED
:10BBE00070BD00000038014081628285C28500215D
:10BBF0004164222180F84210016921B10168CA68BC
:10BC000042F48072CA6001684A6942F001024A61E6
:10BC10000068C16841F02001C160002070472DE933
:10BC2000F843984617460D460446089E24E0701CCB
:10BC300022D0FBF779FFA0EB0800B0421AD8CEB1B2
:10BC40002068C168490717D5802D15D0402D13D025
:10BC50000168C94309070FD40168002540680090B6
:10BC60002046FFF7DDFE0820606484F84050012084
:10BC7000BDE8F8830320FBE72068006835EA000090
:10BC800004D00020B842D2D00020F1E70120F9E72B
:10BC90000148FAF777BF0000E015002010B541F227
:10BCA0001100F8F753FE0220FFF71CFA42F20100E0
:10BCB000F8F74CFE0220FFF715FA44F64F40F8F76C
:10BCC00045FE0220FFF70EFA44F64760F8F73EFE05
:10BCD0000220FFF707FA40F21440F8F737FE02207F
:10BCE000FFF700FA43F27260F8F730FE0220FFF728
:10BCF000F9F94FF6FF742046F8F728FE0220FFF707
:10BD0000F1F92046F8F722FEBDE810400220FFF7C7
:10BD1000E9B900002DE9FF5F00240094019402942A
:10BD20000F22824968460394F4F7E2FA0F2269462B
:10BD30007F48F4F7DDFA7F48DFF8FCA1007880B394
:10BD4000F7F78EF9C0F3003010B104218AF8001023
:10BD500000207A49764C4FF461634FF42F66012539
:10BD600031F810209A4200D32570B24200D8657095
:10BD7000401C1028F4DB72480088B0F5614F00D3F6
:10BD8000A570B0F52F4F00D8E5706E4942F6E0621D
:10BD9000B1F9000090420ADB9AF80020022A05D08F
:10BDA00005E0FFE7AAF80A40BDE8FF9F25718B4632
:10BDB00042F6E061C84204DC9AF80000032800D192
:10BDC0006571614801270668B146DFF87C81494604
:10BDD00058F8270006F00AF801D258F8279058F8CA
:10BDE0002700314605F002FF01D258F82760DFF83E
:10BDF0005C817F1C042FE8DB4946D8F8000005F081
:10BE0000F5FF01D2D8F800903146D8F8000005F0CF
:10BE1000EDFE01D2D8F800604D4F4946386805F074
:10BE2000E5FF01D2D7F800903146386805F0DEFE14
:10BE300000D23E6844484749474B806909689945A4
:10BE400004DBBBF90020322A00DDA571434A6FF004
:10BE5000310C914504DBBBF90030634500DCE57132
:10BE60003F4B9E4204DCBBF90070322F00DD25728F
:10BE70003C4FBE4204D3BBF90060664500DC6572EE
:10BE8000904200DBA572B84200D3E5723648814289
:10BE900000DB257335480068984204DA9AF8000000
:10BEA000022800D065730023244E4FF6FF72194616
:10BEB00036F81100984200D90346904200D202465B
:10BEC000491C1029F4DB981AB0F57A7F00DDA573C0
:10BED0002078627840EA4200A27840EA8200E27864
:10BEE00040EAC200227940EA0210627940EA421038
:10BEF000A27940EA8210E27940EAC210227A40EA4E
:10BF00000220627A40EA4220A27A40EA8220E27A63
:10BF100040EAC220227B40EA0230627B40EA4230A3
:10BF2000A27B40EA8230AAF80A003DE74A210108D4
:10BF3000350A00207D000020300000203C0B00204E
:10BF4000160100201C0100205C0B0020A001002035
:10BF5000A40100209C0100200000704200008242E9
:10BF60000000A040000070C10000B4427401002035
:10BF70002DE9F05FFBF7D8FD6A49CA68CAB1831A98
:10BF8000C8606948694A007812781043684A127894
:10BF90001043684A1278104300D00120664A674C6B
:10BFA000127824782243664C2478224303D0012659
:10BFB00002E00023E4E70026624A654C12882788E5
:10BFC0004FEAD23A604AB2F90050604A05F13204B1
:10BFD000652C128801D3012400E00024DFF874C12D
:10BFE00040F64E48BCF800C0C44502D24FF0010CE8
:10BFF00001E04FF0000CE146B2F52F4F04D81CB918
:10C000004AF6C002974201D9012700E0002744EA1E
:10C01000070C4CEA000C5CEA060C4FF47A7B4FF0FC
:10C02000000204D00A614A61C1E9062B08E0DFF88A
:10C030002881D1F810C0C44502D29C44C1F810C078
:10C04000B9F1000F01D000B98EB14A61DFF80CC11F
:10C050009CF800C05FEA0C0913D0DFF80481D1F826
:10C0600018C0C4450ED29C44C1F818C00AE0DFF8DD
:10C07000F480D1F814C0C445E8D29C44C1F814C07F
:10C08000E4E78A6114B1C1F81CB006E0CC699C42B7
:10C0900002D9E31ACB6100E0CA61334B1B78184325
:10C0A000324B1B781843324B1B781843314B1B78AB
:10C0B000184300D00120304C247849EA04032F4C67
:10C0C000247823432E4C247823432E4C2478234376
:10C0D00008D12D4B1B782BB92C4B1B7813B92C4B4B
:10C0E0001B7803B1012308B1042019E015F1320FC8
:10C0F00000DB0BB1032013E0322D02DC2548007871
:10C1000008B102200CE0BAF1000F08D03EB937B9EF
:10C11000214B0869984202D30A70BDE8F09F0120C4
:10C120000870FAE730000020EE000020EF00002049
:10C13000F0000020F1000020EB000020EC000020C7
:10C14000ED000020260100201C0100201601002027
:10C150001A0100202401002000B84C0A9E00002093
:10C16000C027090080EE360091000020A3000020C7
:10C17000AC000020B0000020A1000020A2000020A0
:10C18000A6000020A9000020A4000020A500002097
:10C19000A80000209F000020005C260570B52D4CF3
:10C1A00000252D48A17800294CD16179002949D07A
:10C1B0002A492B4A09781278114301D0012200E064
:10C1C00000222849284B09781B781943274B1B78F4
:10C1D0001943274B1B781943264B1B78194323D14E
:10C1E0002549097801BB25490978E9B92449097825
:10C1F000D1B924490978B9B923490978A1B92349A2
:10C20000097889B92249097871B92249097859B957
:10C210002149097841B92149097829B92049097882
:10C2200011B92049097801B10121638923F005037F
:10C230000AB1012001E011B10220607070BD0BB1A4
:10C240000320FAE7657000220121FBF768FCA57165
:10C2500070BD000030000020000C0140C70000202D
:10C26000910000209E000020A0000020A1000020DE
:10C27000A2000020A3000020A7000020A6000020AC
:10C28000A4000020AA000020A9000020A80000208F
:10C29000A5000020B0000020AF000020AD0000206D
:10C2A000AC000020AB00002070B5F7F729F81F4D57
:10C2B000A5F180042969206A11F0FF4F33D00646AA
:10C2C00005F000FE1A4920632E61884205D920F04E
:10C2D0000040216E05F0AAFA20661649206E0D4630
:10C2E00005F084FD20D8206E2946064605F054FB53
:10C2F00005F030FC616A0144616205F063FC294687
:10C3000005F0A8FC314605F0D3FD20660A4890F8F8
:10C310007C0008B1F5F73AFA606A05F053FCBDE815
:10C320007040F8F74BBE286170BD0000E0010020AE
:10C330000AD723BC00507548600000200D4810B596
:10C3400000780D4C042802D00C48007808B1012276
:10C3500000E0002204212046FBF7E1FB0848407B77
:10C3600008B1012200E000222046BDE81040022171
:10C37000FBF7D5BB30000020000C0140C8000020B6
:10C38000350A00202DE9F05FF748F84DF84E0078A7
:10C39000AF1550B300223946F648FDF7E9FF0022F9
:10C3A00069153046FDF7E4FF002239463046FDF7B7
:10C3B000DFFF002280213046FDF7DAFF0022402116
:10C3C0003046FDF7D5FF002269142846FDF7D0FF5F
:10C3D0000022B9012846FDF7CBFF0022F9012846CB
:10C3E000FDF7C6FF0022A914B2E1FFF7C1FDFFF778
:10C3F00091FCE1484178B9B9C178A9B9017999B9F5
:10C40000417989B9817979B9C17969B9017A59B91B
:10C41000417A49B9817A39B9C17A29B9017B19B907
:10C42000417B09B9807B08B1012400E00024D34896
:10C43000D34900780978084300D001208346D148C9
:10C44000D249D64B90F800A0CF480978007808432D
:10C45000CF490A78CF49104309780843CE49097873
:10C46000084301D1187800B101208146CC48DFF89B
:10C4700034C300789CF800C040EA0C001043CA4A5C
:10C4800012781043C94A1278104305D121B918789F
:10C4900010B9C748007800B101208046C54800782F
:10C4A00005287DD2DFE800F003112B6C0A00002282
:10C4B0004FF480512846FDF75BFF6CE000224FF4FB
:10C4C00080512846FDF754FF21E0042291022846BE
:10C4D000FDF74EFF0122D1032846FDF749FF0CB1BD
:10C4E000032200E000224FF480412846FDF740FF80
:10C4F000B148B249006888427DDD062490E00422FC
:10C5000091022846FDF734FFB9F1000F07D0002251
:10C510004FF400412846FDF72BFF042244E0BBF115
:10C52000000F24D0042251032846FDF721FF0022EA
:10C530004FF480412846FDF71BFF042239468D4801
:10C54000FDF716FF0422D1013046FDF711FF04224A
:10C5500039463046FDF70CFF042280213046FDF7B6
:10C5600007FF042240213046FDF702FFEDE04FF0C7
:10C570000402A4B34FF400412846FDF7F9FEAFE7EB
:10C58000042291022846FDF7F3FEB8F1000FBED158
:10C59000BAF1000F25D000224FF40041284600E0F8
:10C5A00007E0FDF7E5FE00224FF480412846FDF745
:10C5B000DFFE002239466F48FDF7DAFE00224FF415
:10C5C00000713046FDF7D4FE002239463046FDF7B3
:10C5D000CFFE002280213046FDF7CAFEBDE004E018
:10C5E00009E04FF00302002CC4D14FF4004128466B
:10C5F000FDF7BEFE76E77249884201DD05240FE0B3
:10C600007049884201DD04240AE06F49884201DD57
:10C61000032405E06D49884201DD022400E0012485
:10C6200064480078022809D0ECB304223946514806
:10C63000FDF79EFE022C64D3042263E0012C4DD052
:10C640000022DFF8308139464046FDF791FE012C8B
:10C6500004D9042239464046FDF78AFE022C3FD019
:10C660005FF000024FF4007841463046FDF780FE4F
:10C67000022C04D9042241463046FDF779FE032CF2
:10C6800030D0002239463046FDF772FE032C04D923
:10C69000042239463046FDF76BFE042C24D00022DC
:10C6A0008021304600E027E0FDF762FE042C04D92B
:10C6B000042280213046FDF75BFE052C16D00022B7
:10C6C00040213046FDF754FE052C04D904224021B8
:10C6D0003046FDF74DFE062C0AD00BE00222B0E7F3
:10C6E0000222BFE70222CDE70222D9E70222E7E7D2
:10C6F00002222BE0002229E0002239461D48FDF7E6
:10C7000037FE00224FF400713046FDF731FE032C56
:10C7100008D3042239463046FDF72AFE042C06D3FE
:10C72000042205E0002239463046FDF721FE0022B2
:10C7300080213046FDF71CFE052C0ED3042240213B
:10C740003046FDF715FE062CD4D304224FF40051D9
:10C750002846BDE8F05FFDF70BBE002240213046C1
:10C76000FDF706FEC6E7000032000020001401407D
:10C770000010014000080140350A00209F00002001
:10C78000AE0000209E000020A7000020AA0000208C
:10C79000A4000020A0000020A5000020A800002088
:10C7A000A6000020A9000020A1000020A200002077
:10C7B000AD00002030000020740100200000A642DF
:10C7C000CDCC844233334742CDCC0442CDCC8441DE
:10C7D0002DE9FF5FF6F794FDF6F7DAFDEA48EB4D39
:10C7E000807B95F83110084301D0012700E0002735
:10C7F000DFF89893002609F180094FF0010AB9F992
:10C800003C0009F18004B0F5FA7F0ADD95F87B0061
:10C81000F8B96069A067FBF787F9E06785F87BA046
:10C820001AE010F1C80F12DB0930122812D8D9F81B
:10C830007400C84618B9FBF777F9C8F87400FBF71D
:10C8400073F9D8F87410401AD149884204D985F890
:10C850007B6001E0C9F8746095F83E0095F82B10F4
:10C86000DFF830B30843DFF8308395F87D0020D03F
:10C8700010BBDFB966618220E661F8F767F82662CF
:10C88000606B60665946E06205F086F801904146AB
:10C89000606905F081F8019905F0DCF9A064F8F70A
:10C8A00004FC95F87C0008B1F4F770FF85F87DA0D2
:10C8B00002E008B185F87D6095F83F0095F82C10EE
:10C8C000084395F87E0022D000BBEFB9C4F814806D
:10C8D0008220C4F81C80F8F739F826626666E662A2
:10C8E0005946606B05F058F801904146606905F0C3
:10C8F00053F8019905F0AEF9A064F8F7D6FB95F866
:10C900007C0008B1F4F742FF85F87EA002E008B190
:10C9100085F87E6095F83E0095F83F10084395F83D
:10C920002B10084395F82C1008433BD1216A606E08
:10C9300005F0C8FA8246606B9849009005F08AF9C4
:10C94000514601F04EF80146002001F036F801464C
:10C95000E062009805F0B6FA009905F01DF841462E
:10C9600005F078F982460146E0616069009005F0C3
:10C97000A9FA20F000418A4881420ADD5046009918
:10C9800005F0A0FA874905F065F9009904F04EFF1B
:10C9900060614046616901F024F80146002001F021
:10C9A0000CF86061B9F836004DF6C0227E4990421D
:10C9B00072D3B9F93C0000286EDDC8286CDC4869E8
:10C9C0008A46401C4861782867D37849A06F88421E
:10C9D00006DDFBF7A9F8E16F401A7549884201D3DB
:10C9E000012000E00020B8431AD0606BE16A0746DE
:10C9F00005F068FA394605F065FA697809B16949C0
:10CA000000E0674905F026F9394604F00FFF0146BA
:10CA1000684800F0E6FF0146674800F0CEFF60631B
:10CA20006649606B04F0B8FF4746414605F012F9CD
:10CA3000634A02900121108832F81130834200D2FB
:10CA40001846491C1029F7DB05F0BCF8594604F0DC
:10CA5000A3FF5C4904F0A0FFB846394605F0FAF898
:10CA60000746606A039005F0ADF8574904F094FF5B
:10CA7000564905F0EFF8414605F01AFA394600F03C
:10CA8000B0FF0146524800F098FF01460398B0F508
:10CA9000FA7F03D24F4F02E057E057E04E4F38463F
:10CAA00005F0D8F8009039464FF07E5005F00AFAAC
:10CAB000029905F0CFF8009904F0B8FE01464FF056
:10CAC0008042464800F0AAFF0146404600F089FF38
:10CAD0000146434800F071FF07464146A06104F05B
:10CAE0005BFF364905F0B6F801463E48874203DA57
:10CAF000606B00F076FF6063C4F8148047468220C4
:10CB0000C4F81C80F7F722FF26626666E662594683
:10CB1000606B04F041FF80463946606904F03CFFD9
:10CB2000414605F097F8A064F8F7BFFAA069F8F756
:10CB3000DAFA95F87C0010B1F4F728FE6E70A7675A
:10CB400085F87B60CAF8146000E04E61B9F83600E1
:10CB500005F038F85E46594604F01EFF0546E16AC6
:10CB600005F078F807462846616B05F073F8314602
:10CB700004F012FF394600F034FF0146002000F0B7
:10CB80001CFFA062BDE8FF9F350A00206000002066
:10CB9000C027090000007A440000C842D7A3903F94
:10CBA0000AD7233CCDCC4C3DE00100200000F041F1
:10CBB00040771B008051B04800FC3748005299482C
:10CBC0003C0B00209A9959400000FA450000A04112
:10CBD0000000A042CDCCCC3DCDCC4C3E5C19002019
:10CBE000000070420000C442FEE70907090E002859
:10CBF00004DB00F1E02080F80014704700F00F0023
:10CC000000F1E02080F8141D704700002DE9F04F7E
:10CC10000F46044690F820108FB03D0E00200DF115
:10CC20002C0B4EF6187801264FF0040A99B10A90A1
:10CC30000790089009900590069081460390049013
:10CC4000009001900290002304220621204600F06B
:10CC500095FCB0B934E1E17F00297DD00A900790BE
:10CC600008900990059006908146039004900090EA
:10CC700001900290002301220621204600F07EFC54
:10CC800010B1DAA061699BE0207F10B101284ED07D
:10CC900087E0618B41452FD38DF82C50CDE9076992
:10CCA000CDE90996CDF80C90CDF81090CDE9059B13
:10CCB0004D46CDF80090CDF8049000230122C52107
:10CCC0002046CDF8089000F059FC10B1CFA0616962
:10CCD00076E00A95079508950995059506950395BB
:10CCE0000495009501950023012206212046029516
:10CCF00000F044FC0028C4D1CDF82890CDF8209055
:10CD0000CDF82490CDF81490CDF81C90CDF80C906F
:10CD1000CDF810900321CDF818900096CDE90119B7
:10CD200001223B4620211DE0C4A0616948E0618BDF
:10CD3000414536D3CDF82090CDF82490CDF82890F9
:10CD40000122CDF81C90CDF80C90CDF81090CDF8C4
:10CD500014903B46202100E037E0CDF81890009673
:10CD6000CDE901A9204600F009FC0028DCD14FF4F0
:10CD7000C8774D460DF13408CDE90886059507952D
:10CD80000695009503950495019500230122052140
:10CD900020460A96029500F0F1FB28B1B0A0616927
:10CDA0000EE0B7A061690BE09DF83400C0077CD0AD
:10CDB0000120E1687F1E8847002FDDD16169B9A09D
:10CDC000884701200FB0BDE8F08F06218DF82C10A8
:10CDD00083460090002301220BA9204600F060FD4D
:10CDE000002888D1207FC7F3074AC7F30729FFB27D
:10CDF00090B30128D5D1618B4145D2D320208DF845
:10CE00002C008DF82D508DF82EA000238DF82F903A
:10CE10008DF830700522CDF800B00BA9204600F047
:10CE20003FFD002880D14FF4C87505278DF82C7080
:10CE30000DAB01220BA92046009600F031FD002821
:10CE4000ACD19DF83400C00737D00120E1686D1ED9
:10CE50008847002DEAD1B1E7FFE7618B41451CD33C
:10CE6000C5208DF82C008DF82D505D460023022240
:10CE70000BA92046CDF800B000F012FD00287FF489
:10CE800025AF06208DF82C00002301220BA9204697
:10CE9000009500F005FD0028A3D120208DF82C007E
:10CEA0008DF82DA08DF82E9000E09BE000238DF8EA
:10CEB0002F700422CDF800B0AFE7002DCBD093E067
:10CEC000207FE8B3012895D1618B414595D3CDF8FA
:10CED0002890CDF82090CDF82490CDF81490CDF87E
:10CEE0001C90CDF80C90CDF81090CDF800A0CDF8A6
:10CEF0001890CDE901A93B4604222021204600F0EC
:10CF00003DFB00288ED1B0464FF4C8774D460DAE9C
:10CF100007A8002380E8600505950695039504950C
:10CF200000950195042205212046029500F026FB7C
:10CF3000002885D19DF83400C00753D0012000E0BF
:10CF400005E0E1687F1E8847002FE1D136E7618B5D
:10CF500041452FD38DF82C50CDE90769CDE9099AC9
:10CF6000CDF80C90CDF81090CDE9059B4D46CDF84D
:10CF70000090CDF8049000230422C5212046CDF86E
:10CF8000089000F0FBFA00287FF4A0AE0A95079500
:10CF900008950995059506950395049500950195C5
:10CFA0000023042206212046029500F0E7FA00281B
:10CFB0007FF467AECDF82890CDF82090CDF824907E
:10CFC000CDF814900321CDF81C90CDF80C90CDF83D
:10CFD0001090CDF800A0CDF81890CDE901193B468E
:10CFE00004228AE7002FB1D00020EBE677323571BA
:10CFF00078783A20777269746520656E61626C6535
:10D00000206661696C65642E0A0000007732357114
:10D0100078783A20777269746520657874656E64F3
:10D0200065642061646472207265676973746572F7
:10D03000206661696C65642E0A00000077323571E4
:10D0400078783A20736563746F72206572617365D6
:10D0500020346B206661696C65642E0A0000000054
:10D060007732357178783A2067657420737461740B
:10D07000757331206661696C65642E0A00000000DA
:10D080007732357178783A20616464726573732001
:10D090006D6F646520697320696E76616C69642EBA
:10D0A0000A0000007732357178783A20736563742E
:10D0B0006F7220657261736520346B2074696D65D1
:10D0C0006F75742E0A0000002DE9F04F8946044662
:10D0D00090F8201000208DB01F4690464EF6187A2A
:10D0E0004FEA1965012699B10A90079008900990B6
:10D0F0000590069083460390049000900190029062
:10D10000002304220621204600F038FAB0B938E1A5
:10D11000E17F00297CD00A90079008900990059043
:10D1200006908346039004900090019002900023A3
:10D1300001220621204600F021FA10B1DAA061692F
:10D14000D4E0207F10B1012842D082E0618B5145AC
:10D1500030D38DF82C50CDE9076BCDE909B60BA87B
:10D16000CDF80CB0CDF810B0CDE905B05D46CDF8E6
:10D1700000B0CDF804B000230122C5212046CDF82F
:10D1800008B000F0FBF910B1CFA06169AEE00A95DC
:10D1900007950895099505950695039504950095BD
:10D1A00001950023012206212046029500F0E6F9B0
:10D1B0000028C3D1CDE9077BCDE909B65846CDF8A3
:10D1C0000CB00321CDF810B00FE0CBA061698DE069
:10D1D000618B51453DD3CDE9077BCDE909B6584672
:10D1E000CDF80CB00421CDF810B00096CDE90508BB
:10D1F000CDE901104B4601220221204600F0BEF984
:10D200000028E2D14FF496775D460DF1300800E03A
:10D2100022E0CDE9088605950795069500950395CA
:10D220000495019500230122052120460A960295C6
:10D2300000F0A4F90028C8D19DF83000C0077CD0C8
:10D240000A2021697F1E8847002FE0D1B2A06169C2
:10D250004CE0B9A0616949E0002006218DF82C104E
:10D260000346009001220BA9204600F019FB00287C
:10D270009FD1C9F30740217F0290C9F3072B04F126
:10D28000210009F0FF090190A9B30129E1D1618BC7
:10D290005145DED3022084F8210084F82250029800
:10D2A00084F8230084F824B084F825903A46414657
:10D2B00004F12600F3F71CF8002003467A1D0090C5
:10D2C0002046019900F0ECFA00289AD14FF49675A7
:10D2D0005FF005078DF82C700CAB01220BA92046DE
:10D2E000009600F0DDFA48B361699CA088470120F0
:10D2F0000DB0BDE8F08FFFE7618B51451BD3C52012
:10D300008DF82C008DF82D5000252B4602220BA9FC
:10D310002046009500F0C4FA00287FF435AF0620BF
:10D320008DF82C00002301220BA92046009500F067
:10D33000B7FA00289CD1022001E0B0E013E084F8A5
:10D340002100029884F8220084F823B084F8249005
:10D350003A46414604F12500F2F7CAFF0020034691
:10D360003A1D0090ACE79DF83000C00706D00A20B7
:10D3700021696D1E8847002DACD167E7002DFCD0D8
:10D380008FE0207FF0B301287FF4DFAE618B514541
:10D39000FFF4DBAECDE9077B0421CDE909B1CDF87F
:10D3A0000CB0CDF810B00091CDE905B8CDE9011B66
:10D3B0004B460A460221204600F0E0F8002884D1BE
:10D3C000B1464FF496775D464FF004080CAE07A8BF
:10D3D000CDF8288080E860020595069503950495B0
:10D3E000009501950023042205212046029500F0B6
:10D3F000C5F80028E3D19DF83000C0074FD00A20BF
:10D400007F1E00E004E021698847002FDFD11DE77F
:10D41000618B514531D38DF82C50CDE9076B042039
:10D42000CDE909B00BA8CDF80CB0CDF810B0CDE91E
:10D4300005B05D46CDF800B0CDF804B0002304225D
:10D44000C5212046CDF808B000F098F800287FF4F8
:10D450009BAE0A9507950895099505950695039540
:10D46000049500950195002304220621204602958B
:10D4700000F084F800287FF461AECDE9077B042139
:10D48000CDE909B1CDF80CB0CDF810B00091CDE9DF
:10D4900005B80322CDE9012B4B460A468AE7002F47
:10D4A000B5D0002024E700007732357178783A2033
:10D4B000777269746520656E61626C65206661696A
:10D4C0006C65642E0A0000007732357178783A2056
:10D4D000777269746520657874656E64656420612F
:10D4E000646472207265676973746572206661692D
:10D4F0006C65642E0A0000007732357178783A2026
:10D50000706167652070726F6772616D2066616916
:10D510006C65642E0A0000007732357178783A2005
:10D52000706167652070726F6772616D2074696DDC
:10D53000656F75742E0A00007732357178783A205D
:10D5400061646472657373206D6F64652069732014
:10D55000696E76616C69642E0A000000773235715D
:10D5600078783A206765742073746174757331201C
:10D570006661696C65642E0A000000002DE9FF4FAA
:10D580008BB09B469646DDE9217CDDE91F56DDE93F
:10D590001D34DDE91B12DDE91998CDE90098CDE9CC
:10D5A0000212DDF860A0CDE90434CDE90656CDE9DC
:10D5B000087C846853465A4671460C98A047002858
:10D5C00000D001200FB0BDE8F08F00002DE9F04F32
:10D5D0009146044690F820200F0E8DB088461E46D6
:10D5E0004EF618704FF0010A00254FF0040B2AB1D7
:10D5F000217F00297ED001297DD05EE0E17F0029D6
:10D60000217F61D011B1012941D056E0618B814267
:10D610002CD30A95079508950995059506950395C8
:10D6200004950095019500230122062120460295CC
:10D63000FFF7A4FF10B176A0616940E08DF82C706F
:10D64000CDE907A5CDE9095A0BA803950495CDE9C5
:10D6500005500095019500230122C5212046029521
:10D66000FFF78CFF10B172A0616928E0CDE907597E
:10D670000821CDE9045103950695CDE9096A0321F6
:10D68000504643460122AAE075A0616917E0618B0C
:10D69000814212D3CDE907590821CDE90451039500
:10D6A0000695CDE9093A012243460B210295CDE9C1
:10D6B00000AB2046FFF762FF29E061696FA0884751
:10D6C00001200DB0BDE8F08FC8F3074BC8F3072A5F
:10D6D00008F0FF08F1B10129EFD1618B8142ECD351
:10D6E0000B208DF82C008DF82D708DF82EB08DF854
:10D6F0002FA001E03AE076E08DF8308000938DF8BD
:10D7000031504B4606220BA9204600F0C9F80028EC
:10D71000BAD1D6E7618B814219D306208DF82C004F
:10D72000002301220BA92046009500F0B9F800283B
:10D7300081D1C5208DF82C008DF82D700023022298
:10D740000BA92046009500F0ABF800288BD10B20E8
:10D750008DF82C008DF82DB08DF82EA08DF82F802F
:10D760008DF830504B4605220096CCE7618B814204
:10D7700028D30A950795089509950595069503956B
:10D780000495009501950023042206212046029568
:10D79000FFF7F4FE0028CBD18DF82C70CDE907A55A
:10D7A000CDE9095B0BA803950495CDE905500095DB
:10D7B000019500230422C52120460295FFF7DEFED5
:10D7C0000028C3D1CDE9096BCDE90759A17F58469F
:10D7D000CDE90451032103954346042206958DE8C3
:10D7E00023000B2165E7618B8142FFF406AFCDE991
:10D7F000093BCDE90759A17F0395CDE90451CDF847
:10D8000000B00695CDE901B5042243460B2150E74F
:10D810007732357178783A20777269746520656E51
:10D8200061626C65206661696C65642E0A000000A7
:10D830007732357178783A20777269746520657827
:10D8400074656E64656420616464722072656769E2
:10D8500073746572206661696C65642E0A0000004D
:10D860007732357178783A20666173742072656119
:10D8700064206661696C65642E0A00007732357138
:10D8800078783A2061646472657373206D6F6465A3
:10D8900020697320696E76616C69642E0A0000004D
:10D8A00030B58BB00DF1180C01250E9C8CE83C00B6
:10D8B0000022CDE904210292039200920192846831
:10D8C000134611461046A047002800D001200BB097
:10D8D00030BD00002DE9F0478146C8B2C0F5807424
:10D8E0001D4690460E46A34200D8ACB24FF4807756
:10D8F0002346424631464846FFF7E6FB30B1D9F8A9
:10D90000141009A088470120BDE8F087A54208D07F
:10D910002D1BA0442644BD4201D93C46E8E7ACB2E9
:10D92000E6E70020F0E700007732357178783A209A
:10D93000706167652070726F6772616D20666169E2
:10D940006C65642E0A00000000B5042100F0F9FDAA
:10D9500000B200BD044A02EB101300F00F001B7868
:10D960000B70105C487070473921010870B54FF09A
:10D97000FF320024094D0DE0035D5A400023D60715
:10D9800002D085EA520200E052085B1CDBB2082B91
:10D99000F5D3641C8C42EFD3D04370BD2083B8ED27
:10D9A000044900220B685A6209684A6A8242FCD321
:10D9B0007047000014170020704770B50C460546EC
:10D9C00003F0BFFF00F07040B0F1005F07D024F01B
:10D9D0000040C0F1FF40C00F04BF204670BD284684
:10D9E00070BD70B50C46054603F0ABFF00F070400B
:10D9F000B0F1004F07D024F00040C0F1FF40C00F4D
:10DA000004BF204670BD284670BD0000C0E900126A
:10DA10000149C0E90213704795BF56332DE9F04123
:10DA200004460E46C260D4E90101174603F0FEFE2B
:10DA300005463946606003F0F9FE0146164881420A
:10DA400000DA0146284603F0A7FF276880463946DA
:10DA5000304604F037FA414604F0FCF8394603F04A
:10DA6000E5FE0E490E4F00262060884201DD216050
:10DA700002E0B84200D3266041464FF07E5004F0E9
:10DA800021FA294604F0E6F86060B84200D36660E7
:10DA90002068BDE8F0810000BD3786350000C8422F
:10DAA000000080808CB000240094FAF79DFBFD4DAF
:10DAB000686AFD4E800011D50122D70239463046F2
:10DAC000FAF72DF84FF4FA70F9F75AFE00223946AA
:10DAD0003046FAF724F8F54801210160FDF794FB80
:10DAE000F448F3494FF0060BC0E9001B4FF49C715A
:10DAF0008160FAF73BFB002866D1FCF765FDE94839
:10DB0000416941F0010141614069002200F00100DA
:10DB1000009011460B20FAF7DDFB0B20FAF7CDFB46
:10DB2000FCF716FDFCF762FEFCF7BEFEFCF7CEFC30
:10DB3000FCF798FEDF48E049F4304FF4E13701602C
:10DB4000C0E901740C25C460C0E904458461C46166
:10DB5000FBF752FEC0BBDA48D8490160C0E9017446
:10DB6000C460C0E904458461C461FBF745FE58BB4D
:10DB7000D348D44990300160C0E90174C460C0E961
:10DB800004458461C461FBF737FEE8B9CC48CE494F
:10DB9000D8300160C0E90174C460C0E90445846103
:10DBA000C461FBF729FE78B9FCF73EFEC448C749BB
:10DBB00048300160C0E90174C460C0E90445846173
:10DBC000C461FBF719FE08B1F8F708FBFCF79CFEEF
:10DBD000B8486430FBF706FBB9489038FBF734FBD4
:10DBE000FCF772F8F6F784FFB248D038F9F740FB3B
:10DBF000B0480221D038F8F74DFEB1480122B449AF
:10DC00004838FBF785FFB2490122491CAC48FBF7B5
:10DC10007FFFB04F4FF40045002229463846F9F700
:10DC20007EFF002201213046F9F779FFDFF8A88254
:10DC30002946002245464046F9F771FF002204219B
:10DC40003846F9F76CFF002202213846F9F767FFE2
:10DC500000222021A148F9F762FF01229103284602
:10DC6000F9F75DFF0A20FDF73DFA1220F6F76EFE88
:10DC70003C20FDF737FAF4F717FA3C20FDF732FAAB
:10DC80009A20F6F763FE3C20FDF72CFA3C20FDF7C6
:10DC900029FA3C20FDF726FA3C20FDF723FADFF8AD
:10DCA00030924FF4614109F17709A9F81A104FF445
:10DCB0002F41A9F81C107821A9F81610A9F81810FE
:10DCC000F3F7F6FAA9F1800A04228AF8100009F5A0
:10DCD000B4718348F8F758FD0A20FDF703FA804F26
:10DCE000002009F5B475903F298827F810106A883C
:10DCF00007EB40010A84AA88A1F84020EA88401C6A
:10DD0000A1F860201028EFDB00224FF4805130464C
:10DD1000FCF72EFB00224FF400413046FCF728FBB5
:10DD200000224FF480413046FCF722FB00224FF4E2
:10DD300000513046FCF71CFB002240214046FCF716
:10DD400017FB002280214046FCF712FB00224FF413
:10DD500080714046FCF70CFB00224FF400714046F6
:10DD6000FCF706FB00224FF480715A48FCF700FBD9
:10DD70005C48F6F7CFFE5B4881791A290ED2047011
:10DD80000B2141700921817080F803B013220271C8
:10DD900080F805B01A218171F6F706FFF3F7D8F97C
:10DDA000D0468AF80100DFF83CA1DFF83CB1AAF1C7
:10DDB000E00A002860D0CAF814B0CAF818B04B497D
:10DDC000CAF82440CAF83410F4F708F8012046468F
:10DDD00088F80200F5F79AF8F5F774F9A9F83C000D
:10DDE000FEF7F6FC0020B070F5F78AFAF4F730F889
:10DDF000F5F738F80A20FDF775F92A48C16941F0AE
:10DE00008051C161C06900F080500090E02009900D
:10DE100037480A9009A8FAF78FFAFAF7D1FA254895
:10DE2000FAF7D3F9F9F780FE2E4E0446603EB06B48
:10DE3000201A0A281CD3B463F3F7D2FAF6F70EFCC3
:10DE4000FCF72CFEF2F736FF2A8898F8050027F831
:10DE500010206A8807EB40031A84AA88A3F84020A0
:10DE6000EA88401CA3F8602000F00F0088F8050045
:10DE7000F3F7C6FBA8B13BE3CAF86C40F3F7C6FB67
:10DE8000C0B3CAF814B0CAF818B01848CAF8244089
:10DE90005646CAF83400F8F70AFA746634667067B2
:10DEA00029E051E00010024000140140E004424229
:10DEB00000300040B0160020004C004000500040F0
:10DEC000EC170020004400400048004000380140AA
:10DED000690000200008014000100140000C0140D2
:10DEE000B0150020400200200000C84200529948AE
:10DEF0000300010007E0F3F771FFF3F747FC05208B
:10DF000088F8010062E7F6F7E3FAD9F87C1081425D
:10DF100015D0FF49042008709520F6F717FDFD4D38
:10DF20004FF4006421463046F9F7F1FD0122114615
:10DF30002846F9F7F4FDC820FDF7D4F8F2E7F3F727
:10DF40004DFF88F8014041E798F81B00002892D166
:10DF5000F06B201A142879D3F46398F81200012882
:10DF600074D199F8041098F813204846914201D1D1
:10DF7000491C0171C9B205294ED899F80500062837
:10DF800046D2DFE800F0030D17212B37E24A0020CC
:10DF900010704222E148FCF77BFF0120346526E047
:10DFA000DD480078012803D0306D201A3C284DD37D
:10DFB00002213FE0D84A002010704422D748FCF7E5
:10DFC00067FF0320346512E0D3480078012803D0AE
:10DFD000306D201A282839D3042035E0CE4A00209D
:10DFE00010709222CD48FCF753FF0520346589F864
:10DFF00005000DE0C8480078012803D0306D201AD4
:10E000001E2823D3002289F80520491C89F8041012
:10E0100099F80400052819D999F8050018B149465E
:10E0200064280AD012E0F2F725FBBC48FCF746FE54
:10E030006421346589F8051008E0306D201A322813
:10E0400004D303200871002089F80500306C201AE1
:10E05000FA2828D33464F5F703F8A9F85800F4F740
:10E0600055FFF5F72FF8A9F83C00FEF7B1FBF3F7E1
:10E07000E5FCF2F7D3FEF3F723FCF3F7FBFEB9F868
:10E080005800C0F3003058B198F80600434650B924
:10E0900001209F4A98710421117088F8080002E05D
:10E0A000002188F806109E48406C201AB0F57A7F4F
:10E0B00003D39B484464F3F719FB98F80000002849
:10E0C0007ED0002088F8000095486030F6F722FDE9
:10E0D00093486030F7F771FBDAF8100056461428C1
:10E0E00006D2401C3061142802D1012088F81D009E
:10E0F000FEF7DAF8F8F70EF9B063B2460120F8F748
:10E10000EBF8F0630220F8F7E7F830640320F8F743
:10E11000E3F870647020F5F7EDF9824E30607220FC
:10E12000F5F7E8F970607420F5F7E4F9B06076204F
:10E13000F5F7E0F9F0607620F5F7DCF9706168201A
:10E14000F5F7D8F9B061F4F7F5FF01F059FBF6F7F0
:10E15000FFF9F6F759FAFEF715F9FEF71FF8FEF783
:10E16000EDF898F81200012803D106F68420FDF797
:10E170007FF9F9F7D9FCDAF80810411A41F2883032
:10E18000814202D9012088F81A0099F806004E460B
:10E19000401CC0B289F806000A2831D3002211467B
:10E1A0007520FCF7B5FF30B95E48403801784078FB
:10E1B00001EB0020B082F4F72FFEF4F719FE00E027
:10E1C0001EE0F4F769FF26F8480FF4F749FF708066
:10E1D000F4F786FEB080F4F76DFEF080F4F754FE9D
:10E1E0003081F4F7D9FF708198F86F10483E01290B
:10E1F00004D198F8790008B9F3F72AFE0020B0712D
:10E20000DAF8140059465646069003F023FD01F053
:10E21000BDFA03F09FFC80B20890B06959460590A2
:10E2200003F018FD01F0B2FA03F094FC80B20790FD
:10E23000B9F93C600496B9F83620019298F80600C6
:10E2400040B198F807104046E9BB0121017288F8F7
:10E2500007103DE0002088F80700B9F86230414619
:10E26000A3F57F4C4846BCF1FF0C1DD0DDF820C063
:10E27000ACEB03031BB20933122B15D8B0F864C002
:10E28000079BA3EB0C031BB20933122B0CD8B0F97C
:10E290006630F31A1333262B06D8B9F86800101A23
:10E2A00000B21330262801D9012008721C48836C63
:10E2B000A4EB030C41F288339C4505D3012388F875
:10E2C0000830846404E0FFE798F8080000281ED0B6
:10E2D00099F807000B9006287DD2DFE800F00329AB
:10E2E0002F8092B500260F48203830F8160003F032
:10E2F00069FC0D4903F050FB01460C4840F826101C
:10E30000761C102EEFDB0B98401C89F80700BDE04F
:10E3100030000020000C014011000020EC1700200C
:10E32000E00100205C0B002000007A440C19002062
:10E330007148F6F711FEF6F7E3FE5FE0104603F0D2
:10E3400041FC6E4903F028FB0190049803F022FC85
:10E35000594603F021FB06460198F6F79FFE6848F0
:10E360000068F7F7E5F93046F6F712FE5646DAF898
:10E370001400F6F7ACFEB069F6F7B5FE7069F7F772
:10E380003BFA7069F6F74AFCF6F764FFF6F716FFFA
:10E39000F7F714F8F7F77EF8F6F790FFF6F742FF75
:10E3A000F7F748FAF6F75CFCF6F7C2FFF7F7ACF9B7
:10E3B000F7F716F9F7F702F9F7F7F8F8F7F790F922
:10E3C000F7F73AFBF6F7E2FCF7F77AF9F7F71AF9FD
:10E3D000F7F746F900E05DE099F8070094E7DDE91A
:10E3E00005105646F6F78CF8F6F76BFEB06CF6F7AC
:10E3F0005CFE706A03F0E6FBF6F7E0FD99F80710A3
:10E400001EE03F4E3068F7F7A0F97068F7F7A4F9FF
:10E41000B068F7F7A8F9F068F7F7ACF9DAF8400058
:10E42000F7F7AFF9DAF84400F7F7B2F9DAF83C0099
:10E43000F7F7B5F9B069F7F7B9F9F7F771F8DDE76C
:10E44000491C89F8071021E0F7F714FCF7F784FB63
:10E45000F7F722FCF7F75CFDF7F712FBF7F710FE72
:10E46000F6F7B6FDF7F72EFDF7F722FCF6F720FDDD
:10E470004846089920F8621F0799418086800199D3
:10E48000C180002189F8071088F808101D48C16C68
:10E4900011B102E00B99D3E7C4641B4A0021127842
:10E4A000042A25D0B9F85460089B9B1B1BB2633328
:10E4B000C62B00D90121B9F85620079B9A1A12B22F
:10E4C0006332C62A00D90121DAF82430DAF858205C
:10E4D000934200D00121C26C0C4BA21A9A4201D384
:10E4E000C46400E021B198F87C0008B1F3F74EF95C
:10E4F0000520FCF7F7FD92E40C19002000007A4497
:10E500005C0B0020E00100203000002040771B0061
:10E5100010B51C46F1F79AFE204010BD10B51C4600
:10E52000F1F7A7FE204010BDC0F30B00010A01EB7C
:10E5300010110144C943491C01F00F0140EA0130A8
:10E54000704730B504460020034616E0E25CA2F1B5
:10E550003005092D01D8EAB20BE0A2F14105052DE5
:10E5600001D8373A04E0A2F16105052D03D8573AE6
:10E57000D2B242EA00105B1CDBB28B42E6D330BD64
:10E58000082A02D26FF01500704700220260426034
:10E590000A7802700A88120A42708A7882704A8861
:10E5A000120AC2700A7902718988090A4171082029
:10E5B0007047082A02D26FF01500704700220260EF
:10E5C00042600A78520002F002030278134303709B
:10E5D0004A78920002F004021A4302708B78DB0042
:10E5E00003F0080313430370CA78120102F010020B
:10E5F0001A4302700B79DB0103F0800313430370AD
:10E600004A79437802F001021A4342708B79DB00A9
:10E6100003F0080313434370CA79520002F0020367
:10E620008278134383700A7A920002F004021A433C
:10E6300082704B7ADB0003F00803134383708A7AFD
:10E64000120102F010021A438270CB7ADB0103F050
:10E650008003134383700A7BC37802F001021A43DC
:10E66000C2704B7BDB0003F008031343C370897B4C
:10E67000027911430171502141714E2181710820AD
:10E680007047082A02D26FF015007047002202601E
:10E6900042600A7802700A88120A42708A78827090
:10E6A0004A88120AC2700A7902718A88120A427173
:10E6B0008A798271C988090AC1710820704770B5CA
:10E6C0000D460446082A02D26FF0150070BD0020E6
:10E6D000206060600246D5E90001FF23FFF718FFC4
:10E6E0002178FF2308432070D5E900010822FFF7B5
:10E6F00015FF6178FF2308436070D5E900011022FF
:10E70000FFF70CFFA178FF230843A070D5E90001B3
:10E710001822FFF703FFE178FF230843E070D5E9F3
:10E7200000012022FFF7FAFE2179FF230843207120
:10E73000D5E900012822FFF7F1FE6179FF230843A4
:10E740006071D5E900013022FFF7E8FEA179FF23CF
:10E750000843A071D5E900013822FFF7DFFEE17917
:10E760000843E071082070BD082A02D26FF015003E
:10E7700070470022026042600A78D20002F008036B
:10E780000278134303704A78120102F010021A4310
:10E7900002708B785B0103F0200313430370CA7887
:10E7A000920102F040021A4302700979C90101F096
:10E7B00080011143017008207047082A02D26FF0CF
:10E7C000150070470022026042600A7802700A88D1
:10E7D000120A42708A7882704988090AC17008203A
:10E7E000704710B500231A4603E0845C521C234492
:10E7F00092B28A42F9D3D843401C80B210BD2DE9B1
:10E80000F041154604464A2903D24FF0FF30BDE8D7
:10E81000F08101460020FFF79DF8A11C2878FFF742
:10E8200099F8211D6878FFF795F80626002706E07D
:10E83000E8198078FFF78EF8B61CB6B27F1C6878AE
:10E8400004EB0601B842F3DCA87CFFF783F8B61CA2
:10E85000B6B2A1190020FFF77DF8B61CB6B20027AA
:10E8600006E0E819C07CFFF775F8B61CB6B27F1C4D
:10E87000A87C04EB0601B842F3DCE87EFFF76AF8F7
:10E88000B61CB6B2A119287FFFF764F8B61CB6B261
:10E89000A119687FFFF75EF8B61CA97F0020B6B209
:10E8A000CA0700D001208A0701D540F002004A07BC
:10E8B00001D540F00400CA0601D540F010008A06D8
:10E8C00001D540F020004A0601D540F0400009067D
:10E8D00001D540F08000A119FFF73CF8B61CE97F94
:10E8E0000020B6B2CA0700D001208A0701D540F047
:10E8F00002004A0701D540F00400090701D540F0A5
:10E900000800A119FFF726F8B61C95F82010002082
:10E91000B6B2CA0700D001200A0701D540F00800AE
:10E92000CA0601D540F010008A0601D540F020004B
:10E930004A0601D540F04000090601D540F08000AC
:10E94000A119FFF707F8B61C95F821100020B6B200
:10E95000CA0700D001208A0701D540F002004A070B
:10E9600001D540F004000A0701D540F00800CA06AE
:10E9700001D540F010008A0601D540F020004A067B
:10E9800001D540F04000090601D540F08000A119F2
:10E99000FEF7E0FFB61C95F822100020B6B2CA07B9
:10E9A00000D001208A0701D540F002004A0701D5B6
:10E9B00040F004000A0701D540F00800CA0601D55E
:10E9C00040F010008A0601D540F020004A0601D52B
:10E9D00040F04000090601D540F08000A119FEF783
:10E9E000B9FFB61CB0B212E72DE9F0478AB09146E4
:10E9F0000E4605007ED0B9F1000F7BD04A2E79D3A8
:10EA000024216846F1F715FDA81C0221FFF799FDA6
:10EA10008DF80000281D0221FFF793FD06248DF8D4
:10EA200001000027E8460DE004F1020AB2450FD8C4
:10EA300028190221FFF785FD08EB07011FFA8AF468
:10EA400088707F1C9DF80100B84201DD102FEBDBC0
:10EA5000A71CB74220D828190221FFF772FD8DF8B4
:10EA60001200BCB2A01CB04200D884B200270DE056
:10EA700004F1020AB2450FD828190221FFF761FDFF
:10EA800008EB07011FFA8AF4C8747F1C9DF8120076
:10EA9000B84201DD082FEBDBA71CB74206D82819C6
:10EAA0000221FFF74EFD8DF81B00BCB2A71CB74238
:10EAB00006D828190221FFF744FD8DF81C00BCB2CE
:10EAC000A71CB74206D828190221FFF73AFD8DF896
:10EAD0001D00BCB228190221FFF733FD01469DF845
:10EAE0001E00A41C61F300004A0862F34100A4B2B6
:10EAF0008A0800E088E062F382000A0962F30410E9
:10EB00004A0962F345108A0962F38610C90961F364
:10EB1000C7108DF81E0028190221FFF712FD9DF87D
:10EB20001F10420860F3000162F34101820862F3A2
:10EB30008201C00860F3C301A41CA4B28DF81F10A9
:10EB400028190221FFF7FDFC01469DF82000CA08A4
:10EB500061F3000062F3C3000A0962F304104A097A
:10EB600062F345108A0962F38610C909A41C61F397
:10EB7000C710A4B28DF82000201DB0423FD828193C
:10EB80000221FFF7DEFC9DF82110430860F300012D
:10EB900063F34101830863F38201C30863F3C30194
:10EBA000030963F30411430963F34511830963F314
:10EBB0008611C00960F3C711A41CA2B28DF8211000
:10EBC000A8180221FFF7BDFC9DF82210420860F34F
:10EBD000000162F34101820862F38201C20862F31C
:10EBE000C301020962F30411420962F3451182096B
:10EBF00062F38611C00960F3C7118DF82210232239
:10EC000069464846F1F774FB0AB0BDE8F08700009A
:10EC10002DE9F041154604468A2903D24FF0FF3012
:10EC2000BDE8F08101460020FEF794FEA11C287883
:10EC3000FEF790FE211D6878FEF78CFE0626002761
:10EC400008E000BF05EB4700408800F009FE361DD4
:10EC5000B6B27F1C687804EB0601B842F2DC95F886
:10EC60002200FEF777FEB61CB6B2002709E000BF0F
:10EC700005EB4700B0F8230000F0F2FD361DB6B2F8
:10EC80007F1C95F8220004EB0601B842F0DC35F851
:10EC9000330F00F0E5FD361DB6B2A119688800F00B
:10ECA000DFFD361DA879B6B2333D042804EB06011A
:10ECB0001DD0B5F8370000F0D3FD361DB6B2A1194E
:10ECC00095F83900FEF746FEB61CB6B2A119688F5A
:10ECD00000F0C6FD361DB6B2A119A88F00F0C0FD28
:10ECE000361D95F83900B6B2042811D035E04FF63C
:10ECF000FF77384600F0B4FD361DB6B2A11995F87D
:10ED00003900FEF727FEB61CB6B2A1193846DFE778
:10ED1000A11915F83E0FFEF71DFEB61CB6B2A119DB
:10ED20006878FEF717FEB61CB6B2A119A878FEF7F0
:10ED300011FEB61CB6B2A119E878FEF70BFEB61CA0
:10ED4000B6B2A1192879FEF705FEB61CB6B2A11914
:10ED50006879FEF7FFFDB61CB6B2304660E72DE9D4
:10ED6000F04391B091460F4605007ED0B9F1000FF7
:10ED70007BD08A2F79D344216846F1F75AFBA81C2F
:10ED80000221FFF7DEFB8DF80000281D0221FFF7AE
:10ED9000D8FB06248DF801000026E84609E0281972
:10EDA0000421FFF7CEFB08EB4601241D4880A4B2E6
:10EDB000761C9DF80100B04201DD102EEFDBA61C91
:10EDC000BE4218D828190221FFF7BBFBB4B28DF858
:10EDD0002200002609E02819FEF7B6FD08EB4601DF
:10EDE000241DA1F82300A4B2761C9DF82200B04295
:10EDF00001DD082EEFDB04F10C00B84216D828190B
:10EE0000FEF7A2FD241DADF83300A4B22819042199
:10EE1000FFF797FB241DADF83500A4B22819042193
:10EE2000FFF78FFB241DADF83700A4B204F10A00F0
:10EE3000B8424FD828190221FFF783FBA41C8DF894
:10EE40003900A4B228190421FFF77BFB241DADF87B
:10EE50003A00A4B228190421FFF773FBADF83C0077
:10EE6000241DA4B29DF8390000E038E0042831D315
:10EE700004F10C00B8422DD828190221FFF761FBDC
:10EE8000A41C8DF83E00A4B228190221FFF759FBFB
:10EE9000A41C8DF83F00A4B228190221FFF751FBF2
:10EEA000A41C8DF84000A4B228190221FFF749FBE9
:10EEB000A41C8DF84100A4B228190221FFF741FBE0
:10EEC0008DF84200A41CA0B228440221FFF739FBB0
:10EED0008DF84300442269464846F1F709FA11B01B
:10EEE000BDE8F0832DE9F04115460646402903D2DE
:10EEF0004FF0FF30BDE8F08100242746E85D00B9FF
:10EF000020203119FEF726FDA41C7F1CA4B20A2F75
:10EF1000F4DB3119688900F0A3FC241DA4B200279A
:10EF2000E819007B00B920203119FEF713FDA41C5D
:10EF30007F1CA4B2142FF3DB2046DBE770B5154627
:10EF40000446142902D24FF0FF3070BD014615F877
:10EF5000010BFEF7FFFCA11C288800F081FCA11D1D
:10EF6000688800F07DFC04F10A01A88800F078FCB4
:10EF700004F10E01E88800F073FC297A00204A07AA
:10EF800000D504200A0701D540F00800CA0601D5C3
:10EF900040F010008A0601D540F020004A0601D555
:10EFA00040F04000090601D540F0800004F1120154
:10EFB000FEF7D0FC142070BD3EB51546040049D0C4
:10EFC000002D47D0142945D30020009001900290D5
:10EFD00020460221FFF7B5FA8DF80000A01C04219D
:10EFE000FFF7AFFAADF80100A01D0421FFF7A9FA61
:10EFF000ADF8030004F10A000421FFF7A2FAADF80E
:10F00000050004F10E000421FFF79BFAADF807009C
:10F0100004F112000221FFF794FA9DF8091082080A
:10F0200062F38201C20862F3C301020962F30411B0
:10F03000420962F34511820962F38611C00960F347
:10F04000C7118DF809100098286001986860BDF814
:10F05000080028813EBD70B515460446142902D229
:10F060004FF0FF3070BD014615F8010BFEF772FC42
:10F07000A11C288800F0F4FBA11D688800F0F0FBBB
:10F0800004F10A01A88800F0EBFB04F10E01E88806
:10F0900000F0E6FB297A00204A0700D504200A0781
:10F0A00001D540F00800CA0601D540F010008A06DC
:10F0B00001D540F020004A0601D540F04000090685
:10F0C00001D540F0800004F11201FEF743FC14204A
:10F0D00070BD3EB51546040047D0002D45D014291B
:10F0E00043D3002000900190029020460221FFF7B8
:10F0F00028FA8DF80000A01C0421FFF722FAADF8D1
:10F100000100A01D0421FFF71CFAADF8030004F173
:10F110000A00FEF719FCADF8050004F10E00FEF739
:10F1200013FCADF8070004F112000221FFF709FA01
:10F130009DF80910820862F38201C20862F3C301DC
:10F14000020962F30411420962F34511820962F374
:10F150008611C00960F3C7118DF809100098286066
:10F1600001986860BDF8080028813EBD2DE9F04196
:10F1700017460546222903D24FF0FF30BDE8F08143
:10F1800001463878FEF7E6FB02240026B8194078DD
:10F1900000B920202919FEF7DDFBA41C761CA4B2BF
:10F1A000102EF3DB2046E9E770B5154604460C291E
:10F1B00002D24FF0FF3070BD01462878FEF7CAFB3F
:10F1C000A11C6878FEF7C6FB211DA878FEF7C2FBDC
:10F1D000A11DE878FEF7BEFB04F108012879FEF7CF
:10F1E000B9FB04F10A016879FEF7B4FB0C2070BD8D
:10F1F00070B515460446082902D24FF0FF3070BDA5
:10F2000029780020CA0700D001208A0701D540F0E4
:10F2100002004A0701D540F004000A0701D540F07A
:10F220000800CA0601D540F010008A0601D540F05A
:10F2300020004A0601D540F04000090601D540F003
:10F2400080002146FEF786FB69780020CA0600D5BB
:10F2500010208A0601D540F020004A0601D540F072
:10F260004000090601D540F08000A11CFEF772FBAA
:10F27000A97800208A0700D502204A0701D540F06E
:10F2800004000A0701D540F00800CA0601D540F085
:10F2900010008A0601D540F020004A0601D540F052
:10F2A0004000090601D540F08000211DFEF752FB09
:10F2B000E97800200A0700D508208A0601D540F029
:10F2C0002000490601D540F04000A11DFEF742FB99
:10F2D000082070BD70B515460446622902D24FF071
:10F2E000FF3070BD014635F8010B00F0B9FA211D61
:10F2F000B5F8010000F0B4FA04F10801E878FEF76F
:10F3000029FB04F10A01A88800F0AAFA04F10E0111
:10F31000E88800F0A5FA04F11201287AFEF71AFB3A
:10F3200004F11401687AFEF715FB04F116016889EF
:10F3300000F096FA04F11A01A88900F091FA04F19C
:10F340001E01E88900F08CFA04F12201288A00F0FD
:10F3500087FA04F12601688A00F082FA04F12A0192
:10F36000A88A00F07DFA04F12E01E88A00F078FA0C
:10F3700004F13201288B00F073FA04F13601688B36
:10F3800000F06EFA04F13A01A88B00F069FA04F17A
:10F390003E01E88B00F064FA04F14201288C00F091
:10F3A0005FFA04F14601688C00F05AFA04F14A0150
:10F3B000A88C00F055FA04F14E01E88C00F050FAE8
:10F3C00004F15201288D00F04BFA04F15601688DCA
:10F3D00000F046FA04F15A01A88D00F041FA04F158
:10F3E0005E01E88D00F03CFA622070BD2DE9F04727
:10F3F0008046154692F82000422202EB40108142DE
:10F4000003D24FF0FF30BDE8F08700242646A85D08
:10F4100000B9202008EB0401FEF79CFAA41C761C1E
:10F42000A4B20A2EF3DB0026A819807A00B92020A6
:10F4300008EB0401FEF78EFAA41C761CA4B2142E6D
:10F44000F2DB08EB0401E88B00F00AFA241DA4B2F9
:10F4500008EB040195F82000FEF77CFAA41CA6B284
:10F4600095F820000024002818DD002705EB04197A
:10F4700009EB070090F8210000B9202008EB0601F5
:10F48000FEF768FAB61C7F1CB6B2102FF0DB95F8B9
:10F490002000641CA04201DD102CE6DB3046B2E700
:10F4A00070B515460446122902D24FF0FF3070BDE8
:10F4B0000146288800F0D4F9211D688800F0D0F9B1
:10F4C00004F10801A88800F0CBF904F10C01E888E8
:10F4D00000F0C6F9297A0020CA0600D510208A0655
:10F4E00001D540F020004A0601D540F04000090651
:10F4F00001D540F0800004F11001FEF72BFA122034
:10F5000070BD70B515460446322902D24FF0FF3067
:10F5100070BD01460020FEF71DFAA11C288800F0EE
:10F520009FF9A11D688800F09BF904F10A01A888E1
:10F5300000F096F904F10E01E88800F091F904F169
:10F540001201288900F08CF904F11601688900F095
:10F5500087F904F11A01A88900F082F904F11E016B
:10F56000E88900F07DF904F12201288A00F078F999
:10F5700004F12601688A00F073F904F12A01A88ACF
:10F5800000F06EF904F12E01E88A00F069F93220EA
:10F5900070BD00002DE9F05FDFF82881DDE90BA5E3
:10F5A000914606460A467E200A9F444688F8000097
:10F5B0009B46611C1046FEF7CDF9E11C4846FEF75C
:10F5C000C9F9611D5846FEF7C5F9E11D3846FEF739
:10F5D000C1F92846FEF7A8FF044608F10901000A10
:10F5E000FEF7B8F908F10B01E0B2FEF7B3F94FF0FE
:10F5F0000D094C46BAF1000F0CD05DB105F10D07B5
:10F60000B7F5FA7F06D208F10D002A465146F0F709
:10F610006FFEBCB2601E81B24546681CFFF7E1F880
:10F6200007462919000AFEF795F9A41CA4B2291966
:10F63000F8B2FEF78FF9A41CA0B205F80090401CA8
:10F6400087B2EFF3108472B61F4D3068DFF87C90FC
:10F65000DFF87CA04FF40048A8424FF0010202D12D
:10F660004146484601E001215046F8F758FA84F334
:10F6700010884FF47A733A4612493046FAF784FA02
:10F68000F8F752FA044604E0F8F74EFA001B322865
:10F6900004D830680068C0434006F5D4EFF3108406
:10F6A00072B630684FF00002A84202D14146484687
:10F6B00001E001215046F8F732FA84F31088BDE8E2
:10F6C000F09F000035040020004C0040000801407D
:10F6D0000014014070B504462421FEF747F9616A21
:10F6E000814207D1208842F60411884202D86288FC
:10F6F0008A4201D9042070BD02F064FA1E4E3146E0
:10F7000002F04AF91D4D6861608802F05BFA3146EB
:10F7100002F042F9A86161686962A068184A9042E3
:10F7200000DA1848686360692867E0686867A0695C
:10F730006866E06928661148226980300260A0F599
:10F740008070226AC267228820F8542F6288428023
:10F75000A96501220C4DD40221462846F8F7DFF9AD
:10F760004FF49670F8F70CF8002221462846F8F777
:10F77000D6F9002070BD00000000C84260010020E2
:10F78000007C9248005299480014014070B505462B
:10F7900002F05EFB04460146284602F093FB15F09A
:10F7A000004F4FF07F410ED0B0F13F4F28BFB1EB7B
:10F7B000400F0ED2B0F17C5F1DDDB1EB400F1AD3CC
:10F7C00013E0044617E0B0F13F4F08D9B1EB400F0A
:10F7D00005D34FF07E51204602F074FBF1E7B0F103
:10F7E0007C5F08DBB1EB400F05D34FF07E51204624
:10F7F00002F01CF8E5E7284664F31E0070BD000027
:10F8000008B5694649F20830F5F751F9002823D1C7
:10F8100012499DF80000C874803900F0010281F897
:10F820007820C0F3400281F87720C0F3800281F88D
:10F830007620C0F3C00281F87520C0F3001281F871
:10F840007420C0F3401281F87320C0F3801281F855
:10F850007220C00981F8710008BD0000E00000209E
:10F8600070B504460D46000AFEF774F8E0B2A91C14
:10F87000BDE87040FEF76EB810B58CB0040005D03E
:10F88000207E012804D003200CB010BD0220FBE72D
:10F8900094F82000002168B10A910791089109911C
:10F8A0000591069100230391049100910191042296
:10F8B00002910EE0E07F88B10A91079108910991C9
:10F8C0000591069100230391049100910191012279
:10F8D000029166212046FDF751FE09E066208DF871
:10F8E0002C000091002301220BA92046FDF7D8FF30
:10F8F0000028C9D0616902A088470120C4E7000040
:10F900007732357178783A20656E61626C65207265
:10F9100065736574206661696C65642E0A00000079
:10F9200010B58CB0040005D0207E012804D003203F
:10F930000CB010BD0220FBE794F82000002168B154
:10F940000A9107910891099105910691002303916D
:10F95000049100910191042202910EE0E07F88B1B0
:10F960000A9107910891099105910691002303914D
:10F970000491009101910122029106212046FDF798
:10F98000FDFD09E006208DF82C00009100230122E6
:10F990000BA92046FDF784FF0028C9D0616902A0A9
:10F9A00088470120C4E700007732357178783A2023
:10F9B000777269746520656E61626C652066616945
:10F9C0006C65642E0A00000070B58EB015460E46B8
:10F9D000040005D0207E012804D003200EB070BDA5
:10F9E0000220FBE794F8202000230BA9032062B13A
:10F9F000CDE9073105930693042203930493009302
:10FA000001930293CDE909020EE0E27FEAB1CDE96C
:10FA10000731059306930122039304930093019306
:10FA20000293CDE9090200239F212046FDF7A6FDA0
:10FA300015E000BF9DF82C0030709DF82D00287057
:10FA40009DF82E0068700020C8E79F218DF83010C7
:10FA500000900BAB01220CA92046FDF721FF0028E6
:10FA6000E8D0616901A088470120B7E77732357196
:10FA700078783A20676574206A65646563206964F4
:10FA8000206661696C65642E0A00000010B58CB0B8
:10FA9000040005D0207E012804D003200CB010BD46
:10FAA0000220FBE794F820300022012073B1CDE959
:10FAB0000721059206920423039204920092019278
:10FAC0000292CDE90903002304220EE0E37F8BB10B
:10FAD000CDE90810059207920692009203920492D3
:10FAE0000192002302920A90012205212046FDF78F
:10FAF00045FD09E005228DF82C200B4600900122DF
:10FB00000BA92046FDF7CCFE0028C7D0616902A0F2
:10FB100088470120C2E700007732357178783A20B3
:10FB20006765742073746174757331206661696CE4
:10FB300065642E0A000000002DE9F04F8FB004002C
:10FB400024D0616931B3206830B3626832B3A268EF
:10FB5000002A25D02269002A24D0E268002A23D076
:10FB600094F820100227012600250DF1340B0DF129
:10FB70002C094FF0180A4EF61878002917D0804744
:10FB8000002875D06169D9A0884775E002200FB0C0
:10FB9000BDE8F08F0320FAE7DBA006E0E2A004E076
:10FBA000EAA002E0F3A000E0F9A08847F2E780476E
:10FBB00010B1FEA06169E7E7E07F002877D0CDE9CA
:10FBC00008960A96CDE9045A07950695039500957F
:10FBD000019500230122AB2120460295FDF7CEFCC2
:10FBE00000287DD10A9507950895099505950695F4
:10FBF0000395049500950195002301226621204676
:10FC00000295FDF7BBFC10B1EFA0616913E00A9506
:10FC10000795089509950595069503950495009512
:10FC2000019500230122992120460295FDF7A6FCAB
:10FC300030B16169ECA08847606880470720A6E77B
:10FC4000E1680A208847CDE9075B0395049505958F
:10FC50000695CDE9097603200096CDE9010500233C
:10FC6000012290212046FDF789FC00287ED105E085
:10FC700086E0884760688047012088E7BDF8340047
:10FC800040BAADF82C00618B814270D141456FD3F1
:10FC90000A950795089509950595069500230395FE
:10FCA0000495009501950122029566E2FFE7AB20DD
:10FCB0008DF83000FF208DF831008DF832008DF87E
:10FCC00033000BAB04220CA920460096FDF7E8FD9B
:10FCD000002867D1662000238DF83000012200E063
:10FCE00060E00CA920460095FDF7DAFD00288BD1D5
:10FCF00099208DF83000002301220CA920460095A0
:10FD0000FDF7CEFD002894D1E1680A2088479020B5
:10FD10008DF830008DF831508DF832508DF8335019
:10FD20000DAB04220CA920460097FDF7B9FD30B1B8
:10FD30006169B5A0884760688047042027E7BDF85F
:10FD4000340040BAADF82C00618B81429DD1414511
:10FD50009DD3E9208DF83000002301220CA9204614
:10FD60000095FDF79DFD002802D002E0E3E1EEE101
:10FD70000BE26169AFA0884760688047082006E70A
:10FD8000CDE908960A96CDE9045A0795069503959C
:10FD90000095019500230122AB2120460295FDF735
:10FDA000EDFB10B1ACA0616963E70A950795089572
:10FDB00009950595069503950495009501950023F1
:10FDC0000122662120460295FDF7D8FB00288ED13E
:10FDD0000A95079508950995059506950395049547
:10FDE0000095019500230122992120460295FDF7F7
:10FDF000C5FB002887D1E1680A2088470EA8CDE915
:10FE000008060595079506950095039504950195B7
:10FE100000230122352120460A960295FDF7AEFB0C
:10FE200010B196A061696EE19DF83800800729D471
:10FE30000A950795089509950595069503950495E6
:10FE40000095019500230122502120460295FDF7DF
:10FE500095FB10B191A0616955E10A950795089548
:10FE60000995059506950395049500950195002340
:10FE70000122312120460295FDF780FB10B191A0AF
:10FE8000616940E10A9507950895099505950695DC
:10FE90000395049500950195002301223821204601
:10FEA0000295FDF76BFB10B18EA061692BE1E16853
:10FEB0000A20884730208DF8300060770820A0772E
:10FEC000CDE907654FF00409CDE909590CA8039560
:10FED0000495CDE905500095019500234A46C021BF
:10FEE00020460295FDF74AFB0AE1000077323571A2
:10FEF00078783A207173706920696E697420666140
:10FF0000696C65642E0A00007732357178783A2082
:10FF10007370695F717370695F696E69742069736A
:10FF2000206E756C6C2E0A007732357178783A2025
:10FF30007370695F717370695F6465696E6974205D
:10FF40006973206E756C6C2E0A0000007732357173
:10FF500078783A207370695F717370695F7772693E
:10FF600074655F72656164206973206E756C6C2EB8
:10FF70000A0000007732357178783A2064656C6148
:10FF8000795F7573206973206E756C6C2E0A0000A2
:10FF90007732357178783A2064656C61795F6D737A
:10FFA000206973206E756C6C2E0A000077323571F3
:10FFB00078783A2073706920696E69742066616987
:10FFC0006C65642E0A0000007732357178783A202B
:10FFD000656E61626C652072657365742066616927
:10FFE0006C65642E0A0000007732357178783A200B
:10FFF00072657365742064657669636520666169FE
:020000040801F1
:100000006C65642E0A0000007732357178783A20EA
:10001000676574206D616E75666163747572657273
:1000200020646576696365206964206661696C6532
:10003000642E0A007732357178783A20736574201F
:1000400061646472657373206D6F646520666169B5
:100050006C65642E0A0000007732357178783A209A
:1000600072656C6561736520706F77657220646F6F
:10007000776E206661696C65642E0A00773235718F
:1000800078783A20726561642073746174757320A6
:1000900032206661696C65642E0A00007732357122
:1000A00078783A207365742073722077726974656A
:1000B00020656E61626C65206661696C65642E0AFC
:1000C000000000007732357178783A2077726974D1
:1000D00065207374617475732032206661696C6584
:1000E000642E0A007732357178783A20656E74652F
:1000F000722071737069206661696C65642E0A00F4
:1001000030B1616923A088476068804705203EE5DB
:10011000CDE9075B0395049505950695CDE9097929
:10012000484603218DE82300002304229021204625
:10013000FDF724FA18B1AFF23010616999E5BDF806
:10014000340040BAADF82C00618B814206D0616961
:100150001AA0884760688047062018E5414514D3F7
:100160000A95079508950995059506950023039529
:1001700004950095019504220295E9212046FDF79A
:10018000FDF910B113A0616973E52577267600208B
:10019000FDE400007732357178783A207365742079
:1001A0007265616420706172616D6574657273203F
:1001B0006661696C65642E0A000000007732357153
:1001C00078783A20696420697320696E76616C6979
:1001D000642E0A007732357178783A20656E74653E
:1001E0007220332062797465206D6F6465206661CA
:1001F000696C65642E0A00002DE9F04F8DB09146C0
:10020000884604001E4606D0207E012805D0032023
:100210000DB0BDE8F08F0220FAE794F820204EF6EA
:1002200018704FEA18674FF0010A00254FF0040BD1
:100230002AB1217F00297DD001297CD004E1E17F12
:100240000029217F5CD011B1012943D0FCE0618BF2
:1002500081422CD30A950795089509950595069531
:10026000039504950095019500230122062120465F
:100270000295FDF783F910B176A0616927E08DF84A
:100280002C70CDE907A5CDE9095A0BA80395049573
:10029000CDE905500095019500230122C521204696
:1002A0000295FDF76BF910B172A061690FE0CDE91D
:1002B00007590821CDE9045103950695CDE9096A4E
:1002C0000321504643460122A6E0616975A0884794
:1002D00001209DE7618B81421BD3CDE9075908219D
:1002E000CDE9045103950695CDE9093A012243462B
:1002F0000B210295CDE900AB2046FDF73FF94FE019
:10030000C8F3074BC8F3072A08F0FF0811B1012909
:100310002FD099E0618B81421CD306208DF82C00F0
:10032000002301220BA920460095FDF7B9FA002809
:10033000A2D101E037E073E0C5208DF82C008DF8E4
:100340002D70002302220BA920460095FDF7A8FA84
:100350000028A9D10B208DF82C008DF82DB08DF838
:100360002EA08DF82F808DF830504B460522009638
:1003700012E0618B814267D30B208DF82C008DF841
:100380002D708DF82EB08DF8308000938DF82FA051
:100390008DF831504B4606220BA92046FDF780FA16
:1003A000002892D134E7618B814228D30A950795C2
:1003B0000895099505950695039504950095019571
:1003C00000230422062120460295FDF7D7F80028D5
:1003D000AED18DF82C70CDE907A5CDE9095B0BA84E
:1003E00003950495CDE9055000950195002304225D
:1003F000C52120460295FDF7C1F80028A9D1CDE915
:10040000096BCDE90759A17F5846CDE90451032175
:1004100003954346042206958DE823000B216BE7E4
:10042000618B814210D3CDE9093BCDE90759A17F0A
:100430000395CDE90451CDF800B00695CDE901B59D
:10044000042243460B2157E761691DA08847042019
:10045000DEE600007732357178783A207772697479
:100460006520656E61626C65206661696C65642EED
:100470000A0000007732357178783A207772697413
:100480006520657874656E646564206164647220BB
:100490007265676973746572206661696C65642E44
:1004A0000A0000007732357178783A2066617374FB
:1004B0002072656164206661696C65642E0A0000C3
:1004C0007732357178783A2061646472657373208D
:1004D0006D6F646520697320696E76616C69642E46
:1004E0000A00000010B58CB0040005D0207E012861
:1004F00004D003200CB010BD0220FBE794F82000CC
:10050000002168B10A91079108910991059106911E
:1005100000230391049100910191042202910EE0C5
:10052000E07F88B10A9107910891099105910691A0
:1005300000230391049100910191012202919921DC
:100540002046FDF71BF809E099208DF82C0000915A
:10055000002301220BA92046FDF7A2F90028C9D0EB
:10056000616902A088470120C4E700007732357135
:1005700078783A207265736574206465766963657E
:10058000206661696C65642E0A0000002DE9F04F59
:100590008FB00F46040006D0207E012805D003202E
:1005A0000FB0BDE8F08F0220FAE7380504D061698A
:1005B000F5A088470420F3E794F820103D0E0020B2
:1005C0000DF12C0B4EF6187801264FF0040A99B164
:1005D0000A90079008900990059006908146039034
:1005E00004900090019002900023042206212046EE
:1005F000FCF7C4FFB0B931E1E17F00297DD00A905A
:100600000790089009900590069081460390049009
:100610000090019002900023012206212046FCF761
:10062000ADFF10B1DFA061698BE0207F10B1012820
:100630004ED006E2618B41452FD38DF82C50CDE989
:100640000769CDE90996CDF80C90CDF81090CDE969
:10065000059B4D46CDF80090CDF804900023012273
:10066000C5212046CDF80890FCF788FF10B1D5A031
:10067000616966E00A9507950895099505950695BF
:10068000039504950095019500230122062120463B
:100690000295FCF773FF0028C4D1CDF82890CDF85F
:1006A0002090CDF82490CDF81490CDF81C90CDF882
:1006B0000C90CDF810900321CDF818900096CDE95C
:1006C000011901223B4620211DE0CAA0616938E0E2
:1006D000618B4145ADD3CDF82090CDF82490CDF875
:1006E00028900122CDF81C90CDF80C90CDF81090F8
:1006F000CDF814903B46202100E033E0CDF818906F
:100700000096CDE901A92046FCF738FF0028DCD18E
:100710004FF4C8774D460DF13408CDE908860595AC
:1007200007950695009503950495019500230122F0
:10073000052120460A960295FCF720FF20B1616949
:10074000B5A0884701202BE79DF83400C00706D0EC
:100750000120E1687F1E8847002FDED112E1002FC3
:10076000FCD079E006218DF82C1083460090002300
:1007700001220BA92046FDF793F800288CD1207F99
:10078000C7F3074AC7F30729FFB210B101282ED0DB
:1007900057E1618B41451CD3C5208DF82C008DF8A5
:1007A0002D505D46002302220BA92046CDF800B053
:1007B000FDF776F800287FF45AAF06208DF82C005C
:1007C000002301220BA920460095FDF769F80028B7
:1007D000D4D120208DF82C008DF82DA08DF82E90EE
:1007E00000238DF82F700422CDF800B011E0618B4A
:1007F000414537D320208DF82C008DF82D508DF8F1
:100800002EA000238DF82F908DF830700522CDF8A2
:1008100000B00BA92046FDF743F800287FF455AF40
:100820004FF4C8755FF005078DF82C700DAB0122F1
:100830000BA920460096FDF733F800287FF47FAF20
:100840009DF83400C00706D00120E1686D1E88477E
:10085000002DE9D196E0EDB30020A1E6207F10B194
:1008600001284CD0EDE0618B41452ED38DF82C5002
:10087000CDE90769CDE9099ACDF80C90CDF8109033
:10088000CDE9059B4D46CDF80090CDF804900023AE
:100890000422C5212046CDF80890FCF76FFE002801
:1008A00089D10A95079508950995059506950395AB
:1008B0000495009501950023042206212046029507
:1008C000FCF75CFE00287FF4ADAECDF81C90CDF8AF
:1008D000209000E056E0CDF82890CDF82490CDF897
:1008E00014900321CDF80C90CDF81090CDF800A015
:1008F000CDF81890CDE901193B46042218E0618B30
:10090000414540D3CDF82890CDF82090CDF82490E3
:10091000CDF81490CDF81C90CDF80C90CDF8109037
:10092000CDF800A0CDF81890CDE901A93B460422EE
:1009300020212046FCF722FE00287FF4C6AEB046F8
:100940004FF4C8774D460DAE07A8002380E8600538
:1009500005950695039504950095019504220521BA
:1009600020460295FCF70AFE00287FF4E8AE9DF8C9
:100970003400C0073FF4F3AE0120E1687F1E8847D2
:10098000002FE1D158E05CE07732357178783A2079
:100990006164647220697320696E76616C69642E8B
:1009A0000A0000007732357178783A2077726974DE
:1009B0006520656E61626C65206661696C65642E98
:1009C0000A0000007732357178783A2077726974BE
:1009D0006520657874656E64656420616464722066
:1009E0007265676973746572206661696C65642EEF
:1009F0000A0000007732357178783A2073656374A5
:100A00006F7220657261736520346B206661696C5A
:100A100065642E0A000000007732357178783A203C
:100A20006765742073746174757331206661696CD5
:100A300065642E0A00000000616904A08847062052
:100A4000AEE561690AA088470520A9E577323571CE
:100A500078783A20736563746F722065726173658C
:100A600020346B2074696D656F75742E0A00000068
:100A70007732357178783A206164647265737320D7
:100A80006D6F646520697320696E76616C69642E90
:100A90000A00000010B1C1770020704702207047A3
:100AA00018B180F820100020704702207047000025
:100AB0002DE9F04F8DB00D46040006D0207E0128B0
:100AC00005D003200DB0BDE8F08F0220FAE794F8BE
:100AD000201000200DF12C094FF47A7601270DF13A
:100AE000300B99B10A9007900890099005900690F4
:100AF000804603900490009001900290002304220D
:100B000050212046FCF73AFDB0B98FE0E17F002983
:100B100059D00A9007900890099005900690804659
:100B20000390049000900190029000230122502134
:100B30002046FCF723FD10B15DA0616931E08DF81E
:100B40002C50CDE90778CDE90987CDF80C80CDF898
:100B50001080CDE9058901224546CDF80080CDF809
:100B60000480002311462046CDF80880FCF706FDDE
:100B700010B157A0616914E0D846CDE90887059502
:100B8000079506950095039504950195002301228C
:100B9000052120460A970295FCF7F0FC20B1616917
:100BA00053A0884701208DE79DF83000C00706D08C
:100BB0000120E168761E8847002EDED173E0002E0A
:100BC00071D000207EE750218DF82C1080460090D7
:100BD0000023012249462046FCF762FE0028ABD1E3
:100BE0008DF82C708DF82D50002302220BA9204681
:100BF000CDF80080FCF754FE0028BAD15FF005055F
:100C00008DF82C500CAB01220BA920460097FCF765
:100C100047FE0028C3D19DF83000C007CFD0012087
:100C2000E168761E8847002EEAD13CE08DF82C5012
:100C3000CDE907784FF0040ACDE9098ACDF80C8098
:100C4000CDF81080CDE905894546CDF80080CDF876
:100C500004800023524601212046CDF80880FCF78D
:100C60008DFC002885D1B946D846574607A80A9773
:100C700080E8200305950695039504950095019558
:100C800000230422052120460295FCF777FC00286A
:100C900085D19DF83000C00791D00120E168761E13
:100CA0008847002EE2D1616919A08847042009E72E
:100CB0007732357178783A20777269746520656E7D
:100CC00061626C65206661696C65642E0A000000D3
:100CD0007732357178783A20736574207374617453
:100CE000757331206661696C65642E0A000000002E
:100CF0007732357178783A2067657420737461743F
:100D0000757331206661696C65642E0A000000000D
:100D10007732357178783A20777269746520737408
:100D20006174757320312074696D656F75742E0A56
:100D3000000000002DE9F04F8DB00D46040006D0F4
:100D4000207E012805D003200DB0BDE8F08F0220E1
:100D5000FAE794F8201000200DF12C094FF47A7670
:100D600001270DF1300B99B10A9007900890099076
:100D700005900690804603900490009001900290A8
:100D80000023042250212046FCF7F8FBB0B98FE085
:100D9000E17F002959D00A900790089009900590AA
:100DA00006908046039004900090019002900023EA
:100DB000012250212046FCF7E1FB10B15EA06169E1
:100DC00031E08DF82C50CDE90778CDE90987CDF8D1
:100DD0000C80CDF81080CDE905894546CDF800801E
:100DE000CDF804800023012231212046CDF808806F
:100DF000FCF7C4FB10B158A0616914E0D846CDE9F6
:100E00000887059507950695009503950495019526
:100E100000230122052120460A970295FCF7AEFB2C
:100E200020B1616954A0884701208DE79DF830000A
:100E3000C00706D00120E168761E8847002EDED16B
:100E400074E0002E72D000207EE750218DF82C1027
:100E5000804600900023012249462046FCF720FDF1
:100E60000028ABD131208DF82C008DF82D500023B7
:100E700002220BA92046CDF80080FCF711FD0028C6
:100E8000B9D105258DF82C500CAB01220BA92046B9
:100E90000097FCF705FD0028C3D19DF83000C0077E
:100EA000CFD00120E168761E8847002EEAD13DE0D0
:100EB0008DF82C50CDE907784FF0040ACDE9098A66
:100EC000CDF80C80CDF81080CDE905894546CDF8E8
:100ED0000080CDF804800023524631212046CDF811
:100EE0000880FCF74BFB002885D1B9465F46D04609
:100EF00007A8CDF8288080E8A002059506950395FF
:100F000004950095019500230422052120460295B1
:100F1000FCF734FB002884D19DF83000C00790D046
:100F20000120E168761E8847002EE1D161691AA090
:100F30008847042008E700007732357178783A2036
:100F4000777269746520656E61626C65206661699F
:100F50006C65642E0A0000007732357178783A208B
:100F60007365742073746174757332206661696C83
:100F700065642E0A000000007732357178783A20D7
:100F80006765742073746174757331206661696C70
:100F900065642E0A000000007732357178783A20B7
:100FA000777269746520737461747573203220746C
:100FB000696D656F75742E0A0000000010B14183E1
:100FC00000207047022070470020704700207047C3
:100FD0002DE9FF4F81B01646DDE91147DDE90E58D6
:100FE00000224FF480514048DDF850A0DDF85890C1
:100FF000F6F795FD0A20FCF7D3FC9DF804004FF4AA
:101000007A7B38B15B46012201A93848F7F78CFE9C
:10101000002855D18DB1681E08D46A46291ACB0024
:10102000083B26FA03F11154401EF7D55B462A46C9
:1010300069462E48F7F778FEF0BB8CB1601E08D4E5
:101040006A46211ACB00083B28FA03F11154401ECE
:10105000F7D55B46224669462448F7F765FE58BB3C
:1010600097B1FF20FF1DFD088DF8000000245E46AB
:1010700008E03346012269461C48F7F755FED8B907
:10108000641CE4B2AC42F4D3BAF1000F09D0139857
:1010900038B11FFA8AF25B4614481399F7F744FEF9
:1010A00050B9B9F1000F14D0159890B11FFA89F218
:1010B0005B460E48159900E002E0F7F78BFD40B162
:1010C000012211030848F6F72AFD012005B0BDE80A
:1010D000F08F0A20FCF764FC012211030248F6F7A6
:1010E0001EFD0020F2E70000000C0140BC160020AD
:1010F0002DE9FF4F81B098468A46050006D0287E2C
:10110000012805D0032005B0BDE8F08F0220FAE7E2
:10111000CAF30B06C6F580544FEA1A37A04500D82B
:10112000444605F227104FF4805B0090390389464E
:101130005B462846009AFCF749FA58B1696922A033
:1011400088470420DFE73118294491F82711FF2947
:1011500002D1401CA042F6D3A0421ED249462846E6
:10116000FBF754FD58B169691DA088470520CAE7FF
:10117000039982192A44095C82F82711401CA04275
:10118000F6D3009A49465B462846FCF7A3FB40B1DC
:1011900069691BA088470120B5E723465146039A99
:1011A000F2E7A0450DD00398A24420440390A8EB99
:1011B000040000265C467F1C8046A042B6D8044648
:1011C000B4E700209FE700007732357178783A2045
:1011D00072656164206661696C65642E0A000000B6
:1011E0007732357178783A2065726173652073655E
:1011F00063746F72206661696C65642E0A0000007A
:101200007732357178783A20777269746520666133
:10121000696C65642E0A000038B5054600246946ED
:101220000748FEF733FC48B99DF80000C00706D018
:101230000120F9F757FF641CAC42F0D3012038BD00
:101240008819002021F00042A2F16052B2F5801FFF
:1012500001F0004328BFD2F17F6C0BD95FEA001C7C
:1012600043EAC20242EB507018BF704728BF20F01B
:1012700001007047B2F5801FBCBF184670474FEAA7
:10128000410C1CF5001F02D2084600F0AABD70B543
:1012900000F08EF900000089FFF7F6BF4FF0004024
:1012A000A0F580007047000010B591EA030F48BF19
:1012B00083F0004300F1D881841A71EB030C05D24E
:1012C000121943EB0C03001B61EB0C01DFF824E166
:1012D0004FEA1154A4EB135C1EEA430F18BF9EEAB9
:1012E000445F73D023EA0E03DCF1200E21EA04519F
:1012F00043F4801332D322FA0CFE10EB0E0023FAD3
:101300000CFE41EB0E01CCF1200E03FA0EFE10EBA9
:101310000E0051F10001B1F5801FCCF1200E32D248
:1013200001EB045112FA0EF2BDE8104058BF7047AD
:10133000401C38BF5FEA420218BF7047002814BF44
:1013400020F0010041F100014FEA410313F5001FB5
:1013500038BF7047A1F1C04100F078B9012A43EBD2
:101360000302ACF1200CDCF11F0E32BF4FF0000E77
:1013700023FA0CF310EB030041EB0451B4EB115FC3
:10138000D0D0A1EB045101F5801149085FEA30008B
:1013900001EB04510ED350F1000038BF12FA0EFEDB
:1013A00008D1BDE81040C9E7401C38BF5FEA4202DF
:1013B000CAD1C3E7BDE810404FEA410313F5001F4F
:1013C00038BF7047A1F1C04100F040B99EEA445FC8
:1013D00008D011EA5E0FBDE8104004BF01F00041E3
:1013E00000207047BDE8104070B500F0E1F800BF84
:1013F00064FBBE3E0000E0FF02494FF0000000F039
:10140000D6BD00BF0000F87F10F0004248BF404248
:10141000B0FA80F310FA03F10AD0C3F11D0303F50B
:1014200080634FEA415002EB035202EBD121704737
:101430004FF000007047B0FA80F310FA03F10AD0C1
:10144000C3F11D0303F580634FEA41504FEA035295
:1014500002EBD12170474FF000007047DFF848C120
:1014600070B51CEA111E1EBF1CEA13159EEA0C0F74
:1014700095EA0C0F00F06F8081EA030423EA4C1315
:101480004EEAD47E21EA4C1141F4801143F48013DA
:10149000AE44A1FB024CA0FB0365AEF17F7E361982
:1014A00055EB0C05A1FB034C4CF10003A0FB021C07
:1014B00016EB0C06654153F10003094218BF46F0D4
:1014C000010613F4007F0BD14FEA03314FEA0530D8
:1014D000340341EA155140EA16506FF003020AE066
:1014E0004FEAC3214FEAC520F40241EA555140EAD0
:1014F00056506FF0020202EB2E4201EB025585EAD4
:10150000CE710AD05FEA440C18BF24F0004450F1B9
:10151000000041F1000120EAD47040F2FE7C6245F7
:1015200000D270BDA84214BF4FF080444FF0404439
:10153000002E08BF0024BEF1806FA8BFA1F1C041FA
:10154000BDE8704080F282804FF0000001F1C041A0
:1015500001F0004170479EEA0C0F0CEA131518BF0A
:1015600095EA0C0F06D04FF0000081EA030E0EF052
:10157000004170BD00F01CF88900013E00F007B882
:1015800000F009B84FEA430C5FEA5C5C08D081EADE
:10159000030100F05BB84FEA410C5FEA5C5CF6D1F6
:1015A0004FF00000014970470000FF070000F87F7E
:1015B0000EF1020E2EF0030E5EF8046B364205D4D7
:1015C000012A43EB030515F5001F12D8012841EB52
:1015D000010C1CF5001F0CD80ED14FEAD17C15F57B
:1015E000001F0CEB4C0C0CF1020C08BF4CEBD37C35
:1015F00004E04FF0080C01E04FEAD37C0CEB4C0503
:1016000026FA05F606F00706B6F1040C06D20EEB34
:10161000860CBDE870404CF0010C6047DFE80CF030
:10162000090B02024FF000414FF00000A1F500212C
:1016300070BD19461046012851EB010418BFD4F5BE
:10164000001484BF002001F0004170BD0808A0F51F
:1016500000114FEA3101704710B591EA030F48BFFE
:1016600083F000433FF528AE841A71EB030C07D2D8
:1016700012198CF0004C43EB0C03001B61EB0C01C6
:10168000DFF8A4E14FEA1154A4EB135C1EEA430F08
:1016900018BF9EEA445F00F0B08023EA6E03524216
:1016A00021EA0451C3EB6E0338BF5B1EDCF1200E50
:1016B00025D322FA0CFE10EB0E0043FA0CFE41EB90
:1016C0000E01CCF1200E03FA0EFE10EB0E0051F1CC
:1016D0000001CCF1200E29D412FA0EF201EB0451D4
:1016E000BDE8104058BF7047401C1CBFB2F1004F0E
:1016F000704700280CBF491C20F00100704712EB16
:10170000020E43EB030218BF4FF0010E4EEA4202F5
:10171000ACF1200CDCF11E0E54D943FA0CFE10EB98
:101720000E0051F1FF31CCF11E0ED5D50EF1010E98
:1017300012FA0EFE404141EB010101EB445C5FEA0D
:101740005C5C10D910EBDE7001EB045138BFBEF1C8
:10175000004FBDE8104018BF704700280CBF491C5F
:1017600020F00100704730D24FEAD42C11F500115F
:1017700024F400641BD0B1FA81F20B3AA41AA41E1F
:10178000D2F12003914030FA03F31943904001EB6A
:10179000CC71002C01EB0451BDE81040A8BF70478C
:1017A00001F1C0414FF0000001F000417047B0FA74
:1017B00080F310FA03F100D110BDE41A173C48057C
:1017C000C90AE4E701EB045110BD491001EB0451D3
:1017D000BDE810404FEA300002E04FF000017047D2
:1017E0004A0008BF0042F8D0B2F5001F28BF70477A
:1017F00001F000414FF0000070479EEA445F07D0BF
:1018000011EA5E0FBDE8104004BF002100207047C0
:10181000BDE8104070B5FFF7CBFE00BF40DFF63EDD
:1018200083F00041104670470000E0FF90EA010F8E
:1018300048BF81F0004100F14C83421A3CBF801A3E
:1018400089184FEAD0524FF07F4C1CEA410FA2EBAF
:10185000D15318BF9CEA026F00F03B804FF0004C60
:101860004CEA00204CEA012121FA03FC10EB0C0C9D
:101870001ED202F1FF325FEA1C2040EBC25038BF9B
:1018800070471CF07F0F4FEA400C18BFBCF17F4F30
:1018900038BF7047C3F12003994008BF20F0010012
:1018A000BCF17F4F38BF7047A0F1C04000F099BA3B
:1018B0004FEA3C00000A40EBC25028BF1CF0FF0F6B
:1018C0004FEA400CE6D018BFBCF17F4F38BF7047DD
:1018D000EAE79CEA026F05D010EA5C0F08BF00F04F
:1018E0000040704710B500F036FA00BF64FBBE3E02
:1018F00050EA010C00F113801CF5000F58BFBCF535
:10190000000F01D48842704707D710F5000F58BF69
:1019100011F5000F22D488427047894270471CF5A8
:10192000000F04D5BCF5000FF7D5814270474FF08A
:10193000807C1CEB400F38BF1CEB410F0ED2814264
:10194000704710B5FFF7D4FFEFF3008020F0104090
:1019500038BF40F0004080F3008810BDBDE8104063
:1019600010B500F0F8F900BF0000000900F007B85A
:101970004FF0404010F1004FEFF3008070474010EF
:1019800058BFC0F14040491058BFC1F140418142A9
:10199000EFF30080704700004FF47F0C1CEAD01278
:1019A0001EBF1CEAD11392EA0C0F93EA0C0F00F051
:1019B000858090EA010F48BF42F4807240F4000C29
:1019C00041F400002CF07F4120F07F4000B58142BF
:1019D000A2EB03020FF2081CACEB504EC0F100006A
:1019E0009EF800E04FEA4E0E00FB0EFC38BF4900A7
:1019F0004FEA2C1C02F5FA020CFB0EF34FEACE1E46
:101A00004FEA112C4FEAC1210EEB635E42EB2242FA
:101A10000EFB0CFC4FEA1C5300FB03114FEA112C88
:101A20004FEA01310EFB0CFC4FEADC4C00FB0C11C1
:101A3000C14228BF09184CEB03335DF804EB10EBEF
:101A4000410143EBC250B2F57C0F38BF704729D536
:101A500012F0F00F1CBF00F1C04000F000407047D2
:101A6000008182838485868788898B8C8D8E8F9177
:101A70009293959697999A9C9D9FA0A2A3A5A7A89B
:101A8000AAACAEB0B2B3B5B7B9BCBEC0C2C5C7C9C7
:101A9000CCCED1D4D7D9DCDFE2E6E9ECF0F3F7FA2B
:101AA000FE0000004FEA400C0CF1807CBCF17E4F40
:101AB00028BF7047B0F1C04000F093B990EA010F21
:101AC0000CEAD11348BF42F48072624538BF6345C7
:101AD00007D213F47F0F16D080EA010000F0004017
:101AE000704710B500F037F9097EFC3E00F005B8EC
:101AF00080EA010000F00040704780EA010000F039
:101B0000004000F06EB912F47F0F04BF0248704726
:101B100080EA010000F065B90000C07F41000B0EB3
:101B2000D3F19E0208D950F400034FEA032323FAAD
:101B300002F048BF4042704710B500F00CF900BFFA
:101B400049922480002070476FF0004282EA200012
:101B500070470000C10DD1F19E0206DB4FEA002361
:101B600043F0004323FA02F07047004207D54FEAE2
:101B70004001B1F1FE4F02D24FF00000704710B5A6
:101B800000F0E9F849922480002070476FEA2000B5
:101B90007047000010F0004148BF4042B0FA80F3A7
:101BA00010FA03F2C3F19D030BD051EAC35101EBCC
:101BB0001220530638BF704700F1010008BF20F023
:101BC00001007047B0FA80F310FA03F2C3F19D03ED
:101BD0000AD0D90501EB1220530638BF704700F137
:101BE000010008BF20F001007047000050EA010C1E
:101BF00000F113801CF5000F58BFBCF5000F01D495
:101C00008842704707D710F5000F58BF11F5000F35
:101C100015D488427047894270471CF5000F04D5DF
:101C2000BCF5000FF7D5814270474FF0807C1CEB6C
:101C3000400F38BF1CEB410F01D28142704710B5F5
:101C400000F089F8922449004FF000504FF0805185
:101C5000FFF795BE4FF47F0C1CEAD0121EBF1CEAA2
:101C6000D11392EA0C0F93EA0C0F00F0478090EA30
:101C7000010F48BF42F480724FF0004C4CEA002044
:101C80004CEA012102EB0302A0FB0113A2F50002C2
:101C9000002918BF43F001035B0028BF4FEA33035C
:101CA00042EB22425FEA132C4CEBC2502EBFBCEB3E
:101CB000436FB2F57C0F70474FEA036CBCF1004FE5
:101CC00008BF20F00100B2F57C0F38BF70470BD57C
:101CD00082F0FF0212F5803FC8BF704700F1C0409C
:101CE000D8BF00F00040704700F5000C5FEA4C0CD4
:101CF00048BF7047B0F1C04000F073B890EA010FE0
:101D00000CEAD11348BF42F48072624538BF634584
:101D100004D280EA010000F00040704710B500F0E6
:101D20001AF800BF8900013E00F007B800F009B8BA
:101D30005FEA410C5FEA1C6C08D080EA010000F009
:101D400050B85FEA400C5FEA1C6CF6D14FF00040DF
:101D5000A0F5800070470EF1020E2EF0030E5EF823
:101D6000044B244204D44FEA4102B2F17F4F11D810
:101D70004FEA4003B3F17F4F0CD80ED14FEAD07C2D
:101D8000B2F17F4F0CEB4C0C0CF1020C08BF4CEB8A
:101D9000D17C04E04FF0080C01E04FEAD17C0CEB61
:101DA0004C0324FA03F404F00704B4F1040C06D243
:101DB0000EEB840CBDE810404CF0010C6047DFE8EE
:101DC0000CF0070802024FF00040A0F5800010BDA3
:101DD0000846420018BFD2F1807288BF00F0004070
:101DE00010BDFF2141EAD050C005704751EA000CF8
:101DF00000F113801CF5000F58BFBCF5000F01D493
:101E00008142704707D711F5000F58BF10F5000F3A
:101E100015D481427047894270471CF5000F04D5E4
:101E2000BCF5000FF7D5884270474FF0807C1CEB63
:101E3000410F38BF1CEB400F01D28842704780EA47
:101E4000010081EA000180EA0100FFF7F8BE00000E
:101E50005FEA400C5FEA1C6CBCF17F0314D4D3F141
:101E6000170240F31C804FF0010C0CFA02FCACF19D
:101E700001030340B3EB5C0220EA030008BF10EA51
:101E80000C0F88BF60447047B3F1FF3F28BF5FEA83
:101E9000002C00F0004088BF40F07E507047BCF13D
:101EA000FF0FB8BF704710B5FFF755FF40DBB6BE58
:101EB00080F0004090EA010F7FF5BFAC81F0004157
:101EC00000F007B890EA010F48BF81F000413FF5EC
:101ED000B4AC421A04D882F00042A0EB02001144D4
:101EE0004FEAD0524FF07F4C1CEA410FA2EBD15386
:101EF00018BF9CEA026F4AD04FF0004C4CEA002019
:101F00004CEA012121FA03FCB0EB0C0C0FD412F0C7
:101F1000FE0F36D05FEA4C001DD5001240EBC250D8
:101F200038BF70471CF03F0F18BF70470BE0A2F19D
:101F300001025FEA1C2040EBC25038BF70471CF022
:101F40007F0F18BF7047C3F12003994014BF401E94
:101F500020F00100704780084FEA122308BF704745
:101F6000B0FA80FCA2EB0C02CCF1280C60FA0CF069
:101F700093EA122F04BF00EBC25070474FEAC370C0
:101F80007047130A5FEADC1008BF7047F6E79CEA67
:101F9000026F04D010EA5C0F08BF0020704710B534
:101FA000FFF7D9FE40DFF63E81F0004070470CF0AD
:101FB0000F03092B08BF082000F059800A2B0BD013
:101FC000082B18BF704708BF1CF0400F0AD04FF015
:101FD00000004FF0000170471CF0400F18BF4FF099
:101FE000004070471CF0100F08D020F0704300F044
:101FF0007F4242EAD3014FEA4370704700F06040ED
:1020000021F07F4242EA000201F07F4040EA727014
:1020100070474FF0FF0C4CF4E06C1CEA11531CBFEE
:102020009CEA030C9445C2BFDA4201EB02517047AF
:10203000002B0DD0BCF1000F0FD0002A01F00041A1
:10204000A4BF41F0E04141F07F614FF000007047D4
:1020500001F000414FF00000704750EA01334FF0AB
:102060009B0C18BF4CF0806C7FF4C6A970471CF421
:10207000801F11D01CF4E02F03D06FEACC3149004F
:1020800070474FF04050EFF3008222F0704242EA76
:10209000000282F3008870474FF000007047000094
:1020A0000020002100220023002400250026002714
:1020B00000280029102120213021402150216021B9
:1020C0001141124113411441154116411741184164
:1020D000194111421242134214421542164217424C
:1020E00001200220032004200520062007200820CC
:1020F0000920102011201220132014201520162052
:1021000017201820192020202120222023202420DD
:102110002520262027202820292030203120322069
:1021200050594C4F4E20202050594C4E424D533365
:10213000313441483030303100303132333435368B
:102140003738394142434445460000000000000052
:10215000000000000000000000000000000000007F
:10216000000000000000000000000000000000006F
:10217000000000001DC701009DAF01007B99010018
:10218000A0840100FA7001006E5E0100F14C0100B4
:10219000703C0100DB2C0100241E01003D100100F9
:1021A00019030100ADF60000ECEA0000CEDF0000EC
:1021B00048D5000051CB0000E1C10000F0B800009C
:1021C00076B000006DA80000CEA00000939900003A
:1021D000B7920000338C00000386000023800000CB
:1021E0008D7A00003F75000033700000666B0000C0
:1021F000D56600007C620000595E0000685A00004D
:10220000A856000014530000AC4F00006C4C0000B6
:10221000534900005F4600008E430000DD4000008F
:102220004C3E0000D83B00008039000044370000DD
:10223000203500001533000021310000432F00003D
:10224000792D0000C42B0000212A000090280000F6
:1022500010270000A025000040240000EF2200000D
:10226000AC210000762000004C1F0000301E000052
:102270001E1D0000181C00001C1B00002B1A000073
:1022800043190000641800008E170000C1160000FA
:10229000FC1500003E15000088140000D813000053
:1022A000301300008E120000F21100005C110000DB
:1022B000CC10000041100000BB0F00003A0F0000DE
:1022C000BE0E0000460E0000D40D0000640D00009C
:1022D000FA0C0000930C00002F0C0000CF0B000044
:1022E000730B00001A0B0000C40A0000710A000002
:1022F000210A0000D40900008909000041090000FA
:10230000FB080000B808000077080000390800004A
:10231000FC070000C1070000890700005207000009
:102320001D070000EA060000B8060000890600004C
:102330005A0600002D06000002060000D805000025
:10234000AF05000088050000620500003D050000A3
:1023500019050000F6040000D5040000B4040000D4
:102360009504000076040000580400003C040000BE
:102370002004000005040000EB030000E50300005A
:10238000B9030000A10300008A03000073030000EA
:102390005D030000010202030405060708090A0B99
:1023A0000C0D0E0F101000000000000000000102D4
:1023B00003040607080900000000010203040000EE
:1023C000E023010800000020940200006C010008D6
:1023D0001424010894020020DC2E0000C80100082B
:1023E0000135023F01026E03093A6F4BFFFF0409FA
:1023F0001A2219010A1C7F2401104BC8420401173C
:102400000442529948091960018949A43201821095
:0424100013127A0029
:0400000508000131BD
:00000001FF
