:020000040801F1
:10000000304C0020E1010108D13A0208191702081A
:10001000CD3A0208E18C01087D770208000000005B
:10002000000000000000000000000000C1480208BD
:10003000D5C4010800000000E13D0208614B020840
:10004000FB010108DD3D0208FB010108FB0101087D
:10005000FB010108FB010108FB010108FB0101088C
:10006000FB010108FB010108FB010108C59401081F
:10007000FB010108FB010108FB010108FB0101086C
:10008000FB010108FB01010821080108FB0101082F
:100090006D580208FB010108FB010108FB01010882
:1000A000FB010108FD4B0208FB010108FB010108EF
:1000B000094C0208FB010108FB010108FB010108D2
:1000C000FB010108FB010108FB010108FB0101081C
:1000D0008947020825580208FB010108FB010108B5
:1000E000D9C40108FB010108FB010108FB0101085B
:1000F000FB010108FB010108FB010108FB010108EC
:10010000FB010108FB010108FB010108FB010108DB
:100110000557020811570208FB010108FB010108FD
:10012000FB010108FB010108FB010108FB010108BB
:1001300000F002F800F045F80AA090E8000C8244B4
:100140008344AAF10107DA4501D100F03AF8AFF291
:10015000090EBAE80F0013F0010F18BFFB1A43F0A5
:1001600001031847DC290200FC290200103A24BFD1
:1001700078C878C1FAD8520724BF30C830C144BF0C
:1001800004680C607047000000230024002500264E
:10019000103A28BF78C1FBD8520728BF30C148BFEA
:1001A0000B607047642900F07780752900F0748037
:1001B000782900F0AD80002070471FB51FBD10B535
:1001C00010BD00F0F7FA1146FFF7F7FF18F058F8E6
:1001D00000F015FB03B4FFF7F2FF03BC00F018FBBF
:1001E0000948804709480047FEE7FEE7FEE7FEE7CB
:1001F000FEE7FEE7FEE7FEE7FEE7FEE70448054907
:10020000054A064B70470000E94B0208310101081E
:1002100030460020304C002030480020304800207C
:100220000FB41CB5074B06AA7B446946009005989D
:1002300000F071FA0020694600F080FA1CBC5DF8FD
:1002400014FB00001105000070B5044685690068C4
:10025000C10601D5302600E02026C00707D070BDBA
:10026000D4E9012130469047206A401C20626D1E6F
:10027000F6D570BD70B5044685690078C00707D112
:1002800070BDD4E9012120209047206A401C2062E3
:100290006D1EF6D570BD00002DE9F0410646002424
:1002A00010687529314616A510D0AFF300800028DC
:1002B00002DA404213A507E031688A0701D512A58A
:1002C00002E0490704D511A5012401E0AFF3008045
:1002D00000210A2206F1240709E0B0FBF2FCB0FB82
:1002E000F2F302FB1C00303078541846491C0028F9
:1002F000F3D123462A463046BDE8F04100F0ACB9C0
:10030000000000002D0000002B0000002000000075
:1003100070B504460D4621461068AFF30080218871
:10032000090502D50F4A7A4402E00E4A7A440E3299
:10033000002104F1240305E000F00F060009965D9A
:100340005E54491C0028F7D120780023000704D50B
:10035000702D02D009B1022311322046BDE8704051
:1003600000F07AB9E41E02002DE9F05F89460446E8
:100370004FF0000ADFF824B1FB44C0F820A020466B
:10038000E168884700287DD0252806D0D4E90121DE
:100390009047206A401C2062F1E700255F46204616
:1003A000E16888472028064607DB312E05D2B819B8
:1003B00010F8200C08B10543F1E7A80701D525F096
:1003C0000405C4F81CA00027C4F818A02A2E09D0E0
:1003D000304620F0B1FF38B304EB8708303EC8F850
:1003E000186019E059F8041B204604EB870291615C
:1003F000E1688847012F064618D1E069002820DA15
:1004000025F020051DE0D8F8180000EB800006EB71
:1004100040003038C8F818002046E1688847064692
:1004200020F08AFF0028EED1012F0AD02E2E08D10D
:100430002046E16888477F1C0646022F45F02005CC
:10044000C4DBA069002803DA404245F00105A06141
:10045000E80701D025F01005A6B1A6F14100192842
:1004600002D8203645F400654A46314620462560CC
:100470004D46FFF797FE60B1012807D0ED1D25F02E
:10048000070000E007E000F1080978E705F104093A
:1004900075E730467AE7206ABDE8F09FBA1E020091
:1004A00040EA010310B59B070FD1042A0DD310C8F1
:1004B00008C9121F9C42F8D020BA19BA884201D943
:1004C000012010BD4FF0FF3010BD1AB1D30703D08B
:1004D000521C07E0002010BD10F8013B11F8014B41
:1004E0001B1B07D110F8013B11F8014B1B1B01D15D
:1004F000921EF1D1184610BD10B5431C02E010F851
:10050000011B71B18107FAD14FF0013202C88C1A78
:100510008C4314EAC211F9D0C01A0A0603D0C01ED7
:1005200010BDC01A10BD0A0401D0801E10BD090202
:10053000FCD0401E10BD032A40F2308010F0030CA6
:1005400000F0158011F8013BBCF1020F624498BF26
:1005500011F801CB00F8013B38BF11F8013BA2F1C3
:10056000040298BF00F801CB38BF00F8013B11F03E
:10057000030300F0E880083AC0F0088051F8043B1B
:10058000083A51F804CBA0E80810F5E7121D5CBF4B
:1005900051F8043B40F8043BAFF30080D20724BF7E
:1005A00011F8013B11F801CB48BF11F8012B24BF12
:1005B00000F8013B00F801CB48BF00F8012B704761
:1005C0004FF000020429C0F0128010F0030C00F07C
:1005D0001B80CCF1040CBCF1020F18BF00F8012BFA
:1005E000A8BF20F8022BA1EB0C0100F00DB85FEAC8
:1005F000C17C24BF00F8012B00F8012B48BF00F894
:10060000012B70474FF0000200B513469446964602
:10061000203922BFA0E80C50A0E80C50B1F1200115
:10062000BFF4F7AF090728BFA0E80C5048BF0CC0C3
:100630005DF804EB890028BF40F8042B08BF704721
:1006400048BF20F8022B11F0804F18BF00F8012B93
:1006500070477047704770472DE9F0470D4699463F
:100660009246044600F124080168880604D5E06932
:1006700021F01001216000E00120A84201DD471BAC
:1006800000E00027A1697A1902EB0900081AA061AD
:100690002078C00602D42046FFF7D6FD002608E0E9
:1006A000D4E901211AF806009047206A401C761C04
:1006B00020624E45F4DB2078C0060AD52046FFF7BD
:1006C000C3FD06E0D4E9012130209047206A401C98
:1006D0002062381EA7F10107F4DC07E0D4E901210C
:1006E00018F805009047206A401C2062281EA5F1DA
:1006F0000105F3DC2046FFF7BDFD2078000602D59A
:100700000220BDE8F0870120FBE7000001694A1CD8
:1007100002610878704700B58FB0CDE90131002142
:10072000059105497944CDE9031011466846FFF764
:100730001BFE0FB000BD0000E5FFFFFF0A6802F8D6
:10074000010B0A60704710B5203AC0F00B80B1E889
:100750001850A0E81850B1E81850A0E81850203AF6
:10076000BFF4F5AF5FEA027C24BFB1E81850A0E8FF
:10077000185044BF18C918C0BDE810405FEA827C19
:1007800024BF51F8043B40F8043B08BF7047D20730
:1007900028BF31F8023B48BF11F8012B28BF20F8D1
:1007A000023B48BF00F8012B70470000004870472B
:1007B000600000207546FFF7F9FFAE460500694668
:1007C000534620F00700854618B020B5FFF716FD08
:1007D000BDE820404FF000064FF000074FF0000842
:1007E0004FF0000BAC46ACE8C009ACE8C009ACE87F
:1007F000C009ACE8C00921F007018D46704710B56B
:100800000446AFF300802046BDE81040FFF7E2BC8D
:1008100001491820ABBEFEE7260002007047000029
:1008200040F2EC40C2F200000CF0D6B90146406A3A
:10083000826A12F0500F03D0006A026B084610471C
:100840000168826A42F400728262896801F4602160
:10085000B1F5602F01D1017B09B10CF0B7B9816A04
:1008600021F480718162816AC90448BF0CF0AEB97D
:10087000816A41F0010181620CF0A8B9406A816A85
:1008800041F040018162C16A41F00401C1620CF093
:10089000A1B90000406A0CF09BB90000B0B582B06D
:1008A00004460020019021688A68D2074ED18868EA
:1008B00040F00100886040F23800C2F20000006899
:1008C0004DF68361C4F21B31A0FB0101880C01903D
:1008D0000198A0B1019801380190019878B1019870
:1008E00001380190019850B10198013801900198A8
:1008F00028B101980138019001980028EAD10EF042
:1009000027F821688968C9071CD1054603E000BFA4
:100910008068C00719D10EF01BF8411B206803291D
:10092000F6D38168C907F3D1A06A40F01000A06235
:10093000E06A40F00100E062002084F82400012019
:1009400002B0B0BD002002B0B0BD002002B0B0BD0A
:1009500001884288C388114482881144028919445D
:100960004389114482891944C3891144028A194474
:10097000438A1144828A1944C38A1144028B194460
:10098000438B1144828B1944C38B1144028C19444C
:10099000438C1144828C1944C38C1144028D194438
:1009A000438D1144828D1944C38D1144028E194424
:1009B000438E1144828E1944C38E1144028F194410
:1009C000438F1144828F1944C38F1144B0F84020E3
:1009D0001944B0F842301144B0F844201944B0F83A
:1009E00046301144B0F848201944B0F84A30114458
:1009F000B0F84C201944B0F84E301144B0F85020F3
:100A00001944B0F852301144B0F854201944B0F8E9
:100A100056301144B0F858201944B0F85A301144F7
:100A2000B0F85C201944B0F85E301144B0F8602092
:100A30001944B0F862301144B0F864201944B0F899
:100A400066301144B0F868201944B0F86A30114497
:100A5000B0F86C201944B0F86E301144B0F8702032
:100A60001944B0F872301144B0F874201944B0F849
:100A700076301144B0F878201944B0F87A30114437
:100A8000B0F87C201944B0F87E0011440844800975
:100A9000704700002DE9F04F81B00DF059FF40F292
:100AA0006038C2F20008D8F838108146401AFA2897
:100AB000C0F0C28040F2682B40F2000A40F2404E83
:100AC00040F2DC154FF6FF7CC2F2000B0022C2F2AE
:100AD000000A4FF0FF30C2F2000EC2F200054FF6DE
:100AE000FF770023C8F83890ABF84220AAF802003C
:100AF00003E000BF0433102B64D00EEB4304208CC2
:100B000096B2B04206D943F0010285F8332002467E
:100B1000ABF84200B0F5FA7F09D9BEB2B04206D2B6
:100B200043F001060746AAF8020085F83460608C9D
:100B300096B2B04203F1010605D9721C85F8332044
:100B40000246ABF84200B0F5FA7F08D9B9B2884244
:100B500005D2711C0746AAF8020085F83410A08C53
:100B600091B2884203F1020606D946F0010102461D
:100B7000ABF8420085F83310B0F5FA7F09D9B9B265
:100B8000884206D246F001010746AAF8020085F81D
:100B90003410E08C91B2884203F1030405D9611C42
:100BA0000246ABF8420085F83310B0F5FA7FA1D9C0
:100BB000B9B288429ED2611C0746AAF8020085F8A5
:100BC000341097E795F83F401CBBB8B2B0F5486FBA
:100BD0001FD8BBF94000ACF1300109B2884218DAE5
:100BE000DAF810000021C4F2A81120F077FF80B9D4
:100BF000D8F83C004EF66021002804BFC8F83C90AD
:100C00004846A9EB0000884216D3012485F83F40EE
:100C100000E074B184B1DAF810000021C4F2A01130
:100C200020F04EFF40B9002085F83F0001B0BDE83C
:100C3000F08F0020C8F83C0001B0BDE8F08F000044
:100C40002DE9F04FABB040F2DC1BC2F2000B9BF879
:100C50001300012841F000809BF8310040F2682A1F
:100C600003909BF86B00C2F2000A2990BAF9400089
:100C700040F200010690BAF83A00C2F200010B906F
:100C80000869896919910021C4F2C82120F088FF00
:100C900040F2E421C2F200012A90086A40F2A04426
:100CA0000A90486BC2F200042790D1E90E60D4E9A3
:100CB00002582690BAF81C000D90BAF81E00029057
:100CC0004FF6EF60C0F2E830CAF8440040F201107D
:100CD000ABF83500D4E9000721F058F881463846D2
:100CE00021F054F80746284621F050F805464046C2
:100CF00021F04CF88046304621F048F8289026989C
:100D000021F044F8A1690646084621F03FF8044660
:100D1000279821F03BF819F5887F6FF4887208DB7B
:100D20000121B9F57A7F4A46AAF844908BF835102C
:100D300014DA0121AAF846908BF83610DDF8A0C02D
:100D4000BA4212DA02213A46AAF844708BF83510FA
:100D5000B9450DDC0123AA4212DB17E04A464FF4E5
:100D60007A79DDF8A0C0BA42ECDB0121B945F1DDAA
:100D70000223B946AAF846708BF83630AA4205DA43
:100D800003212A46AAF844508BF83510A94500F3F0
:100D900037814245C0F23D81C14500F34381624540
:100DA000C0F24981E14500F34F81B242C0F2558162
:100DB000B14500F35B81A242C0F26181A14500F31D
:100DC0006781824205DA08210246AAF844008BF8BE
:100DD0003510CDE914210399299A814541EA020190
:100DE00005DD08238146AAF846008BF83630C8B2E4
:100DF0002993CDF85890002818BF01201890199811
:100E00002A9921F093F86FF4887E40F20005844619
:100E100000200EF58874C2F2000540F24048AAF89E
:100E200042006C80C2F20008002102E00431102967
:100E300060D008EB4102138C87B2BB4206D941F067
:100E400001071846AAF842308BF83370B3F5FA7FE1
:100E500008D9A7B2BB4205D241F001071C466B80FE
:100E60008BF83470538C87B2BB4201F1010705D96E
:100E70007E1C1846AAF842308BF83360B3F5FA7F2F
:100E800007D9A6B2B34204D201371C466B808BF857
:100E90003470938C87B2BB4201F1020706D947F048
:100EA00001061846AAF842308BF83360B3F5FA7F92
:100EB00008D9A6B2B34205D247F001071C466B80A1
:100EC0008BF83470D28C83B29A4201F1030305D9B6
:100ED0005F1C1046AAF842208BF83370B2F5FA7FF7
:100EE000A4D9A7B2BA42A1D2013314466A808BF8C2
:100EF00034309BE721909BF843109BF842001B91F4
:100F00008BF81F101A908BF820009BF844009BF878
:100F100045109BF846208BF8210052EA01009BF80F
:100F200033609BF8349018BF01208BF822009BF8A7
:100F30004B009BF84A109BF848200843104318BF09
:100F400001209BF84E109BF84D208BF8230052EAAD
:100F5000010018BF01208BF8240040F24410C2F2B7
:100F600000000178837842781943C77818BF0121BF
:100F70008BF825109BF840103A43114318BF01210C
:100F80008BF8261081888279C379ABF8271053EA51
:100F9000020118BF0121027A407A8BF82910104310
:100FA00018BF01208BF82A0044F27D3044F214323D
:100FB000C2F20000C2F200022792024601200F9006
:100FC0000120139001201290012040F2F6012090A0
:100FD00001200EF1DF05C2F2000140F2D607DDF874
:100FE00018E0CDE910401998C2F2000701940023DF
:100FF0000C46CDF838E00C90CDF85CC0049576E056
:101000000323A946AAF846508BF836304245BFF66E
:10101000C3AE04214246AAF844808BF83510C1457E
:101020007FF7BDAE0423C146AAF846808BF8363060
:101030006245BFF6B7AE05216246AAF844C08BF8F8
:101040003510E1457FF7B1AE0523E146AAF846C069
:101050008BF83630B242BFF6ABAE06213246AAF864
:1010600044608BF83510B1457FF7A5AE0623B14635
:10107000AAF846608BF83630A242BFF69FAE072131
:101080002246AAF844408BF83510A1457FF799AE67
:101090000723A146AAF846408BF836308242FFF675
:1010A00092AE96E60BF12A000BF12407012139706C
:1010B000012401709EF8200040F2D607C00618985F
:1010C00048BF2046DDF818E040F2F604049D1D9B61
:1010D000C2F20004C2F200071890269A2798013342
:1010E0004432032B00F12300279000F0A28403EB8D
:1010F000830104EB4108B8F8071000202692AE45A2
:10110000B8BF0120B1FA81F1FA5C49090140002A17
:101110000AEB030080F87110DFD090F86B00002814
:10112000DBD144F27D3103EB0310C2F2000101EB8D
:10113000800797F83900B7F93310B7F8352003283E
:101140001D93CDE90821CDF8A88007D8B7F837005E
:10115000798F6422504301FB02F513E097F83F00BA
:1011600097F83E10000297F8402040EA014097F8B7
:101170004210104497F84120090297F8433041EAA1
:101180000241CD18DDF830A020F054FE014617983A
:1011900020F026FC8046284620F04CFE04465046AF
:1011A000214620F01DFC05461998214620F018FC28
:1011B0002A9A7978B2F905301990CDF85C800C95AF
:1011C00007931C9779B11D984A1E0230032A01F03B
:1011D000030205921F9009D2DDE920B5DDE9102E4A
:1011E0004FF00008B2E0DDF8A4C048E1891A219D63
:1011F000DDF880B0DDE9102E1E914FF000086FF091
:10120000030100BF269CCDF8A88004EB4800B0F88D
:1012100002C02390ABB22A98289124939C4588BFA2
:101220006546A9B293B240F00108219188BF4646B5
:101230009C454FF0000338BF0123BCF5FA7F4FF007
:10124000000788BF012713EA0700259018BF6246F0
:10125000289897B20444B4F808A018BFC1468A453C
:1012600088BF55462A984FF0000300F1020088BF5E
:101270000646BA4538BF0123BAF5FA7F4FF000079A
:1012800088BF01273B40229318BF524618BF8146B2
:1012900067891FFA85F893B2474540F0010484BF7F
:1012A0003D4626469F424FF0000038BF0120B7F56B
:1012B000FA7F4FF0000188BF01210840209018BF3D
:1012C000A146239BA9B21C8918BF3A468C4288BF0D
:1012D0002546249B9C451F9B88BF9E46219882459E
:1012E00088BF9E46474588BF9E468C4288BF9E4623
:1012F0002A9997B201F104012A912A9988BF0E46D2
:10130000BC424FF000014FF0000738BF0121B4F597
:10131000FA7F88BF0127394018BF2246259F002F3A
:1013200018BF9B46229FDDF8A880002F18BF9B4660
:101330002098002818BF9B46002928991CBF9B466F
:10134000C1461E98083140457FF45CAFCDE9102EB0
:10135000059A1F9CCDF880B040F2DC1B40F2682A51
:10136000DDF8A4C01C9F002AC2F2000BC2F2000AE2
:10137000219500F0888007EB4801DDF884A04B88B8
:101380001FFA8AF0834288BF9A46DDF844E025467A
:1013900088BFA64608F10101834288BF0E46109C13
:1013A0004046A7B2BB424FF00007A8464FF00005E9
:1013B00038BF0127B3F5FA7F88BF01252F4018BF3A
:1013C0001C461546209A1CBF42468946012D04D171
:1013D000CDE9104ECDE9202A24E02A901C981FFA6E
:1013E0008AF300EB4100408801319842A3B282BFEA
:1013F0008246C6460E4698424FF000034FF0000763
:1014000038BF0123B0F5FA7F88BF01273B4017465C
:101410001EBF044647468946022D05D1CDE9104E30
:10142000CDE9207A1C9F2AE02A981C9D023005EB0A
:10143000400149881FFA8AF29142A2B200F10100EC
:1014400088BF8A46CDF884A088BFC646CDF844E060
:1014500088BF064691424FF0000238BF0122B1F525
:10146000FA7F4FF0000388BF01231A4018BF0C46D3
:10147000109418BF4746209718BF81462F4640F268
:10148000682AC2F2000A97F822101F96002900F07D
:1014900041811D984A1E0230032A01F00302CDF853
:1014A00078900592239007D2DDF858E0DDE9149892
:1014B000DDE9127B00269DE0DDF858E0DDE91498B7
:1014C000DDE9127B891A0026229100BF26982A9610
:1014D00000EB4601B1F92730B1F9234046F26760CD
:1014E000B1F92950C6F26660A3F6AB23B1F92560C5
:1014F000A4F6AB2183FB003A81FB0014A5F6AB23D5
:10150000A6F6AB2183FB003581FB0061A3102A986E
:1015100003EBD4730FFA89F440F00106A3420FFAEB
:101520008EF0C4BF9946B04628908342BCBF9E4609
:10153000B4468E1006EBD1710FFA89F6B142C8BFDE
:1015400089462A9800F102020FFA8EF0C8BF904631
:10155000259081424FEAAA00BCBF8E46944600EB1C
:10156000DA700FFA89FACDF8A4C042F0010C5045A8
:101570000FFA8EF2C4BF8146E04624929042B8BF73
:101580008646299AB8BF62462992AA1002EBD57204
:101590000FFA89F5AA42C8BF9146A342239CC8BF4F
:1015A0002746B1422A9EC8BF27465045C8BF274696
:1015B000AA420FFA8EFAC8BF274606F10406C8BF32
:1015C000B0465245B8BF9646289DAB42B8BFA34629
:1015D000259B9942B8BFA3462499DDF8A4C0884250
:1015E000B8BFA3465245BCBFA346B4462298B042FA
:1015F0007FF46CAF059A2398CDE9127BCDE914985E
:1016000040F2DC1B40F2682ADDF878901C9F002A2B
:10161000C2F2000BC2F2000ACDF858E07AD007EB14
:101620004601B1F9231046F26768A1F6AB21C6F274
:10163000666881FB0813149D991001EBD3732FB2D8
:10164000BB42C8BF1D46129CC8BF0446711CB646AB
:10165000159E8246BB42C8BF0E46169807B2BB42D3
:10166000B8BF1846139F0346BCBF57468C46012A95
:101670001FD01C98CDF8A8E000EB4100B0F9230082
:101680009646A0F6AB2080FB0802901000EBD270CB
:101690002AB290421AB201F10101C2BF0546544676
:1016A0000E469042BEBF034657468C46BEF1020F1F
:1016B00006D1CDE912471C9FCDE91456169325E0BB
:1016C0002A98DDF870E002300EEB4001B1F92310EA
:1016D0000130A1F6AB2181FB0812911001EBD27110
:1016E0002AB291421AB2C8BF0D461495C8BF5446DB
:1016F0001294C8BF064615969142B8BF0B46169382
:10170000B8BF57461397B8BF8446774640F2682A59
:10171000C2F2000A1D9844F21431C2F200012322E1
:1017200000FB021E1B9E9EF81E00BA8FC1071CBF45
:1017300001268BF81F6010F0820F1A9D1CBF012537
:101740008BF8205041074FF0010748BF8BF82170FC
:10175000C10648BF8BF8227010F0600F18BF8BF8DD
:1017600023709EF81C000BF12503022804D00128E9
:1017700004D10BF1260000E0184607709EF81B000C
:1017800028A9022808BF8BF827709EF81D000228A0
:1017900008BF8BF828709EF8010081E8045000B360
:1017A000411E032900F00301259120D20022259932
:1017B000CDE91A56DDE90A56DDF8A8E00124002932
:1017C00000F09880724490780BF11F0C02285BD0D7
:1017D000012862D10BF126000BF1200101241A949B
:1017E00056E0CDE91A56DDE90A56012482E0A0EB65
:1017F000010C002208E000BF012618468EF8007098
:10180000077004329445D2D027980BF11F0E81182F
:101810008878022808D001280BD10BF126000BF1A3
:101820002004012503E000BF0126744618462770F6
:101830000770C878012805D002280AD1012674460D
:10184000184604E00BF126000BF120040125277057
:1018500007700879022807D001280AD10BF1260069
:101860000BF12004012502E001267446184627707A
:10187000077048790228BFD00128C2D10BF1260099
:101880000BF1200E0125B9E701201B906146184697
:1018900001270F7025990124077001292AD0D078DB
:1018A000022808D001280FD10BF126000BF12001EE
:1018B00001241A9403E001201B9061461846012779
:1018C0000F70259901240770022913D0107902287E
:1018D00008D001280ED10BF126030BF1200C0120BA
:1018E0001A9001E001201B9001208CF800000124D7
:1018F000187000BF0F98099901300F900E98079A41
:1019000008440D990E900898114406449EF8120060
:101910000D9128990B961F9E00280D440A953FF4BF
:10192000C9AB411E032900F0030C16D20022DDF8DA
:10193000A8E00124BCF1000F3FF4BCAB7244D17CA1
:101940000BF1290002290BF123074BD001294FD1BC
:101950000BF12A030BF1240146E0A0EB0C0E002250
:10196000012708E00BF12A010BF1240007700F702A
:1019700004329645DBD027980BF129018318DC7CD3
:101980000BF12300022C07D0012C09D10BF12A0402
:101990000BF1240502E000BF05460C462F702770AE
:1019A0001C7D012C04D0022C08D105460C4603E016
:1019B0000BF12A040BF124052F7027705C7D022C9B
:1019C00006D0012C08D10BF12A040BF1240501E00B
:1019D00005460C462F7027709B7D022BC6D0012B2D
:1019E000C0D0C5E739460346012501240D701D709E
:1019F000BCF1010F3FF45EAB117D022906D0012935
:101A00000AD10BF12A030BF1240101E03946034608
:101A1000012501240D701D70BCF1020F3FF44AAB8B
:101A2000517D02293FF442AB01293FF43BABFFF764
:101A300041BB40F2E4240E98DDF830800F9DC2F2E5
:101A40000004A06040468BF8185020F0BBF9E06419
:101A5000179820F0B7F9EFB22065384620F0EAF980
:101A600045F20021C4F69901054620F05FFA20F006
:101A7000A9F9002F60654CD004460B98B0FBF7F035
:101A8000AAF824000A9820F0D5F9294620F088F811
:101A90001FF081FC20F07AF9AAF8320040460021BC
:101AA00020F00EF878B100211798C4F2C82120F078
:101AB0003DFA414620F074F81FF06DFC20F066F905
:101AC000AAF82E0001E0BAF82E009BF82C1063282B
:101AD0001B9840EA010003D3010601D1632002E014
:101AE000000602D06420AAF82E0000211998C4F242
:101AF000C82120F01BFA0546204620F09BF901463C
:101B0000284620F04DF81FF046FC20F03FF9AAF8D7
:101B10003000DAF820009AF87110CAF82A000D98FF
:101B20009AF86E70AAF82600019840F2F60483B283
:101B30009AF86B00C2F20004084340F2D601C2F2E8
:101B4000000107430878B6469BF83F20B4F80760C9
:101B500000284D78897808BF0646002F4FF0000C0A
:101B600018BF6646002A3246029808BF0244B3F501
:101B70002F6F98BF32469AF86C309AF872709AF8C4
:101B80006F603B4333431646B4F81170002D18BF05
:101B90003E44002B18BF16469AF86D209AF8733011
:101BA0009AF870701A4335463A43B4F81B3000294E
:101BB00018BF1D44002A18BF35460398189F9BF88C
:101BC0002C6007431B989BF82E4038439BF87D30D0
:101BD00030439BF80E1020439BF810201843084315
:101BE00010433B430006AAF8285018BFAAF826C0A5
:101BF000194311431A9A9BF82B001143084300061E
:101C00001399DDE910321CBF0020AAF828001498AF
:101C10008BF83D10AAF8340016988BF83720AAF8F4
:101C2000360021988BF838E0AAF8480040F200000E
:101C3000C2F20000838018988BF83A908BF8190054
:101C400012988BF83B0015988BF83C0029988BF87C
:101C50003E0020988BF839002BB0BDE8F08F0000D3
:101C600070B540F2DC16C2F20006B07C002800F02D
:101C7000B080F07D052800F0AC8040F2D830C2F290
:101C8000000040F600441030C4F201040DF088FA60
:101C9000204608210CF048FEF17D052900F29780CE
:101CA0000546DFE801F003971B3C76AA4FF47F401E
:101CB000A6F813000020B0752046102100220CF079
:101CC00041FE0CF045FE40F26034C2F20004606058
:101CD0000CF03EFEE0600120F07570BD40F2012086
:101CE000A6F8130020461021012201240CF02AFE40
:101CF00040F2D600C2F2000000218170018040F263
:101D00003D003476C2F20000032404700CF020FE83
:101D100040F26031C2F200014860F47570BD0CF011
:101D200017FE40F26034C2F20004A16840F23D05A3
:101D3000401AB0F5FA7FC2F2000509D3297842F2C1
:101D40002820C2F2000012F02DFB0CF001FEA06072
:101D5000287840F2D601C2F20001014411F8031CB8
:101D600061B1317E01302870481C30760CF0F0FDF6
:101D700029786060062924BF0520F0750CF0E8FD85
:101D80006168401A41F28931884222D30520F075FA
:101D900070BDB07D03280AD30020F074B07D1021FF
:101DA0003075204601220CF0CDFD0520F0750CF0B9
:101DB000CFFD40F26031C2F200014968401A43F69B
:101DC0009921884238BF70BD0520F07570BD05208F
:101DD000F07570BD0CF0BCFD40F26034C2F200043E
:101DE000012D0DD1E168401AB0F5FA7FF1D9042038
:101DF000F0750CF0ADFD606070BD0020B07470BD7A
:101E00006168401A40F6B931884224BF0220F0755B
:101E10000CF09EFDE06070BD2DE9F04F83B040F204
:101E2000DC1AC2F2000A9AF81300012840F0C784B5
:101E30000CF08EFD9AF80C10032900F2C084804645
:101E4000DFE811F004004000A1032D0440F2E4207B
:101E5000C2F200008068010400B200EBE17080EA89
:101E6000E170C928C0F2AB8440F2D601C2F2000191
:101E70000878002840F26820C2F2000000F0A28436
:101E800090F86B20002A40F09D8444F27D32C2F22B
:101E90000002B2F93320002A48BF5242142A00F34C
:101EA000918444F21432C2F20002D37F13F0060F81
:101EB00040F0888492F82020D20600F1838400212B
:101EC00000F0BFBC40F2682BC2F2000BDBF87800D8
:101ED00040F6B931A8EB00008842C0F070849AF84F
:101EE0000D0044F27D3300EB0012C2F2000303EB5D
:101EF0008202BBF83A10B2F83520C31C881A40F2AF
:101F0000DC51022488424FF0020500F3EC844FF6C6
:101F10002321CFF6FF71884200F3E48401208AF880
:101F20000F009620ADF8040001A93E200222009384
:101F300011F054F840F2D830C2F2000000F1100560
:101F400028460DF02DF942F27806C2F200063068FC
:101F500000214162416AB1F57A7F0BD2416AC9081A
:101F60007C2907D8416AC9087C2903D8416AB1F5A0
:101F70007A7FEFD328460DF013F9306800214162D3
:101F8000416AB1F57A7F0BD2416AC9087C2907D82A
:101F9000416AC9087C2903D8416AB1F57A7FEFD339
:101FA00040F600092846C4F201090DF0F9F8484648
:101FB0000421002200240CF0C5FC48460221002226
:101FC0004F460CF0BFFC28460DF0EAF8306844623A
:101FD000416AB1F57A7F0BD2416AC9087C2907D8DA
:101FE000416AC9087C2903D8416AB1F57A7FEFD3E9
:101FF00028460DF0D5F8306800214162416AB1F5FC
:102000007A7F0BD2416AC9087C2907D8416AC9087E
:102010007C2903D8416AB1F57A7FEFD328460DF0C9
:10202000BFF8306800214162416AB1F57A7F0BD276
:10203000416AC9087C2907D8416AC9087C2903D8A4
:10204000416AB1F57A7FEFD328460DF0A9F83068E0
:1020500000214162416AB1F57A7F0BD2416AC90819
:102060007C2907D8416AC9087C2903D8416AB1F59F
:102070007A7FEFD328460DF093F830680021416253
:10208000416AB1F57A7F0BD2416AC9087C2907D829
:10209000416AC9087C2903D8416AB1F57A7FEFD338
:1020A00028460DF07DF8306800214162416AB1F5A3
:1020B0007A7F0BD2416AC9087C2907D8416AC908CE
:1020C0007C2903D8416AB1F57A7FEFD328460DF019
:1020D00067F8306800214162416AB1F57A7F0BD21E
:1020E000416AC9087C2907D8416AC9087C2903D8F4
:1020F000416AB1F57A7FEFD328460DF051F8306888
:1021000000214162416AB1F57A7F0BD2416AC90868
:102110007C2907D8416AC9087C2903D8416AB1F5EE
:102120007A7FEFD328460DF03BF8306800214162FA
:10213000416AB1F57A7F0BD2416AC9087C2907D878
:10214000416AC9087C2903D8416AB1F57A7FEFD387
:1021500028460DF025F8306800214162416AB1F54A
:102160007A7F0BD2416AC9087C2907D8416AC9081D
:102170007C2903D8416AB1F57A7FEFD328460DF068
:102180000FF8306800214162416AB1F57A7F0BD2C5
:10219000416AC9087C2907D8416AC9087C2903D843
:1021A000416AB1F57A7FEFD328460CF0F9FF306829
:1021B00000214162416AB1F57A7F0BD2416AC908B8
:1021C0007C2907D8416AC9087C2903D8416AB1F53E
:1021D0007A7FEFD328460CF0E3FF3068002141629C
:1021E000416AB1F57A7F0BD2416AC9087C2907D8C8
:1021F000416AC9087C2903D8416AB1F57A7FEFD3D7
:1022000028460CF0CDFF306800214162416AB1F5EB
:102210007A7F0BD2416AC9087C2907D8416AC9086C
:102220007C2903D8416AB1F57A7FEFD328460CF0B8
:10223000B7FF306800214162416AB1F57A7F0BD265
:10224000416AC9087C2907D8416AC9087C2903D892
:10225000416AB1F57A7FEFD328460CF0A1FF3068D0
:1022600000214162416AB1F57A7F0BD2416AC90807
:102270007C2907D8416AC9087C2903D8416AB1F58D
:102280007A7FEFD328460CF08BFF30680021416243
:10229000416AB1F57A7F0BD2416AC9087C2907D817
:1022A000416AC9087C2903D8416AB1F57A7FEFD326
:1022B00028460CF075FF306800214162416AB1F593
:1022C0007A7F0BD2416AC9087C2907D8416AC908BC
:1022D0007C2903D8416AB1F57A7FEFD328460CF008
:1022E0005FFF306800214162416AB1F57A7F0BD20D
:1022F000416AC9087C2907D8416AC9087C2903D8E2
:10230000416AB1F57A7FEFD328460CF049FF306877
:1023100000214162416AB1F57A7F0BD2416AC90856
:102320007C2907D8416AC9087C2903D8416AB1F5DC
:102330007A7FEFD328460CF033FF07F58060202129
:1023400001220CF0FFFA28460CF02AFF3068002129
:102350004162416AB1F57A7F0BD2416AC9087C2992
:1023600007D8416AC9087C2903D8416AB1F57A7F48
:10237000EFD328460CF014FF306800214162416A17
:10238000B1F57A7F0BD2416AC9087C2907D8416A26
:10239000C9087C2903D8416AB1F57A7FEFD3284672
:1023A0000CF0FEFE306800214162416AB1F57A7F8F
:1023B0000BD2416AC9087C2907D8416AC9087C291F
:1023C00003D8416AB1F57A7FEFD328460CF0E8FED6
:1023D000306800214162416AB1F57A7F0BD2416ACF
:1023E000C9087C2907D8416AC9087C2903D8416AF1
:1023F000B1F57A7FEFD328460CF0D2FE3068002189
:102400004162416AB1F57A7F0BD2416AC9087C29E1
:1024100007D8416AC9087C2903D8416AB1F57A7F97
:10242000EFD328460CF0BCFE306800214162416ABF
:10243000B1F57A7F0BD2416AC9087C2907D8416A75
:10244000C9087C2903D8416AB1F57A7FEFD32846C1
:102450000CF0A6FE306800214162416AB1F57A7F36
:102460000BD2416AC9087C2907D8416AC9087C296E
:1024700003D8416AB1F57A7FEFD328460CF090FE7D
:10248000306800214162416AB1F57A7F0BD2416A1E
:10249000C9087C2907D8416AC9087C2903D8416A40
:1024A000B1F57A7FEFD328460CF07AFE3068002130
:1024B0004162416AB1F57A7F0BD2416AC9087C2931
:1024C00007D8416AC9087C2903D8416AB1F57A7FE7
:1024D000EFD328460CF064FE306800214162416A67
:1024E000B1F57A7F0BD2416AC9087C2907D8416AC5
:1024F000C9087C2903D8416AB1F57A7FEFD3284611
:102500000CF04EFE9420ADF806000DF106013E20C1
:10251000022210F063FD28460CF042FE30680021D4
:102520004162416AB1F57A7F0BD2416AC9087C29C0
:1025300007D8416AC9087C2903D8416AB1F57A7F76
:10254000EFD328460CF02CFE306800214162416A2E
:10255000B1F57A7F0BD2416AC9087C2907D8416A54
:10256000C9087C2903D8416AB1F57A7FEFD32846A0
:102570000CF016FE38460421012201250CF0E2F988
:10258000009B0224AFE19AF80F0044F27D39002845
:10259000C2F2000900F06A819AF80D0040F2682149
:1025A00000EB001009EB8000C2F20001B0F835002A
:1025B000498F401AB0F57A7F80F258819620ADF8A5
:1025C000080002A93E20022210F008FD40F2D83097
:1025D000C2F2000000F1100528460CF0E1FD42F2C5
:1025E0007804C2F20004206800214162416AB1F51A
:1025F0007A7F0BD2416AC9087C2907D8416AC90889
:102600007C2903D8416AB1F57A7FEFD328460CF0D4
:10261000C7FD206800214162416AB1F57A7F0BD283
:10262000416AC9087C2907D8416AC9087C2903D8AE
:10263000416AB1F57A7FEFD340F6000B2846C4F229
:10264000010B0CF0ADFD58460421002200270CF0D0
:1026500079F95846022100220CF074F928460CF052
:102660009FFD002607E000BF28460CF099FD0136CB
:10267000322E00F0F2802068476200BF416AB1F557
:102680007A7FF1D2416AC9087C29EDD8416AC9082C
:102690007C29E9D8416AB1F57A7FEFD3E4E79AF86B
:1026A0000F00002878D09620ADF80A000DF10A013D
:1026B0003E20022210F092FC40F2D830C2F200001C
:1026C00000F1100420460CF06BFD42F27806C2F2D5
:1026D0000006306800214162416AB1F57A7F0BD271
:1026E000416AC9087C2907D8416AC9087C2903D8EE
:1026F000416AB1F57A7FEFD320460CF051FD306886
:1027000000214162416AB1F57A7F0BD2416AC90862
:102710007C2907D8416AC9087C2903D8416AB1F5E8
:102720007A7FEFD340F600082046C4F201080CF08F
:1027300037FD40460421002200270CF003F94046F3
:10274000022100220CF0FEF820460CF029FD0025A5
:1027500006E000BF20460CF023FD0135322D12D0DB
:1027600030684762416AB1F57A7FF3D2416AC9089D
:102770007C29EFD8416AC9087C29EBD8416AB1F5B8
:102780007A7FEFD3E6E708F580602021002200245D
:102790000CF0D8F88AF80F409AF80D0040F2682142
:1027A000C2F20001084490F86810052924BF0121F5
:1027B00080F86B1000208AF80E008AF80C0003B035
:1027C000BDE8F08F4A78E2B190F86C20CAB944F2C3
:1027D0007D32C2F20002B2F97720002A48BF52428D
:1027E000142A0EDC44F21432C2F2000292F8423093
:1027F00013F0060F05D192F84320D20601D401212F
:102800001FE089780029DAD090F86D100029D6D120
:1028100044F27D31C2F20001B1F9BB10002948BF7A
:1028200049421429CBDC44F21431C2F2000191F880
:10283000652012F0060FC2D191F86610C906BED409
:1028400002218AF80D1001218AF80C10C0F8788056
:10285000AAF80E1003B0BDE8F08F0BF580602021C0
:10286000002200240CF06EF88AF80F409AF80D0050
:1028700040F2D601C2F20001095C09B300EB00117D
:1028800009EB8101B1F93310002948BF49420A29F7
:102890000BDC44F21431C2F20001232200FB0211CE
:1028A000C97F01F0060106290AD140F26821C2F26F
:1028B00000010844002180F8681003208AF80C0009
:1028C00040F26820C2F20000806F43F69921A8EB25
:1028D00000008842FFF473AF03208AF80C0003B0B5
:1028E000BDE8F08F032542F22820D9B2C2F20000E1
:1028F0002A4611F035FD9AF80D008AF80C4058442C
:1029000090F86810013180F86810CBF8788003B037
:10291000BDE8F08FB0B540F2F450C2F200004FF4C1
:102920000061FDF76FFE40F2404444F24C40C2F2B9
:1029300000040025C2F200008021C4E90855C4E962
:102940000A55C4E90C55C4E90E55FDF75BFE42F289
:102950009040C2F200008021FDF754FE42F2782040
:10296000C2F200008021FDF74DFE40F27450C2F229
:102970000000002142184550203180291584A2F81A
:102980004050A2F86050C2F82250C2F84250C2F83B
:1029900062509580C2F80650C2F82650C2F84650E0
:1029A000C2F86650C2F80A50C2F82A50C2F84A501B
:1029B000C2F86A50D581D585A2F84E50A2F86E5063
:1029C000156115631565156755615563556555673F
:1029D0009561956395659567D561D563D565D5672F
:1029E000C8D140F2A0400025C2F200002421C4E971
:1029F0001055C4E91255C4E91455C4E91655FDF73C
:102A000001FE40F2E420C2F20000C0E90D55C563AA
:102A100040F2DC10C2F20000A0F80350457140F211
:102A20006820C2F200004FF0FF31C0F85A106FF476
:102A30000041C0F85E10C0F83A50A0F84050B0BD58
:102A40002DE9F04182B041F20044C4F201040020BB
:102A50008DF80700ADF804008DF8030020464FF410
:102A6000006100220BF06EFF20464FF4006100224F
:102A70000BF068FF20464FF4006100220BF062FF6C
:102A800040F60865C2F2000505F1180041F2101188
:102A9000FDF7B8FD40F2297040F22571C0F6030041
:102AA000C0F6030140F22D7244F6C50347F6755790
:102AB00047F6A156C0F60302C0F60203C0F60207AD
:102AC000C0F6020685E88F0028464EF616716E6144
:102AD0001DF022FEB0B940F60860C2F200000021ED
:102AE0001DF07AFB70B940F60860C2F200000021C8
:102AF0001DF06CFB30B940F60860C2F200001CF01B
:102B000017FC50B120464FF400610122012410F05F
:102B1000AFFE204602B0BDE8F08140F60865C2F283
:102B2000000528461CF04EFA28461DF09BF840F29E
:102B3000D830C2F2000000F1100528460CF030FB3E
:102B400042F278080026C2F20008002706E000BF23
:102B500028460CF025FB0137642F14D0D8F800006C
:102B6000466200BF416AB1F57A7FF1D2416AC90875
:102B70007C29EDD8416AC9087C29E9D8416AB1F5B8
:102B80007A7FEFD3E4E740F60860C2F200000DF16F
:102B9000070101AA1CF0EAFA0028B3D19DF807004A
:102BA000EF28AFD19DF804004028ABD19DF8050077
:102BB0001728A7D140F60866C2F2000630461CF07E
:102BC0006BFA3046002100271DF00EFB3046002135
:102BD0001DF056FC28460CF0E3FAD8F800004762D6
:102BE000416AB1F57A7F0BD2416AC9087C2907D8BE
:102BF000416AC9087C2903D8416AB1F57A7FEFD3CD
:102C000028460CF0CDFAD8F8000000214162416A54
:102C1000B1F57A7F0BD2416AC9087C2907D8416A8D
:102C2000C9087C2903D8416AB1F57A7FEFD32846D9
:102C30000CF0B6FAD8F8000000214162416AB1F503
:102C40007A7F0BD2416AC9087C2907D8416AC90832
:102C50007C2903D8416AB1F57A7FEFD328460CF07E
:102C60009FFAD8F8000000214162416AB1F57A7FED
:102C70000BD2416AC9087C2907D8416AC9087C2956
:102C800003D8416AB1F57A7FEFD328460CF088FA71
:102C9000D8F8000000214162416AB1F57A7F0BD279
:102CA000416AC9087C2907D8416AC9087C2903D828
:102CB000416AB1F57A7FEFD328460CF071FAD8F863
:102CC000000000214162416AB1F57A7F0BD2416A6E
:102CD000C9087C2907D8416AC9087C2903D8416AF8
:102CE000B1F57A7FEFD328460CF05AFAD8F80000F5
:102CF00000214162416AB1F57A7F0BD2416AC9086D
:102D00007C2907D8416AC9087C2903D8416AB1F5F2
:102D10007A7FEFD328460CF043FAD8F80000002160
:102D20004162416AB1F57A7F0BD2416AC9087C29B8
:102D300007D8416AC9087C2903D8416AB1F57A7F6E
:102D4000EFD328460CF02CFAD8F80000002141629D
:102D5000416AB1F57A7F0BD2416AC9087C2907D84C
:102D6000416AC9087C2903D8416AB1F57A7FEFD35B
:102D700028460CF015FAD8F8000000214162416A9B
:102D8000B1F57A7F0BD2416AC9087C2907D8416A1C
:102D9000C9087C2903D8416AB1F57A7FEFD3284668
:102DA0000CF0FEF9D8F8000000214162416AB1F54B
:102DB0007A7F0BD2416AC9087C2907D8416AC908C1
:102DC0007C2903D8416AB1F57A7FEFD328460CF00D
:102DD000E7F9D8F8000000214162416AB1F57A7F35
:102DE0000BD2416AC9087C2907D8416AC9087C29E5
:102DF00003D8416AB1F57A7FEFD328460CF0D0F9B9
:102E0000D8F8000000214162416AB1F57A7F0BD207
:102E1000416AC9087C2907D8416AC9087C2903D8B6
:102E2000416AB1F57A7FEFD328460CF0B9F9D8F8AA
:102E3000000000214162416AB1F57A7F0BD2416AFC
:102E4000C9087C2907D8416AC9087C2903D8416A86
:102E5000B1F57A7FEFD328460CF0A2F9D8F800003C
:102E600000214162416AB1F57A7F0BD2416AC908FB
:102E70007C2907D8416AC9087C2903D8416AB1F581
:102E80007A7FEFD328460CF08BF9D8F800000021A8
:102E90004162416AB1F57A7F0BD2416AC9087C2947
:102EA00007D8416AC9087C2903D8416AB1F57A7FFD
:102EB000EFD328460CF074F9D8F8000000214162E5
:102EC000416AB1F57A7F0BD2416AC9087C2907D8DB
:102ED000416AC9087C2903D8416AB1F57A7FEFD3EA
:102EE00028460CF05DF9D8F8000000214162416AE3
:102EF000B1F57A7F0BD2416AC9087C2907D8416AAB
:102F0000C9087C2903D8416AB1F57A7FEFD32846F6
:102F10000CF046F9D8F8000000214162416AB1F591
:102F20007A7F0BD2416AC9087C2907D8416AC9084F
:102F30007C2903D8416AB1F57A7FEFD328460CF09B
:102F40002FF9D8F8000000214162416AB1F57A7F7B
:102F50000BD2416AC9087C2907D8416AC9087C2973
:102F600003D8416AB1F57A7FEFD328460CF018F9FF
:102F700040F60860C2F200000DF103011CF06CF98C
:102F80009DF8030010F07C0F7FF4BCAD40F2DC1024
:102F9000C2F20000012180F87E1020464FF400614B
:102FA00001220BF0CFFC0024204602B0BDE8F081E6
:102FB0002DE9F04141F60008C4F2010840464FF403
:102FC00080710BF0B1FC054640464FF400710BF0E8
:102FD000ABFCB0FA80F0470940464FF480610BF03B
:102FE000A3FC002840464FF4006108BF02370BF0F5
:102FF0009BFC002808BF043740F2E421002D42F278
:1030000028254FEA0730C2F20001C2F200054860ED
:10301000686840F2DC164FF4E134C2F2000608BFE3
:103020004FF41654A042777512D028460DF0B8FC24
:1030300028466C600DF0F4FF002858D142F2282099
:1030400006F10B01C2F2000001220EF047FA777D73
:1030500057B100200521012FB074F1750DD140F258
:103060000120A6F8130011E0307D0238102807D89F
:103070000020B0740520F07508E0F074781C04E0BE
:10308000012070820020F075FF203075A8F54060A7
:103090001021002200250BF055FC40F2D830C2F27E
:1030A000000000F1100420460CF07AF842F2780695
:1030B000C2F20006002707E020460CF071F8013745
:1030C000642F08BFBDE8F08130684562416AB1F500
:1030D0007A7FF1D2416AC9087C29EDD8416AC908D2
:1030E0007C29E9D8416AB1F57A7FEFD3E4E709F0AA
:1030F000F7F900002DE9F04F83B041F20008C4F267
:10310000010840464FF400510BF00EFC0138B0FAB4
:1031100080F040F268294FEA501BC2F2000940F0EB
:10312000248140464FF4804101220BF00BFC99F8BA
:10313000130040F2603AC2F2000A00210028CAF8E7
:10314000301040F02D8240F21614C2F200042078B4
:10315000012840F02182FFF72BFF06F01BFEA8F5A7
:10316000006528460421002200260BF0EBFB2846D0
:10317000022100220BF0E6FB9620ADF8080002A920
:103180003E2002220FF02AFF40F2D830C2F20000A7
:1031900000F1100528460CF003F842F27807C2F25D
:1031A00000073868466200BF416AB1F57A7F0BD2EA
:1031B000416AC9087C2907D8416AC9087C2903D813
:1031C000416AB1F57A7FEFD328460BF0E9FF386802
:1031D00000214162416AB1F57A7F0BD2416AC90888
:1031E0007C2907D8416AC9087C2903D8416AB1F50E
:1031F0007A7FEFD328460BF0D3FF40F21410C2F2CF
:1032000000000121017040F2F4500026C2F20000DB
:103210004FF400612670FDF7F5F940F2404444F2A6
:103220004C40C2F20004C2F200008021C4E90866EA
:10323000C4E90A66C4E90C66C4E90E66FDF7E2F962
:1032400042F29040C2F200008021FDF7DBF942F229
:103250007820C2F200008021FDF7D4F940F27450CA
:10326000C2F20000002100BF4218465020318029E0
:103270001684A2F84060A2F86060C2F82260C2F82A
:103280004260C2F862609680C2F80660C2F82660AA
:10329000C2F84660C2F86660C2F80A60C2F82A60E6
:1032A000C2F84A60C2F86A60D681D685A2F84E603C
:1032B000A2F86E601661166316651667566156634E
:1032C000566556679661966396659667D661D6632E
:1032D000D665D667C8D140F2A0400026C2F20000F1
:1032E0002421C4E91066C4E91266C4E91466C4E97D
:1032F0001666FDF787F940F2E420C2F20000C0E94B
:103300000D66C6634FF0FF3040F2DC11C9F85A0079
:103310006FF40040C2F20001C9F85E000120C1F85C
:1033200002002846C9F83A60A9F840600BF038FF5F
:10333000002406E028460BF033FF0134FA2C00F09D
:103340001B813868466200BF416AB1F57A7FF1D2CD
:10335000416AC9087C29EDD8416AC9087C29E9D8A5
:10336000416AB1F57A7FEFD3E4E799F8130040F2B0
:10337000603AC2F2000A48B10BF0EAFACAF830002B
:1033800040B989F813B003B0BDE8F08FDAF8300027
:103390000028F6D00BF0DCFADAF83010401A40F6CC
:1033A000B9318842EDD340F21610C2F20000007825
:1033B0000028E6D140F2DC14C2F200040120E076DD
:1033C00006F0B4FCA8F580601021002201900027CF
:1033D0000BF0B8FA9520ADF80A000DF10A013E2075
:1033E00002220FF0FBFD40F2D830C2F2000000F1E3
:1033F000100528460BF0D4FE42F27806C2F2000611
:1034000030684762416AB1F57A7F0BD2416AC908D8
:103410007C2907D8416AC9087C2903D8416AB1F5DB
:103420007A7FEFD328460BF0BBFE30680021416263
:10343000416AB1F57A7F0BD2416AC9087C2907D865
:10344000416AC9087C2903D8416AB1F57A7FEFD374
:1034500028460BF0A5FEA8F5006738460421012296
:103460000BF070FA3846022101220BF06BFA94F847
:103470007E0028B1207F18B900F01AFC01202077C7
:1034800038464FF480710022002410F0F1F94046D4
:103490004FF40071002210F0EBF940464FF48071B8
:1034A000002210F0E5F940468021002210F0E0F9FA
:1034B00040464021002210F0DBF908F580673846CD
:1034C0004FF40051002210F0D3F938464FF48041F8
:1034D000002210F0CDF938464FF40041002210F0E0
:1034E000C7F938464FF48051002210F0C1F940F27C
:1034F0001510C2F2000004700198012100220BF0A7
:1035000021FA40F21610C2F200000121017040F2CF
:103510001410C2F20000047028460BF041FE002790
:1035200006E000BF28460BF03BFE0137C82F12D043
:1035300030684462416AB1F57A7FF3D2416AC908C2
:103540007C29EFD8416AC9087C29EBD8416AB1F5DA
:103550007A7FEFD3E6E728460BF022FE40464FF491
:103560008041002200240BF0EDF9CAF8304089F8C0
:1035700013B003B0BDE8F08F02F044FF03F068FA27
:10358000A9F8400013F0ACFC40F2DC110020C2F2BC
:1035900000018870012008720BF0DAF9CAF82C00DB
:1035A00040F2161040F2DC14C2F20000C2F2000435
:1035B0000078A17C08431CD10BF0CAF9DAF82C1072
:1035C000401A41F28931884213D30025A8F5806062
:1035D00010210022A4F81350A5750BF0B3F90120B7
:1035E000A074E5750BF0B4F942F210710844CAF802
:1035F0002C000020A4F81B0089F813B003B0BDE82C
:10360000F08F000040F21410C2F20000C078704742
:103610002DE9F04F9BB040F2DC10C2F2000090F8B0
:103620007E00002800F0DC8148F2203640F6086871
:10363000CEF6B8560027C2F2000805AC4FF00009DC
:103640004FF0000B4FF0000A04E000BF0137102FCD
:1036500000F089803903404622462A231CF076F97F
:103660000028F3D14FF0FF326FF0010021188B7862
:10367000C9785A4086EA5203D50708BF530886EA3C
:103680005302DD0708BF5A0886EA5203D50708BF70
:10369000530886EA5302DD0708BF5A0886EA520338
:1036A000D50708BF530886EA5302DD0708BF5A084A
:1036B00086EA5203D50708BF530886EA5302DD079E
:1036C00008BF5A08514086EA5102CB0708BF4A0892
:1036D00086EA5201D30708BF510886EA5102CB0798
:1036E00008BF4A0886EA5201D30708BF510886EA94
:1036F0005102CB0708BF4A0886EA5201D30708BF28
:10370000510886EA5103CA0708BF4B0886EA5302EC
:10371000D90700F1020008BF5A082428A6D1DDF815
:103720003A00D143884291D10A9848458ED905ADD7
:103730002ECD0DF1400C8CE80E0009994FF0010BD5
:10374000CDE91351DDE90A12BA46CDE91512DDE9DA
:103750000D218146CDE918210C99BDF83C20179127
:10376000ADF8682072E7CDF810B040F6086B002085
:10377000CDF804A04FF000084FF4003AC2F2000B5D
:1037800003900020029005E008F10108B8F5807F61
:1037900000F090800AEB0821584622462A231CF0AC
:1037A000D5F80028F0D14FEA08204FF0FF336FF032
:1037B000010100BF62189778D2787B4086EA5307F0
:1037C000DD0708BF5F0886EA5703FD0708BF7B08CF
:1037D00086EA5307DD0708BF5F0886EA5703FD073F
:1037E00008BF7B0886EA5307DD0708BF5F0886EA43
:1037F0005703FD0708BF7B0886EA5307DD0708BFAC
:103800005F0886EA5703FD0708BF7B085A4086EA2F
:103810005203D70708BF530886EA5302DF0708BFE1
:103820005A0886EA5203D70708BF530886EA5302AC
:10383000DF0708BF5A0886EA5203D70708BF5308B4
:1038400086EA5302DF0708BF5A0886EA5207D30701
:1038500008BF570886EA5703FA0701F1020108BFBB
:103860007B082429A6D1DDF83A10DA4391428BD1A6
:103870000A99494588D905AF8CCF0DF1400C089DB8
:103880008CE88C00099A8946CDE91352DDE90A23B8
:10389000CDE91523DDE90D32CDE918320C9ABDF8DA
:1038A0003C3017920122CDE902200120ADF86830AA
:1038B000049069E70498002800F09780019840F28E
:1038C0006828013000F00F00C2F2000888F80F00ED
:1038D000039840F2603A00F58070C2F2000A80B2AC
:1038E000CAF820004FF0FF336FF0010010A9CAF8AA
:1038F000109000BF0A189778D2787B4086EA530769
:10390000DD0708BF5F0886EA5703FD0708BF7B088D
:1039100086EA5307DD0708BF5F0886EA5703FD07FD
:1039200008BF7B0886EA5307DD0708BF5F0886EA01
:103930005703FD0708BF7B0886EA5307DD0708BF6A
:103940005F0886EA5703FD0708BF7B085A4086EAEE
:103950005203D70708BF530886EA5302DF0708BFA0
:103960005A0886EA5203D70708BF530886EA53026B
:10397000DF0708BF5A0886EA5203D70708BF530873
:1039800086EA5302DF0708BF5A0886EA5207D307C0
:1039900008BF570886EA5703FA0700F1020008BF7C
:1039A0007B082428A6D1DDF86600D943884209D1D6
:1039B000BDF8405042F60410854203D8BDF842607D
:1039C00086423ED9042402992046002C08BF6FF09D
:1039D0006600002908BF2046C0B21BB0BDE8F08FCA
:1039E0000120C0B21BB0BDE8F08F40F2603440F25D
:1039F0006821C2F200040020C2F200012061C873F5
:103A000005A805F0D7FD9DF818009DF81A209DF82F
:103A1000191040F26D1302FB0300C1EB011100EB22
:103A200041001F38606141F20040C4F201004FF4D0
:103A3000006100220FF01CFF0520C0B21BB0BDE8E2
:103A4000F08F28461EF0F6F90024C4F2C82421465F
:103A50001EF0A6F840F20001C2F2000108613046F3
:103A60000F461EF0E7F921461EF09AF87861DDE96D
:103A70001194DDE913B040F2E42747F60041C2F2A9
:103A800000070490C4F692012046C7F820901EF06B
:103A90002CF800281CBF45F20024C4F699041598A0
:103AA00040F20001C2F200018C61CAE9040BDDE9B9
:103AB000160140F2DC12B86739671898049938602B
:103AC000B9659DF864009DF86510A8F86450A8F8E1
:103AD000666041F20048C2F20002C4F201081075AB
:103AE000D17440464FF400610122CAF818900AF0E0
:103AF00029FF40F2D830C2F2000000F1100528463C
:103B00000BF04EFB42F278060024C2F200060027BA
:103B100007E000BF28460BF043FB0137B7F5967F5F
:103B200013D03068446200BF416AB1F57A7FF1D2A8
:103B3000416AC9087C29EDD8416AC9087C29E9D8BD
:103B4000416AB1F57A7FEFD3E4E740464FF4006174
:103B5000002200240AF0F6FE35E70000B0B540F27E
:103B6000DC10C2F20000C07C012840F0A0800AF006
:103B7000EFFE40F26035C2F20005696B401AB0F505
:103B80007A7F38BFB0BD0AF0E3FE40F2D604C2F23D
:103B9000000421786863C9B1481E0106207015D160
:103BA00044F27D30C2F200004421FCF709FD44F2EA
:103BB0001430C2F200002321FCF702FD40F2F600AF
:103BC000C2F20000002101814160016040F26825DD
:103BD000C2F2000595F86B00012807D142F22820B7
:103BE000C2F200000321952210F03EFB607818B16C
:103BF0000138010660701FD095F86C00012807D1CC
:103C000042F22820C2F200000421952210F02CFB81
:103C1000A07818B101380106A0702CD095F86D007D
:103C2000012844D142F22820C2F200000521952249
:103C3000BDE8B04010F018BB44F27D30C2F2000085
:103C400044304421FCF7BCFC44F21430C2F20000C2
:103C500023302321FCF7B4FC40F2F600C2F200004E
:103C600000214182C0F80E10C0F80A1095F86C00CF
:103C70000128C5D0CCE744F27D30C2F20000883084
:103C80004421FCF79DFC44F21430C2F2000046309F
:103C90002321FCF795FC40F2F600C2F2000000215F
:103CA00081838161416195F86D000128BAD0B0BD72
:103CB0002DE9F04F8BB040F2DC18C2F2000898F802
:103CC0007E00002800F00B8140F26031C2F200015A
:103CD000D1E9040A40F20009461C0E6140F20001DD
:103CE000C2F2000101F1100B9BE82108C4F2C829BF
:103CF00048F220374946CEF6B8571EF017F91DF0A6
:103D00004AFB1EF043F80446ADF800002846494639
:103D10001EF00CF91DF03FFB1EF038F840F2E422D3
:103D2000C2F20002116AADF8020092F85800CDE923
:103D3000011B8DF81000B2F8590092F85B10ADF835
:103D400011008DF81310906F116FCDF80CA005962F
:103D5000CDE906014FF2E870C1F6FF709346D0E955
:103D6000001280685140484040F24621C4F6D541D7
:103D700048404FEAF060089098F8140098F8131043
:103D80008DF824008DF8251000204FF0FF33694690
:103D9000CDF82600E2B25A4087EA5203D60708BFA0
:103DA000530887EA5302DE0708BF5A0887EA52031E
:103DB000D60708BF530887EA5302DE0708BF5A0830
:103DC00087EA5203D60708BF530887EA5302DE0783
:103DD00008BF5A0887EA5203D60708BF5308DA0714
:103DE00001EB0002557887EA530608BF5E0886EAB1
:103DF000050387EA5306DD0708BF5E0887EA560316
:103E0000F50708BF730887EA5306DD0708BF5E0899
:103E100087EA5603F50708BF730887EA5306DD07EC
:103E200008BF5E0887EA5603F50708BF730887EAEC
:103E30005306DD0708BF5E0887EA5603F50708BF8B
:103E40007308242802D094780230A3E740F2682156
:103E5000D843C2F20001C97BCDF8260040F2D83029
:103E600040F60867C2F2000042F278064FEA013AD3
:103E70004FF00009C2F200070DF12B0400F110050C
:103E8000C2F200064FF0000808E000BF28460BF021
:103E900087F908F10108B8F57A7F2DD03846214618
:103EA0001BF0DAF940BB9DF82B00C0071CD0284658
:103EB0000BF076F93068C0F8249000BF416AB1F584
:103EC0007A7FE3D2416AC9087C29DFD8416AC908F0
:103ED0007C29DBD8416AB1F57A7FEFD3D6E701249C
:103EE00020460BB0BDE8F08F40F60860C2F200003B
:103EF00051461BF021FF68B141F20040C4F20100BD
:103F00004FF40061032203240FF0B2FC20460BB0F3
:103F1000BDE8F08F40F608684FF00009C2F20008D3
:103F20000DF12B07002406E028460BF039F9013487
:103F3000B4F57A7FE0D0404639461BF08DF9002871
:103F4000DAD19DF82B00C00717D028460BF028F9CE
:103F50003068C0F8249000BF416AB1F57A7FE3D29F
:103F6000416AC9087C29DFD8416AC9087C29DBD8A5
:103F7000416AB1F57A7FEFD3D6E740F60860C2F226
:103F800000006A4651462A231CF016FD0028B3D1D2
:103F900040F608684FF00009C2F200080DF12B0747
:103FA000002405E028460BF0FBF80134642CA3D074
:103FB000404639461BF050F900289DD19DF82B0052
:103FC000C00716D028460BF0EBF83068C0F82490F4
:103FD000416AB1F57A7FE5D2416AC9087C29E1D806
:103FE000416AC9087C29DDD8416AB1F57A7FEFD3EF
:103FF000D8E740F26822C2F20002D07B009901307B
:1040000000F00F00D073516640F26032C2F200023D
:10401000DBF82000D16941F200489061481CC4F2ED
:104020000108D06140464FF4006101220AF08AFC89
:1040300028460BF0B5F80024002705E028460BF0D1
:10404000AFF80137642F12D030684462416AB1F58D
:104050007A7FF3D2416AC9087C29EFD8416AC9083E
:104060007C29EBD8416AB1F57A7FEFD3E6E7404689
:104070004FF40061002200240AF064FC20460BB0DB
:10408000BDE8F08F2DE9F04F85B040F2DC16C2F2AA
:104090000006F07C012800F0338296F82E0096F896
:1040A0003110F27E084396F87D1096F842300843AE
:1040B00096F843101043084396F84410184396F8B6
:1040C0004520084396F84610104396F847200843C9
:1040D00096F84B10104396F84A20084396F84E1075
:1040E000104396F84D20084396F84810104396F870
:1040F0006B200843104312D040F60044C4F2010480
:10410000204620210AF010FC012840F0F9812046C9
:104110002021002205B0BDE8F04F0AF013BC40F2A8
:10412000D001C2F2000196F82B00097896F84020E1
:1041300096F82C4042EA0005F1B10AF009FC40F281
:10414000DC01C2F2000109684FF0000A401A42F295
:104150000F71884214D840F2EC00C2F2000090F9CE
:104160000900C0F38002002848BF4FF0010A514601
:10417000C0F38010924605E001204FF0000A00E0F5
:1041800001200121B5FA85F25209B4FA84F35B09E2
:1041900002EA000B96F86E0040F6004703EA0105BC
:1041A00096F86D10C4F2010700F07F005C4641EA0A
:1041B00040083846202165F341040AF0B5FB444528
:1041C000814600F08A81BAF1000F08BFB9F1010FF2
:1041D0004DD05BEA050000F0BC80002D00F0FC80B3
:1041E000BBF1000F00F038819620ADF812000DF100
:1041F00012013E2002220EF0F1FE40F2D830C2F24F
:10420000000000F1100630460AF0CAFF42F27805BD
:10421000C2F20005286800214162416AB1F57A7F47
:104220000BD2416AC9087C2907D8416AC9087C2990
:1042300003D8416AB1F57A7FEFD330460AF0B0FF78
:10424000286800214162416AB1F57A7F80F042819D
:10425000416AC9087C2900F23D81416AC9087C296C
:1042600000F23881416AB1F57A7FECD332E19620D1
:10427000ADF80A000DF10A013E2002220EF0AEFE5A
:1042800040F2D830C2F2000000F1100630460AF0C9
:1042900087FF42F27805C2F20005286800214162DA
:1042A000416AB1F57A7F0BD2416AC9087C2907D8E7
:1042B000416AC9087C2903D8416AB1F57A7FEFD3F6
:1042C0003046CDE900980AF06BFF28680021416272
:1042D000416AB1F57A7F0BD2416AC9087C2907D8B7
:1042E000416AC9087C2903D8416AB1F57A7FEFD3C6
:1042F00030460AF055FF30460AF052FF4FF00008F2
:104300004FF0000908E000BF30460AF049FF09F10C
:104310000109B9F1320F14D02868C0F8248000BF19
:10432000416AB1F57A7FEFD2416AC9087C29EBD89E
:10433000416AC9087C29E7D8416AB1F57A7FEFD391
:10434000E2E73846202100220AF0FCFADDE9009875
:10435000C3E09520ADF80C0003A93E2002220EF028
:104360003DFE40F2D830C2F2000000F110063046A7
:104370000AF016FF42F27805C2F200052868002113
:10438000416200BF416AB1F57A7F0BD2416AC90828
:104390007C2907D8416AC9087C2903D8416AB1F54C
:1043A0007A7FEFD330460AF0FBFE28680021416295
:1043B000416AB1F57A7F80F08D80416AC9087C2915
:1043C00000F28880416AC9087C2900F28380416A32
:1043D000B1F57A7FECD37DE09420ADF80E000DF1BD
:1043E0000E013E2002220EF0F9FD40F2D830C2F25A
:1043F000000000F1100630460AF0D2FE42F27805C5
:10440000C2F20005286800214162416AB1F57A7F55
:104410000BD2416AC9087C2907D8416AC9087C299E
:1044200003D8416AB1F57A7FEFD330460AF0B8FE7F
:10443000286800214162416AB1F57A7F4AD2416A17
:10444000C9087C2946D8416AC9087C2942D8416AF2
:10445000B1F57A7FEFD33DE09320ADF8100004A9C9
:104460003E2002220EF0BAFD40F2D830C2F2000027
:1044700000F1100630460AF093FE42F27805C2F2CF
:104480000005286800214162416AB1F57A7F0BD2AC
:10449000416AC9087C2907D8416AC9087C2903D820
:1044A000416AB1F57A7FEFD330460AF079FE286889
:1044B00000214162416AB1F57A7F0BD2416AC90895
:1044C0007C2907D8416AC9087C2903D8416AB1F51B
:1044D0007A7FEFD330460AF063FEBAF1000F0AD0BC
:1044E0009BF0010007D138462021012205B0BDE82C
:1044F000F04F0AF027BAB9F1010F08BF444502D0C6
:1045000005B0BDE8F08F384602E600002DE9F04F17
:104510008BB040F2DC15C2F20005E87C012840F0C7
:104520004D8740F2682344F27D38C2F20003C2F2A4
:104530000008B8F835005C8F40F2D606844228BFE8
:10454000204693F86B10C2F2000693F86C2093F8A3
:104550006D30002918BF2046317877780029B8F8E7
:104560007910B67808BF2046884228BF0146002A45
:1045700018BF0146002F08BF0146B8F8BD008AB237
:10458000824228BF0846002B18BF084640F6000CA0
:10459000002E08BF0846C4F2010C87B24FF001306C
:1045A000CDE9090000200CF58066089030462021F6
:1045B0000AF0BAF940F2603CC2F2000C9CF82410F8
:1045C0003C1B0497009629B30AF0C2F9B4F57A7F30
:1045D0003ADD40F2D831C2F20001C96B401A4AF606
:1045E0008001C0F2121188422ED800208DF82800D8
:1045F0000121012040F2682440F2D60340F2603CE1
:1046000002908DF82010C2F20004C2F20003C2F240
:10461000000C4BE040F2DC518C4226DD01248CF88A
:1046200024400AF095F940F2D831C2F2000140F27C
:10463000603CC8630020C2F2000C8DF82800012005
:1046400002908DF8204029E040F2603C01200021DA
:10465000C2F2000C8DF828008DF8240000208CF8A0
:10466000241002908DF8201018E095F840100138C1
:10467000B0FA80F095F86D20B1FA81F1400995F813
:104680006E304909002A18BF012211408DF8200020
:1046900000208DF828308DF82410029040F2682414
:1046A00040F2D603C2F20004C2F200030AA80130AD
:1046B000039040F2F600C2F2000000F1090B09A8D5
:1046C00008F1350901300CF12408002501900CE0B7
:1046D0004FF0000A4046284401350BF10A0B032D28
:1046E00009F1440980F801A078D0585D0028EFD086
:1046F000601990F86B000128EAD09BF800000CEBE1
:104700000507B9F80010C0F3800A97F82520002AA1
:10471000049AA2EB01061BD00AF01AF9B6F57A7FCB
:104720003ADD40F2D831C2F2000101EB8501096C9B
:10473000401A4AF68001C0F2121188422CD8039820
:10474000002141554FF0010A08A8012102912DE0F6
:1047500040F2DD518E4236DB4FF0010A87F825A08A
:104760000AF0F6F840F2D831C2F2000101EB8501FF
:1047700008640398002140F2603C40F2D60340F206
:10478000682441550121C2F2000CC2F20003C2F2BA
:10479000000408A802919EE7039801214155019861
:1047A0004FF0000A87F825A0415508A840F2682478
:1047B00040F2D60340F2603CC2F20004C2F20003B1
:1047C000C2F2000C87E79BF80010039AC00950550D
:1047D000C1F380100199485508A87CE740F2DC1825
:1047E000C2F2000898F8436098F842C098F8443044
:1047F0004CEA060298F845E01A4342EA0E0798F898
:10480000462098F84730174398F84B501F4398F8C4
:104810004A002F4398F84E50074398F84D002F4315
:1048200098F84850074398F86B002F4398F82E10DB
:10483000074398F831000F43384398F87D7098F893
:104840001B1098F80E50384308432843029888F804
:10485000100017D0002E1EBF00208DF82B00ADF8E1
:1048600029004EEA0C00104340F2D6021843C2F26F
:10487000000200F0CF8400208DF82700ADF825005D
:1048800000F0C8BC98F82C0000281CBF00200A903B
:1048900098F82B0000281ABF4FF00009CDF824909B
:1048A0009DF824909DF820004946002818BF01205B
:1048B000B9F1000F18BF0121A27C00EA010A52459C
:1048C00000F05F839620ADF8140005A93E20022277
:1048D0000EF084FB40F2D830C2F2000000F1100567
:1048E00028460AF05DFC42F27804C2F20004206817
:1048F00000214162416AB1F57A7F0BD2416AC90851
:104900007C2907D8416AC9087C2903D8416AB1F5D6
:104910007A7FEFD328460AF043FC206800214162E9
:10492000416AB1F57A7F0BD2416AC9087C2907D860
:10493000416AC9087C2903D8416AB1F57A7FEFD36F
:1049400028460AF02DFC40F60007C4F2010738465D
:1049500004210022002609F0F5FF3846022100223A
:1049600009F0F0FF28460AF01BFCBAF1000F00F036
:10497000DB822068466200BF416AB1F57A7F0BD2C4
:10498000416AC9087C2907D8416AC9087C2903D82B
:10499000416AB1F57A7FEFD328460AF001FC20681E
:1049A00000214162416AB1F57A7F0BD2416AC908A0
:1049B0007C2907D8416AC9087C2903D8416AB1F526
:1049C0007A7FEFD328460AF0EBFB20680021416292
:1049D000416AB1F57A7F0BD2416AC9087C2907D8B0
:1049E000416AC9087C2903D8416AB1F57A7FEFD3BF
:1049F00028460AF0D5FB206800214162416AB1F5E2
:104A00007A7F0BD2416AC9087C2907D8416AC90854
:104A10007C2903D8416AB1F57A7FEFD328460AF0A2
:104A2000BFFB206800214162416AB1F57A7F0BD259
:104A3000416AC9087C2907D8416AC9087C2903D87A
:104A4000416AB1F57A7FEFD328460AF0A9FB2068C6
:104A500000214162416AB1F57A7F0BD2416AC908EF
:104A60007C2907D8416AC9087C2903D8416AB1F575
:104A70007A7FEFD328460AF093FB20680021416239
:104A8000416AB1F57A7F0BD2416AC9087C2907D8FF
:104A9000416AC9087C2903D8416AB1F57A7FEFD30E
:104AA00028460AF07DFB206800214162416AB1F589
:104AB0007A7F0BD2416AC9087C2907D8416AC908A4
:104AC0007C2903D8416AB1F57A7FEFD328460AF0F2
:104AD00067FB206800214162416AB1F57A7F0BD201
:104AE000416AC9087C2907D8416AC9087C2903D8CA
:104AF000416AB1F57A7FEFD328460AF051FB20686E
:104B000000214162416AB1F57A7F0BD2416AC9083E
:104B10007C2907D8416AC9087C2903D8416AB1F5C4
:104B20007A7FEFD328460AF03BFB206800214162E0
:104B3000416AB1F57A7F0BD2416AC9087C2907D84E
:104B4000416AC9087C2903D8416AB1F57A7FEFD35D
:104B500028460AF025FB206800214162416AB1F530
:104B60007A7F0BD2416AC9087C2907D8416AC908F3
:104B70007C2903D8416AB1F57A7FEFD328460AF041
:104B80000FFB206800214162416AB1F57A7F0BD2A8
:104B9000416AC9087C2907D8416AC9087C2903D819
:104BA000416AB1F57A7FEFD328460AF0F9FA206816
:104BB00000214162416AB1F57A7F0BD2416AC9088E
:104BC0007C2907D8416AC9087C2903D8416AB1F514
:104BD0007A7FEFD328460AF0E3FA20680021416289
:104BE000416AB1F57A7F0BD2416AC9087C2907D89E
:104BF000416AC9087C2903D8416AB1F57A7FEFD3AD
:104C000028460AF0CDFA206800214162416AB1F5D8
:104C10007A7F0BD2416AC9087C2907D8416AC90842
:104C20007C2903D8416AB1F57A7FEFD328460AF090
:104C3000B7FA206800214162416AB1F57A7F0BD250
:104C4000416AC9087C2907D8416AC9087C2903D868
:104C5000416AB1F57A7FEFD328460AF0A1FA2068BD
:104C600000214162416AB1F57A7F0BD2416AC908DD
:104C70007C2907D8416AC9087C2903D8416AB1F563
:104C80007A7FEFD328460AF08BFA20680021416230
:104C9000416AB1F57A7F0BD2416AC9087C2907D8ED
:104CA000416AC9087C2903D8416AB1F57A7FEFD3FC
:104CB00028460AF075FA206800214162416AB1F580
:104CC0007A7F0BD2416AC9087C2907D8416AC90892
:104CD0007C2903D8416AB1F57A7FEFD328460AF0E0
:104CE0005FFA00982021012209F02CFE28460AF0E4
:104CF00057FA206800214162416AB1F57A7F0BD2F0
:104D0000416AC9087C2907D8416AC9087C2903D8A7
:104D1000416AB1F57A7FEFD328460AF041FA20685C
:104D200000214162416AB1F57A7F0BD2416AC9081C
:104D30007C2907D8416AC9087C2903D8416AB1F5A2
:104D40007A7FEFD328460AF02BFA206800214162CF
:104D5000416AB1F57A7F0BD2416AC9087C2907D82C
:104D6000416AC9087C2903D8416AB1F57A7FEFD33B
:104D700028460AF015FA206800214162416AB1F51F
:104D80007A7F0BD2416AC9087C2907D8416AC908D1
:104D90007C2903D8416AB1F57A7FEFD328460AF01F
:104DA000FFF9206800214162416AB1F57A7F0BD298
:104DB000416AC9087C2907D8416AC9087C2903D8F7
:104DC000416AB1F57A7FEFD328460AF0E9F9206805
:104DD00000214162416AB1F57A7F0BD2416AC9086C
:104DE0007C2907D8416AC9087C2903D8416AB1F5F2
:104DF0007A7FEFD328460AF0D3F920680021416278
:104E0000416AB1F57A7F0BD2416AC9087C2907D87B
:104E1000416AC9087C2903D8416AB1F57A7FEFD38A
:104E200028460AF0BDF9206800214162416AB1F5C7
:104E30007A7F0BD2416AC9087C2907D8416AC90820
:104E40007C2903D8416AB1F57A7FEFD328460AF06E
:104E5000A7F9206800214162416AB1F57A7F0BD23F
:104E6000416AC9087C2907D8416AC9087C2903D846
:104E7000416AB1F57A7FEFD328460AF091F92068AC
:104E800000214162416AB1F57A7F0BD2416AC908BB
:104E90007C2907D8416AC9087C2903D8416AB1F541
:104EA0007A7FEFD328460AF07BF99420ADF81400FE
:104EB00005A93E2002220EF091F828460AF070F96A
:104EC00020680021416200BF416AB1F57A7F0BD2B0
:104ED000416AC9087C2907D8416AC9087C2903D8D6
:104EE000416AB1F57A7FEFD328460AF059F9206874
:104EF00000214162416AB1F57A7F0BD2416AC9084B
:104F00007C2907D8416AC9087C2903D8416AB1F5D0
:104F10007A7FEFD328460AF043F940F60000C4F246
:104F20000100042101221DE0002705E028460AF0C7
:104F300037F90137322F12D020684662416AB1F545
:104F40007A7FF3D2416AC9087C29EFD8416AC9083F
:104F50007C29EBD8416AB1F57A7FEFD3E6E7009878
:104F60002021002209F0EEFC40F26824C2F2000485
:104F700084F812A009F0ECFC40F26031C2F20001AA
:104F8000886240F2D602BAF1000FC2F2000240F08D
:104F9000418198F86E0098F86D109DF8285000F047
:104FA0007F0041EA400049EA4501C9B2814200F070
:104FB000318109F0CDFC40F26031C2F20001896A12
:104FC00040F2D60240F26824401AC2F20002C2F255
:104FD0000004B0F5FA6F40F21D8155EA090048D08F
:104FE000002D00F08880B9F1000F00F0C3809620FA
:104FF000ADF8140005A93E2002220DF0EFFF40F2AB
:10500000D830C2F2000000F1100528460AF0C8F8B6
:1050100042F27804C2F20004206800214162416A31
:10502000B1F57A7F0BD2416AC9087C2907D8416A59
:10503000C9087C2903D8416AB1F57A7FEFD32846A5
:105040000AF0AEF8206800214162416AB1F57A7F2A
:1050500080F0CE80416AC9087C2900F2C980416A8B
:10506000C9087C2900F2C480416AB1F57A7FECD38B
:10507000BEE09520ADF8140005A93E2002220DF0F7
:10508000ADFF40F2D830C2F2000000F11005284612
:105090000AF086F842F27804C2F200042068002187
:1050A0004162416AB1F57A7F0BD2416AC9087C2915
:1050B00007D8416AC9087C2903D8416AB1F57A7FCB
:1050C000EFD328460AF06CF8206800214162416A5B
:1050D000B1F57A7F80F08C80416AC9087C2900F2A2
:1050E0008780416AC9087C2900F28280416AB1F553
:1050F0007A7FECD37CE09420ADF8140005A93E2023
:1051000002220DF06BFF40F2D830C2F2000000F135
:10511000100528460AF044F842F27804C2F200046E
:10512000206800214162416AB1F57A7F0BD2416A61
:10513000C9087C2907D8416AC9087C2903D8416A73
:10514000B1F57A7FEFD328460AF02AF820680021CB
:105150004162416AB1F57A7F4AD2416AC9087C2925
:1051600046D8416AC9087C2942D8416AB1F57A7F9C
:10517000EFD33DE09320ADF8140005A93E200222B4
:105180000DF02CFF40F2D830C2F2000000F1100503
:1051900028460AF005F842F27804C2F200042068BA
:1051A00000214162416AB1F57A7F0BD2416AC90898
:1051B0007C2907D8416AC9087C2903D8416AB1F51E
:1051C0007A7FEFD3284609F0EBFF20680021416287
:1051D000416AB1F57A7F0BD2416AC9087C2907D8A8
:1051E000416AC9087C2903D8416AB1F57A7FEFD3B7
:1051F000284609F0D5FF09F0ABFB40F2603140F2E0
:10520000682440F2D602C2F20001C2F20004C2F2E7
:105210000002886210784EF200180028CAF6007862
:1052200044D09DF829700321FE019DF825208DF8BA
:105230001410314662F3861194F86E2094F87130A0
:1052400000201A439DF821204FF0040303EA820353
:1052500001EB030207F00101A78BC1F1000101EA94
:105260000701ADF81B00CDF815808DF81D20ADF8B5
:10527000191004D0ADF81B0046EA030004E0E08BEF
:10528000ADF81B0042F040008DF81D0042F22820CE
:10529000C2F2000005AA03210FF040F840F2682492
:1052A00040F2D602C2F20004C2F200025078002896
:1052B00045D094F86F3094F872609DF82A703343AB
:1052C0004FEAC7159DF82630294663F386119DF8ED
:1052D00022304FF004028DF8142002EA830201EB21
:1052E000020307F00101A78BC1F100014FF000009C
:1052F00001EA0701ADF81B00CDF815808DF81D30CF
:10530000ADF8191004D0ADF81B0045EA020004E026
:10531000E08BADF81B0043F040008DF81D0042F219
:105320002820C2F2000005AA04210EF0F7FF40F287
:10533000682440F2D602C2F20004C2F20002907861
:10534000E0B39DF82B700521FE019DF827208DF814
:105350001410314662F3861194F8702094F873307B
:1053600000201A439DF823204FF0040303EA820330
:1053700001EB030207F00101A78BC1F1000101EA73
:105380000701CDF81580ADF81B008DF81D20ADF894
:10539000191004D0ADF81B0046EA030004E0E08BCE
:1053A000ADF81B0042F040008DF81D0042F22820AD
:1053B000C2F2000005AA05210EF0B0FF0BB0BDE857
:1053C000F08F00002DE9F04782B040F20008C2F2F1
:1053D0000008D8F810000021D8F81840CCF2C821F5
:1053E0001CF0DEFB4FF07E511CF0FAFA014620461D
:1053F0001CF09CFD40F2E42A4CF6CD41C2F2000ABA
:10540000C4F24C21CAF828001CF090FDCAF8240010
:105410008220ADF806000DF106013E2002220DF0BB
:10542000DDFD40F2D839C2F2000909F1100420462E
:1054300009F0B6FE42F27805C2F2000528680021A4
:10544000416200BF416AB1F57A7F0BD2416AC90857
:105450007C2907D8416AC9087C2903D8416AB1F57B
:105460007A7FEFD3204609F09BFE28680021416235
:10547000416AB1F57A7F0BD2416AC9087C2907D805
:10548000416AC9087C2903D8416AB1F57A7FEFD314
:10549000204609F085FE204609F082FE00270026FE
:1054A00006E000BF204609F07BFE0136642E12D0D4
:1054B00028684762416AB1F57A7FF3D2416AC90828
:1054C0007C29EFD8416AC9087C29EBD8416AB1F53B
:1054D0007A7FEFD3E6E701F007FCDAF81C00DAF890
:1054E00028101CF07DFAD8F81010CAF8780009F1DD
:1054F0002C004FF07E524FF0804312F065FED8F83A
:10550000141009F11C004FF07E524FF0804302B09E
:10551000BDE8F04712F058BEB0B582B040F2682442
:10552000C2F2000404F13801622002220CF0ACFD4A
:1055300000284AD194F8381094F8390041EA002242
:10554000002A42D08DF806108DF807000DF10601F3
:10555000622002220DF042FD40F2D830C2F200007B
:1055600000F11004204609F01BFE42F27805C2F259
:105570000005286800214162416AB1F57A7F0BD2AB
:10558000416AC9087C2907D8416AC9087C2903D81F
:10559000416AB1F57A7FEFD3204609F001FE286811
:1055A00000214162416AB1F57A7F0BD2416AC90894
:1055B0007C2907D8416AC9087C2903D8416AB1F51A
:1055C0007A7FEFD3204609F0EBFD02B0B0BD0000BA
:1055D00070B582B010F050F99020ADF8040001A928
:1055E0003E2002220DF0FAFC054640F2D830C2F20D
:1055F000000000F11004204609F0D2FD42F27806C6
:10560000C2F2000630680021416200BF416AB1F574
:105610007A7F0BD2416AC9087C2907D8416AC90838
:105620007C2903D8416AB1F57A7FEFD3204609F08F
:10563000B7FD306800214162416AB1F57A7F0BD233
:10564000416AC9087C2907D8416AC9087C2903D85E
:10565000416AB1F57A7FEFD3204609F0A1FD0DB183
:1056600002B070BD49F2801000210222002501F035
:105670001DFC49F282100021022201F017FC49F2C0
:1056800084100021022201F011FC49F28610002151
:10569000022201F00BFC49F288100021022201F0E5
:1056A00005FC49F28A100021022201F0FFFB49F2B9
:1056B0008C100021022201F0F9FB49F28E1000212A
:1056C000022201F0F3FB49F290100021022201F0C6
:1056D000EDFB49F292100021022201F0E7FB49F2B2
:1056E00094100021022201F0E1FB49F29610002102
:1056F000022201F0DBFB49F298100021022201F0A6
:10570000D5FB49F29A100021022201F0CFFB49F2A9
:105710009C100021022201F0C9FB49F29E100021D9
:10572000022201F0C3FB49F2A0100021022201F085
:10573000BDFB49F2A2100021022201F0B7FB49F2A1
:10574000A4100021022201F0B1FB49F2A6100021B1
:10575000022201F0ABFB48F63711C4F2952149F261
:10576000A810042201F0A2FB42F28431C4F6AA314F
:1057700049F2AC10042201F099FB49F2B01000216B
:10578000022201F093FB49F2B2100021022201F043
:105790008DFB49F2C6104021022201F087FB49F23D
:1057A000C8101221022201F081FB49F2CA10002127
:1057B000012201F07BFB49F2CB100021012201F014
:1057C00075FB49F2CC100021012201F06FFB49F278
:1057D000CD100021012201F069FB49F2CE10002119
:1057E000012201F063FB49F2CF100021012201F0F8
:1057F0005DFB49F2D0100021012201F057FB49F274
:10580000D1100021012201F051FB49F2D2100021F8
:10581000012201F04BFB49F2D3100021012201F0DB
:1058200045FB49F2E21046F22E31022201F03EFB26
:1058300049F2E41040F6D831022201F037FB49F278
:10584000E61043F6FF71022201F030FB49F2E81046
:1058500041F6EB01022201F029FB49F2EA104CF279
:105860005C31022201F022FB49F2EC1046F2377162
:10587000022201F01BFB49F2EE104AF2787102227B
:1058800001F014FB49F2F01047F2A201022201F0EC
:105890000DFB49F2F2104FF42871022201F006FBD1
:1058A00049F2F4104FF68D61022201F0FFFA49F23D
:1058B000F6104FF43171022201F0F8FA49F2F810B3
:1058C0004FF25621022201F0F1FA49F2FA1041F2A8
:1058D000BB31022201F0EAFA49F2FE1042F6B7515A
:1058E000022201F0E3FA4FF412404BF69731022204
:1058F00001F0DCFA49F2022046F29F41022201F057
:10590000D5FA49F204204AF2D731022201F0CEFA48
:1059100049F2062047F6AF51022201F0C7FA49F2D8
:10592000082040F62A01022201F0C0FA49F20A20BA
:105930004FF2F971022201F0B9FA49F20C2040F657
:105940008B31022201F0B2FA49F20E204FF29D2172
:10595000022201F0ABFA49F2102041F22111022299
:1059600001F0A4FA49F2142044F25E31022201F05F
:105970009DFA49F216200021022201F097FA49F21D
:1059800018200021022201F091FA49F21A20002188
:10599000022201F08BFA49F21C200021022201F0C0
:1059A00085FA49F21E200021022201F07FFA49F215
:1059B00020200021022201F079FA49F22220002160
:1059C000022201F073FA49F224200021022201F0A0
:1059D0006DFA49F226200021022201F067FA49F20D
:1059E00028200021022201F061FA49F22A20002138
:1059F000022201F05BFA49F22D200921012201F077
:105A000055FA49F2D4104FF6FF71022201F04EFA16
:105A100049F2D6104FF6FF71022201F047FA49F21F
:105A2000342042F6B041022201F040FA49F2362019
:105A30000021012201F03AFA49F237200021012227
:105A400001F034FA49F238200021012201F02EFA47
:105A500049F239201221012201F028FA49F23A20B4
:105A60000021012201F022FA49F23C2020210122EA
:105A700001F01CFA49F23D200021012201F016FA42
:105A800049F2FB204621012201F010FA49F2FA20E6
:105A90000221012201F00AFA49F2FC2082210122AE
:105AA00001F004FA49F2FD200721012201F0FEF97C
:105AB00049F2FE200721012201F0F8F949F2FF2006
:105AC0000721012201F0F2F94FF4134007210122CE
:105AD00001F0ECF949F201300121012201F0E6F96F
:105AE00049F202300121012201F0E0F949F20330CC
:105AF0000621012201F0DAF949F204304FF6FF7174
:105B0000022201F0D3F949F207305021012201F0BD
:105B1000CDF949F25F2040F20261022201F0C6F99C
:105B200049F26120FC21012201F0C0F949F2622012
:105B3000F721012201F0BAF949F26320762101220E
:105B400001F0B4F949F265209821012201F0AEF983
:105B500049F26620D521012201F0A8F949F2672017
:105B60005621012201F0A2F949F26920E421012223
:105B700001F09CF949F26A20E621012201F096F930
:105B800049F26B206221012201F090F949F2732061
:105B90004FF4FA61022201F089F949F26D204FF4C5
:105BA0007841022201F082F949F26F20FC210122A2
:105BB00001F07CF949F27020F721012201F076F919
:105BC00049F271207421012201F070F949F2C420D8
:105BD0005F21012201F06AF949F2C5209F210122CB
:105BE00001F064F949F2C6200021012201F05EF9BA
:105BF00049F2C7200021012201F058F949F2C020E2
:105C00005F21012201F052F949F2C12090210122C5
:105C100001F04CF949F2C2200721012201F046F9B6
:105C200049F2C3200121012201F040F949F2083074
:105C30001D21012201F03AF949F209300521012222
:105C400001F034F949F20A3040F6BE21022201F097
:105C50002DF949F20C3040F65431022201F026F9B8
:105C600049F20E30FA21012201F020F949F20F30F9
:105C70001421012201F01AF949F210300A210222FE
:105C800001F014F949F212300521022201F00EF957
:105C900049F214300521012201F008F949F21530CA
:105CA0000021022201F002F949F2173000210222FC
:105CB00001F0FCF849F219300021022201F0F6F857
:105CC00049F21B300021022201F0F0F849F21D30A8
:105CD0000021022201F0EAF849F21F3000210222DD
:105CE00001F0E4F849F221300021022201F0DEF84F
:105CF00049F223300021022201F0D8F849F2253080
:105D00000021022201F0D2F849F2273000210222BC
:105D100001F0CCF849F229300021022201F0C6F846
:105D200049F22B300021022201F0C0F849F22D3057
:105D30000021022201F0BAF849F22F30002102229C
:105D400001F0B4F849F231300021022201F0AEF83E
:105D500049F233300021022201F0A8F849F2433021
:105D6000D021022201F0A2F849F2353003210122AC
:105D700001F09CF849F23630EC21012201F096F84E
:105D800049F237303C21012201F090F849F23830D5
:105D90004621012201F08AF849F23930032101221B
:105DA00001F084F849F23A300C21012201F07EF82A
:105DB00049F23B3040F64851022201F077F849F2AF
:105DC0003D301E21012201F071F849F23E301421CC
:105DD000012201F06BF849F23F3040F648510222AF
:105DE00001F064F849F241301E21012201F05EF811
:105DF00049F242301421012201F058F849F23F20C3
:105E00000021022201F052F849F241204FF487515B
:105E1000022201F04BF849F243200521012201F052
:105E200045F849F244205021012201F03FF849F29F
:105E300045200521012201F039F849F252200021C4
:105E4000012201F033F849F253200021012201F030
:105E50002DF849F254200021012201F027F849F2DF
:105E600055200521012201F021F849F248200A219C
:105E7000022201F01BF849F24A200521012201F01B
:105E800015F849F24B20C821022201F00FF849F21F
:105E90004D200A21012201F009F849F24E2041F279
:105EA0007071022201F002F849F25020C82102224A
:105EB00000F0FCFF49F2E0100021022200F0F6FFA2
:105EC00049F275203621012200F0F0FF49F27620D8
:105ED00040F22D11022200F0E9FF49F27B2004215B
:105EE000012200F0E3FF49F278204821012200F06E
:105EF000DDFF49F2792040F22D11022200F0D6FF99
:105F000049F27C200521012200F0D0FF49F27D20DA
:105F10000321012200F0CAFF49F27E200A2101225A
:105F200000F0C4FF49F27F200F21012200F0BEFFE4
:105F300049F280200721012200F0B8FF49F28120B8
:105F40007F21012200F0B2FF49F288204FF618416C
:105F5000022200F0ABFF49F2B020C821022200F07B
:105F6000A5FF49F282200721012200F09FFF49F29C
:105F700083207F21012200F099FF49F2842008212B
:105F8000012200F093FF49F285207F21012200F0D9
:105F90008DFF49F286200621012200F087FF49F299
:105FA00087201F21012200F081FF49F29420052162
:105FB000012200F07BFF49F28A204FF630010222D5
:105FC00000F074FF49F28C200221012200F06EFFE4
:105FD00049F28D204FF47A71022200F067FF49F2F6
:105FE0008F200A21012200F061FF49F290200A214E
:105FF000012200F05BFF49F291203C21012200F0D8
:1060000055FF49F292204FF47A71022200F04EFFC0
:1060100049F295200521012200F048FF49F296201F
:106020000A21012200F042FF49F297200F210122AC
:1060300000F03CFF49F298204FF47A71022200F000
:1060400035FF49F29A204121012200F02FFF49F249
:106050009B200221012200F029FF49F29C203721D8
:10606000012200F023FF49F29D204621012200F089
:106070001DFF49F29E200221012200F017FF49F284
:106080009F203C21012200F011FF49F2A020732142
:10609000012200F00BFF49F2A1200221012200F0B1
:1060A00005FF49F2A2205521012200F0FFFE49F22E
:1060B000A3204B21012200F0F9FE49F2A420022185
:1060C000012200F0F3FE49F2A5204121012200F057
:1060D000EDFE49F2A6200021012200F0E7FE49F280
:1060E000A7200221012200F0E1FE49F2A8200521AB
:1060F000012200F0DBFE49F2A920EC21012200F090
:10610000D5FE49F2AA200221012200F0CFFE49F279
:10611000AB20F121012200F0C9FE49F2AC20EC21B4
:10612000012200F0C3FE49F2AD200221012200F05D
:10613000BDFE49F2AE20F121012200F0B7FE49F286
:10614000AF200521012200F0B1FE49F2B2203C212E
:10615000022200F0ABFE49F2B4200521012200F03A
:10616000A5FE49F2B5203221012200F09FFE49F23E
:10617000B6200121022200F099FE49F2BA20FA214C
:10618000022200F093FE49F2BC200021022200F01E
:106190008DFE49F2BE200221022200F087FE49F264
:1061A000C82040F6CA01022200F080FE49F2CA204F
:1061B0000221012200F07AFE49F2CB2040F6F611CE
:1061C000022200F073FE49F2CD200521012200F0E9
:1061D0006DFE49F2CE2040F6D861022200F066FE44
:1061E00049F2D0200521012200F060FE49F2D120C1
:1061F0004FF4FA71022200F059FE49F2D320052132
:10620000012200F053FE49F2D42044F250610222F0
:1062100000F04CFE49F2D6200521012200F046FE96
:1062200049F2D7204BF2E011022200F03FFE49F282
:10623000D9200521012200F039FE49F2DA2050214F
:10624000012200F033FE49F2DB200521012200F09B
:106250002DFE49F2DC207D21012200F027FE49F2CB
:10626000DD200521012200F021FE49F2DE2040F66A
:10627000AC51022200F01AFE49F2E0200A2102226B
:1062800000F014FE49F2E2204FF4FA71022200F00D
:106290000DFE49F2E4200521012200F007FE49F23B
:1062A000E5206421022200F001FE49F2E72040F6D9
:1062B0007461022200F0FAFD49F2E9203221022243
:1062C00000F0F4FD49F2EB20C821022200F0EEFDBF
:1062D00049F2ED200521012200F0E8FD49F2EE200F
:1062E0001421022200F0E2FD49F2F02005210122F2
:1062F00000F0DCFD49F2F1204FF6EC71022200F0D3
:10630000D5FD49F2F3200521012200F0CFFD49F22D
:10631000F4206421022200F0C9FD49F2F620052193
:10632000012200F0C3FD49F2F7200521012200F00F
:10633000BDFD49F2F8200521012200F0B7FD49F228
:10634000F9200521012200F0B1FD49F2562001217A
:10635000012200F0ABFD49F2572041F21101022267
:1063600000F0A4FD49F2592042F20101022200F09E
:106370009DFD49F25B2044F64F41022200F096FD5C
:1063800049F25D2044F64761022200F08FFD922021
:10639000ADF806000DF106013E2002220CF01EFEB3
:1063A000204608F0FDFE3068456200BF416AB1F545
:1063B0007A7F0BD2416AC9087C2907D8416AC9088B
:1063C0007C2903D8416AB1F57A7FEFD3204608F0E3
:1063D000E7FE306800214162416AB1F57A7F0BD255
:1063E000416AC9087C2907D8416AC9087C2903D8B1
:1063F000416AB1F57A7FEFD3204608F0D1FE02B0B2
:1064000070BD00002DE9F04F81B040F2682040F2ED
:10641000F457C2F2000040F2DC1B20264FF0000AC5
:10642000C2F2000700F1380441F66518C2F2000B11
:106430004FF0000915E09BF8031007EB410121F82C
:1064400009002846FAF784FA40F24041C2F20001FE
:10645000885309F18009B9F5006F06F1020600F0D2
:106460008880A6F10C00C5B22846214602220BF016
:106470000BFE0028EDD140F26820C2F20000008F30
:10648000A5F1140100EB80021F2928BF500081B242
:10649000414507EB090504D328468021FAF790F817
:1064A00000209BF802100029C5D027F80900688059
:1064B000A880E88028816881A881E8812882688294
:1064C000A882E88228836883A883E8832884688474
:1064D000A884E88428856885A885E8852886688654
:1064E000A886E88628876887A887E887A5F84000F7
:1064F000A5F84200A5F84400A5F84600A5F8480014
:10650000A5F84A00A5F84C00A5F84E00A5F85000E3
:10651000A5F85200A5F85400A5F85600A5F85800B3
:10652000A5F85A00A5F85C00A5F85E00A5F8600083
:10653000A5F86200A5F86400A5F86600A5F8680053
:10654000A5F86A00A5F86C00A5F86E00A5F8700023
:10655000A5F87200A5F87400A5F87600A5F87800F3
:10656000A5F87A00A5F87C00A5F87E008BF803A0BA
:1065700067E73420214602220BF086FD002840F018
:10658000888040F26820C2F20000008F9BF8021061
:1065900000EB800000294FEA400067D044F24C41F4
:1065A000C2F20001088048808880C8800881488144
:1065B0008881C881088248828882C882088348838B
:1065C0008883C883088448848884C884088548856B
:1065D0008885C885088648868886C886088748874B
:1065E0008887C887A1F84000A1F84200A1F84400BC
:1065F000A1F84600A1F84800A1F84A00A1F84C0013
:10660000A1F84E00A1F85000A1F85200A1F85400E2
:10661000A1F85600A1F85800A1F85A00A1F85C00B2
:10662000A1F85E00A1F86000A1F86200A1F8640082
:10663000A1F86600A1F86800A1F86A00A1F86C0052
:10664000A1F86E00A1F87000A1F87200A1F8740022
:10665000A1F87600A1F87800A1F87A00A1F87C00F2
:10666000A1F87E0000208BF8030007E09BF80310E0
:1066700044F24C42C2F2000222F8110044F24C40B3
:10668000C2F20000FAF764F940F26821C2F2000198
:1066900048873620214602220BF0F6FC002840F005
:1066A000888040F26820C2F20000008F9BF8021040
:1066B00000EB800000294FEA400067D042F2904191
:1066C000C2F20001088048808880C8800881488123
:1066D0008881C881088248828882C882088348836A
:1066E0008883C883088448848884C884088548854A
:1066F0008885C885088648868886C886088748872A
:106700008887C887A1F84000A1F84200A1F844009A
:10671000A1F84600A1F84800A1F84A00A1F84C00F1
:10672000A1F84E00A1F85000A1F85200A1F85400C1
:10673000A1F85600A1F85800A1F85A00A1F85C0091
:10674000A1F85E00A1F86000A1F86200A1F8640061
:10675000A1F86600A1F86800A1F86A00A1F86C0031
:10676000A1F86E00A1F87000A1F87200A1F8740001
:10677000A1F87600A1F87800A1F87A00A1F87C00D1
:10678000A1F87E0000208BF8030007E09BF80310BF
:1067900042F29042C2F2000222F8110042F290400E
:1067A000C2F20000FAF7D4F840F26821C2F2000108
:1067B00088873820214602220BF066FC10B19BF836
:1067C000034087E040F26820C2F20000008F9BF88F
:1067D000021000EB800000294FEA400067D042F22F
:1067E0007821C2F200010024088048808880C88097
:1067F000088148818881C881088248828882C8824D
:10680000088348838883C883088448848884C8842C
:10681000088548858885C885088648868886C8860C
:10682000088748878887C887A1F84000A1F84200F8
:10683000A1F84400A1F84600A1F84800A1F84A00D8
:10684000A1F84C00A1F84E00A1F85000A1F85200A8
:10685000A1F85400A1F85600A1F85800A1F85A0078
:10686000A1F85C00A1F85E00A1F86000A1F8620048
:10687000A1F86400A1F86600A1F86800A1F86A0018
:10688000A1F86C00A1F86E00A1F87000A1F87200E8
:10689000A1F87400A1F87600A1F87800A1F87A00B8
:1068A000A1F87C00A1F87E008BF8034007E09BF87C
:1068B000034042F27821C2F2000121F8140042F2B2
:1068C0007820C2F20000FAF743F840F26821C2F2E1
:1068D0000001C88740F24045601CC2F2000500F08C
:1068E0003F01288C8BF803101BF0A4FA698C044636
:1068F00008461BF09FFA014620461BF071F8A98C50
:10690000044608461BF096FA014620461BF068F83C
:10691000E98C044608461BF08DFA014620461BF020
:106920005FF8298D044608461BF084FA014620468C
:106930001BF056F8698D044608461BF07BFA0146A9
:1069400020461BF04DF8A98D044608461BF072FA4C
:10695000014620461BF044F8E98D044608461BF02A
:1069600069FA014620461BF03BF8298E044608468A
:106970001BF060FA014620461BF032F8698E04468F
:1069800008461BF057FA014620461BF029F8A98E4D
:10699000044608461BF04EFA014620461BF020F83C
:1069A000E98E044608461BF045FA014620461BF0D6
:1069B00017F8298F044608461BF03CFA014620468A
:1069C0001BF00EF8698F044608461BF033FA0146A7
:1069D00020461BF005F8A98F044608461BF02AFA4A
:1069E000014620461AF0FCFFE98F044608461BF0DA
:1069F00021FA014620461AF0F3FF40F2E421C2F2E8
:106A00000001086101B0BDE8F08F000010B540F250
:106A10006824C2F2000404F13801122002220BF0B3
:106A200033FB00281CBF002010BD94F8380094F8F8
:106A3000391040F2DC1240EA0120C909C2F200021A
:106A4000A4F85800A4F84A0082F8411010BD0000D4
:106A50002DE9F04F85B040F26824C2F2000404F141
:106A600038013A2002220BF00FFB20B1002000B2C7
:106A700005B0BDE8F08F40F2DC16C2F20006B07837
:106A8000218FA0B340F24040C2F200003279A0F85A
:106A90004010A0F84210A0F84410A0F84610A0F84A
:106AA0004810A0F84A10A0F84C10A0F84E10A0F81A
:106AB0005010A0F85210A0F85410A0F85610A0F8EA
:106AC0005810A0F85A10A0F85C10A0F85E100F46FD
:106AD0000C460D468A46CDE90311CDE901110B465E
:106AE0008B4608468C468E468846894631E040F201
:106AF000404A3279C2F2000A0AF1400020F812102E
:106B0000BAF84E10BAF856600191BAF85010BAF8B7
:106B100040900291BAF85210BAF842800391BAF844
:106B20005410BAF844E0BAF846C0BAF84800BAF8C7
:106B30004AB0BAF84C300491BAF85850BAF85A40F2
:106B4000BAF85C70BAF85E10B24640F2DC16C2F2D7
:106B50000006013202F00F0232710FFA89F20FFAC9
:106B600088F632440FFA8EF632440FFA8CF632442D
:106B700006B232440FFA8BF6019832441BB21A4423
:106B800000B21044029A09B212B21044039A12B22F
:106B90001044049A12B210440FFA8AF210442AB236
:106BA000104422B210443AB210440844C11700EB1A
:106BB0001170001100B205B0BDE8F08F70B540F261
:106BC0006825C2F2000505F138040B202146022297
:106BD0000BF05AFA95F8381040F2DC16002801F054
:106BE0000100C2F2000608BFE97186F85500C1F342
:106BF000400086F85600C1F3800086F85700C1F3C4
:106C0000C00086F85800C1F3001086F85900C1F39F
:106C1000801086F85A00C80986F85B000D202146CE
:106C200002220BF031FA95F83810002801F001002B
:106C300008BF297286F85C00C1F3400086F85D0049
:106C4000C1F3800086F85E00C1F3C00086F85F00E3
:106C5000C1F3001086F86000C80986F861000F20B3
:106C6000214602220BF010FA95F83810002801F0A6
:106C7000010008BF697286F86200C1F3400086F81F
:106C80006300C1F3800086F86400C1F3C00086F899
:106C90006500C1F3001086F86600C1F3401086F865
:106CA0006700C1F3801086F86800C80986F869009B
:106CB0001120214602220BF0E7F995F83810002840
:106CC00006BFA9720846A87A01F0010186F86A1089
:106CD000E9792A7A6B7A114419444042081A18BF9C
:106CE000012086F86B0070BDF0B581B040F24045E0
:106CF000C2F200050020C5E90000C5E90200C5E9AF
:106D00000400C5E906007620002100220DF010FEE7
:106D100008B101B0F0BD286848F2010140F2E42753
:106D2000CFF6FF71C2F200078842386618BF10F133
:106D30000101EED0D5E90141C7E919411AF03EFC45
:106D4000054620460E461AF050FC0023C3F6F053C9
:106D500000221AF05DFC2A4633461AF087FB4EF2F9
:106D60006663C4F223034FF0C0421AF051FC1AF0DC
:106D70004BFBF86101B0F0BD70B540F26825C2F27E
:106D8000000505F138040220214602220BF07CF9AF
:106D900010B995F8380068700420214602220BF0E3
:106DA00073F910B995F83800A87006202146022220
:106DB0000BF06AF910B995F83800E8700320214605
:106DC00002220BF061F995F8381040F2DC16002829
:106DD00008BF2971C1F38000C2F2000686F84200A4
:106DE000C1F3C00086F84300C1F3001086F84400E8
:106DF000C1F3401086F84600C1F3801086F84500C4
:106E0000C80986F847000520214602220BF03CF90C
:106E100095F83810002801F0010008BF697186F864
:106E20004E00C1F3400086F84D00C1F3800086F8A3
:106E30004C00C1F3001086F84B00C1F3401086F8F7
:106E40004A00C1F3801086F84900C80986F8480056
:106E50000720214602220BF017F995F83810002878
:106E600006BFA9710846A879C1F3400286F85420EC
:106E7000C1F3800286F85320C1F3001286F8522035
:106E8000C1F3401286F85120C1F3801286F85020D9
:106E90002A796B79C90986F84F1099184042081A67
:106EA00018BF012086F86C0070BD00002DE9F04F7E
:106EB00083B005460C4600202F0A042AADF80A00CC
:106EC0008DF80900ADF807008DF804508DF80570B5
:106ED0008DF8061000F09380022A00F02781012A25
:106EE00040F07E8101A93E2003220CF077F80028B3
:106EF00040F0738140F2D830C2F2000000F1100679
:106F0000304608F04DF942F27808C2F20008D8F88D
:106F100000000021416200BF416AB1F57A7F0BD2C7
:106F2000416AC9087C2907D8416AC9087C2903D865
:106F3000416AB1F57A7FEFD3304608F031F9D8F8DD
:106F400000000021416200BF416AB1F57A7F0BD297
:106F5000416AC9087C2907D8416AC9087C2903D835
:106F6000416AB1F57A7FEFD3304608F019F9781904
:106F70002044C0438DF80A0005208DF80B000DF168
:106F80000A01602002220CF029F8002840F0258137
:106F9000304608F005F9D8F800000021416200BF32
:106FA000416AB1F57A7F0BD2416AC9087C2907D8BA
:106FB000416AC9087C2903D8416AB1F57A7FEFD3C9
:106FC000304608F0EDF8D8F800000021416200BF1B
:106FD000416AB1F57A7F0BD2416AC9087C2907D88A
:106FE000416AC9087C2903D8416AB1F57A7FEFD399
:106FF000304608F0D5F8002003B0BDE8F08F4FEA26
:10700000142A4FEA144B260E01A93E2006228DF8C1
:1070100007A08DF808B08DF809600BF0DFFF00289D
:1070200040F0DB8040F2D830C2F2000000F11009DD
:10703000484608F0B5F842F27808C2F20008D8F8DD
:1070400000000021416200BF416AB1F57A7F0BD296
:10705000416AC9087C2907D8416AC9087C2903D834
:10706000416AB1F57A7FEFD3484608F099F8D8F82D
:1070700000000021416200BF416AB1F57A7F0BD266
:10708000416AC9087C2907D8416AC9087C2903D804
:10709000416AB1F57A7FEFD3484608F081F8781954
:1070A0002044504458443044C0438DF80A0008201E
:1070B0008DF80B000DF10A01602002220BF08EFF0B
:1070C000002840F08A80484608F06AF8D8F80000A6
:1070D00000214162416AB1F57A7F0BD2416AC90849
:1070E0007C2907D8416AC9087C2903D8416AB1F5CF
:1070F0007A7FEFD3484608F053F8D8F80000002113
:10710000416200BF416AB1F57A7F80F09D80416A9B
:10711000C9087C2900F29880416AC9087C2900F2DC
:107120009380416AB1F57A7FECD38DE0260A01A9FC
:107130003E2004228DF807600BF050FF00284CD150
:1071400040F2D830C2F2000000F11009484608F0C1
:1071500027F842F27808C2F20008D8F800000021AF
:10716000416200BF416AB1F57A7F0BD2416AC9081A
:107170007C2907D8416AC9087C2903D8416AB1F53E
:107180007A7FEFD3484608F00BF8D8F800000021CA
:10719000416200BF416AB1F57A7F0BD2416AC908EA
:1071A0007C2907D8416AC9087C2903D8416AB1F50E
:1071B0007A7FEFD3484607F0F3FF78192044304434
:1071C000C0438DF80A0006208DF80B000DF10A016E
:1071D000602002220BF002FF30B103B0BDE8F08F57
:1071E000012003B0BDE8F08F484607F0D9FFD8F87A
:1071F00000000021416200BF416AB1F57A7F0BD2E5
:10720000416AC9087C2907D8416AC9087C2903D882
:10721000416AB1F57A7FEFD3484607F0C1FFD8F84D
:1072200000000021416200BF416AB1F57A7F0BD2B4
:10723000416AC9087C2907D8416AC9087C2903D852
:10724000416AB1F57A7FEFD3484607F0A9FF0020E5
:1072500003B0BDE8F08F00002DE9F04FADF5537D90
:10726000824645F20000DAF80020C4F2000044F241
:107270001417A0F58063C2F20007824243F6147629
:107280004FF0000918BF4F46C2F200069A4218BFDD
:107290003E4640F2D0058242C2F2000508BF05F129
:1072A00004099A4208BF05F10209002E18BFB9F17E
:1072B000000F03D10DF5537DBDE8F08FB9F8002024
:1072C0007E2901D0002AF5D0B9F80020B154B9F8D0
:1072D00000200132A9F80020B9F80020B2F5007FA3
:1072E00006D30020A9F800000DF5537DBDE8F08F0E
:1072F0000D29DFD1B9F800101129DBD331787E29AF
:10730000EFD17178A1F13002D3B20A2B0FD3A1F1E2
:107310004102D2B2052A02D8A1F1370207E0A1F159
:107320006102D2B2052A00F23F81A1F157025FFA51
:1073300082FCB278A2F13003DFB20A2F0ED3A2F1A1
:107340004103DBB2062B02D2A2F1370306E0A2F121
:107350006103DBB2052B04D8A2F15703DAB242EA8B
:107360000C1CF278A2F13003DFB20A2F0FD3A2F186
:107370004103DBB2052B02D8A2F1370307E0A2F1EB
:107380006103DBB2052B00F21281A2F157035FFA11
:1073900083FE3279A2F13003DFB20A2F0ED3A2F1BD
:1073A0004103DBB2062B02D2A2F1370306E0A2F1C1
:1073B0006103DBB2052B04D8A2F15703DAB242EA2B
:1073C0000E1E7279A2F13003DFB20A2F0FD3A2F1A1
:1073D0004103DBB2052B02D8A2F1370307E0A2F18B
:1073E0006103DBB2052B00F2E580A2F157035FFADF
:1073F00083FBB279A2F13003DFB20A2F0ED3A2F1E0
:107400004103DBB2062B02D2A2F1370306E0A2F160
:107410006103DBB2052B04D8A2F15703DAB242EACA
:107420000B1BF279A2F13003DFB20A2F0FD3A2F1C6
:107430004103DBB2052B02D8A2F1370307E0A2F12A
:107440006103DBB2052B00F2B880A2F15703DCB276
:10745000327AA2F13003DFB20A2F0ED3A2F1410338
:10746000DBB2062B02D2A2F1370306E0A2F16103E0
:10747000DBB2052B04D8A2F15703DAB242EA0414B6
:10748000727A0994A2F13003DFB20A2F0FD3A2F16E
:107490004103DBB2052B02D8A2F1370307E0A2F1CA
:1074A0006103DBB2052B00F28A80A2F15703DBB245
:1074B000B27AA2F13007FCB20A2C0ED3A2F1410736
:1074C000FFB2062F02D2A2F1370706E0A2F1610750
:1074D000FFB2052F04D8A2F15707FAB242EA03130C
:1074E000F27AA2F13007FCB20A2C0ED3A2F14107C6
:1074F000FFB2062F02D2A2F1370706E0A2F1610720
:10750000FFB2052F04D8A2F15707FAB242EA0313DB
:10751000327BA2F13007FCB20A2C0ED3A2F1410754
:10752000FFB2062F02D2A2F1370706E0A2F16107EF
:10753000FFB2052F04D8A2F15707FAB242EA0313AB
:1075400098466FF31F38B9F8002008F11207BA42C5
:107550007FF4C7AE9AB203EB121303EB1223A8EB2E
:1075600003339BB2934215D108F10D04335DCDF87E
:1075700018B0A3F13002D7B20A2F06EB040BCDF8F6
:1075800020C026D3A3F14102D2B2052A19D8A3F113
:1075900037021EE02869013028610020A9F80000A8
:1075A0000DF5537DBDE8F08F4FF0000CC1E64FF0B4
:1075B000000EEEE64FF0000B1BE7002448E7002327
:1075C00076E7A3F16102D2B2052A00F2F980A3F1B5
:1075D0005702D4B29BF80130A3F13002D7B20A2F80
:1075E0000ED3A3F14102D2B2062A02D2A3F137028E
:1075F00006E0A3F16102D2B2052A04D8A3F1570232
:10760000D2B242EA04149BF80230A3F13002D7B29E
:107610000A2F0ED3A3F14102D2B2062A02D2A3F15D
:10762000370206E0A3F16102D2B2052A04D8A3F121
:107630005702D2B242EA04149BF80320CDF81CE0B2
:10764000A2F13003DFB20A2F0ED3A2F14103DBB265
:10765000062B02D2A2F1370306E0A2F16103DBB2EE
:10766000052B04D8A2F15703DAB242EA041408F158
:107670000B0707F003030594321FA3EB070B977961
:1076800092F807E092F808C03944547A7144614492
:1076900021441BF1040B02F10402F0D14BB19779A4
:1076A000012B394405D0D779022B394401D0127A05
:1076B0001144059A494289B292B206AC914216CC65
:1076C0002FD15FFA81FC0999D3B2B8F1020F5FFAAA
:1076D00081FE30D3BEF1410F2DD1BCF1460F2AD12E
:1076E000FF2B28D140F2EE11C2F2000109780129E6
:1076F00021D140F2F31BC2F2000B9BF800100429C9
:1077000019D1707BA0F13001CAB20A2AC0F0EF8013
:10771000A0F14101C9B2052900F2E180A0F13701D1
:10772000E5E00998C0B244283ED092287FF4D9AD54
:1077300005F118003AE040F2EF11C2F200010978B9
:10774000012926D1DF1E022F23D8DAF800708742E4
:107750001FD102F1FD00C1B202293FF6C2AD681887
:107760000A23BEF1000F83717FF4BBADB8F1640F43
:10777000C0F04A8744F27D3201EB0111C2F20002EF
:1077800006F10D0002EB8102414614F099F800F079
:10779000D9BF40F2F010C2F2000090F800B09B4553
:1077A00010D1FF2B13D113E105F114000168013151
:1077B00001600020A9F800000DF5537DBDE8F08FB1
:1077C000002407E7022B18BF122B40F0FE80AEF119
:1077D00042020020582A4FF0040E01F26C82DFE8CA
:1077E00012F011016A0AF5016A0A6A0AD6026A0AE7
:1077F0006A0A6A0A6A0A6A0A6A0A6A0A6A0A6A0AE9
:10780000B7056A0A6A0A6A0A6A0A6A0A6A0A6A0A90
:107810006A0A6A0A6A0A6A0A6A0A6A0A6A0AE00557
:10782000FF028E035A0459006A0A6A0A6A0A6A0A3F
:107830006A0A6A0A6A0A6A0A6A0A6A0A6A0A6A0AA8
:107840006A0A6A0A6A0A6A0A6A0A6A0A6A0A6A0A98
:107850006A0A6A0A6A0A6A0A6A0A6A0A6A0A6A0A88
:107860006A0A6A0A6A0A6A0A6A0A6A0A6A0A6A0A78
:107870006A0A6A0A6A0A6A0A6A0A6A0A6A0A6A0A68
:107880006A0A2006CD06C3045900E0046A0A6A0A9F
:107890006A0AF20640F2F710C2F2000001210170FC
:1078A0009520654601F0C6FD40F60046C4F201068B
:1078B000A6F5806738460421012207F043F83846D0
:1078C0000221012207F03EF830462021002207F075
:1078D00039F84FF0000EAC46002001F0ECB9A0F1F1
:1078E0006101C9B2052900F28980A0F15701C8B22F
:1078F000B17BA1F13002D3B20A2B0ED3A1F1410228
:10790000D2B2062A02D2A1F1370206E0A1F1610249
:10791000D2B2052A74D8A1F15702D1B2E04641EAA9
:10792000001040F2F215C2F200052870287840F2EB
:10793000F016C2F20006307041F21C00C4F20200E0
:10794000016841F080510160016801F0805153915C
:107950005399016841F000610160006800F0006027
:107960005390539807F032FD307846F60441C4F244
:1079700000010860287842F238620109C0F603026B
:1079800000F00F00515C105C8DF84C118DF84D012A
:107990002A7853A800250227CDE90050E1B25046CD
:1079A0004346029715F012FF05208BF8000040F6C1
:1079B0000040C4F201001021012206F0C3FFA9F823
:1079C00000500DF5537DBDE8F08FFF2B7FF489AC9F
:1079D000BEF1A00F08BF00297FF483AC42F2D03281
:1079E00006F10D00C2F20002414613F069FF0020CB
:1079F000A9F800000DF5537DBDE8F08F002077E772
:107A0000E0468EE700208DF86B0010208DF82900ED
:107A10000AA840F260410230C2F2000120228DF833
:107A200028B0CDF818C0F8F786FD40F2A041082034
:107A3000C2F200018DF84A0091E8A100C96840F245
:107A40000008C4F22018099141461AF06FFA4BF26F
:107A50000006C4F22A56314619F0C2FF1AF096F910
:107A6000ADF84B00284641461AF060FA314619F04D
:107A7000B7FF1AF08BF9ADF84D00384641461AF0C1
:107A800055FA314619F0ACFF1AF080F9ADF84F0005
:107A9000099841461AF04AFA314619F0A1FF1AF046
:107AA00075F940F21C31C2F200010968ADF85100CD
:107AB000084641461AF03AFA314619F091FF1AF099
:107AC00065F940F22031C2F200010968ADF85300B7
:107AD000084641461AF02AFA314619F081FF1AF099
:107AE00055F940F2A041C2F200018969ADF8550094
:107AF000084641461AF01AFA314619F071FF1AF099
:107B000045F940F21831C2F200010968ADF857009A
:107B1000084641461AF00AFA314619F061FF1AF098
:107B200035F940F2A821C2F200010988ADF85900E8
:107B300040F2A220C2F20000ADF85B10018840F2D2
:107B40001800C2F20000076840F21000C2F2000004
:107B50000068ADF85D100021C4F2C8211AF020F8C9
:107B6000014638461AF0E2F91AF02CF90646384672
:107B70001AF028F94FF0FF310422ADF85F108DF8AC
:107B8000612040F20432ADF86210310CC2F2000202
:107B90008DF86610310A12688DF86710010C8DF8A7
:107BA0006910010AADF864208DF86A108DF86B0039
:107BB00053A84FF400710AAA8DF8686013F000FD15
:107BC000DDF818C04FF0000E01F075B80AADA81C22
:107BD0002121CDF818C0F8F7F3FC10208DF829000A
:107BE000082040F260488DF83A000020C2F20008F8
:107BF000CDF81CB08DF828B0CDE95100CDE94F008B
:107C000008F1060240F2B73B4FF6FF714FF0000C4F
:107C1000002400204FF0000E099009E0002343717A
:107C20000EF1040EBEF1100F02F1080200F0DC822A
:107C300032F8067C88B287421FFA8CF038BF39468A
:107C4000874288BFBC46B7F5616F04EB070004D3D9
:107C500005EB0E0302249C7008E0B7F52F6F05EBCF
:107C60000E030ED80126012409949E70A7F68C23DA
:107C70009BB25B4522BF0DF59E73012403F80E40B5
:107C800001E000249C7008EB4E077B888CB2A34275
:107C90001FFA8CF438BF1946A3424FEA131488BF69
:107CA0009C46E02C184404D905EB0E040226E6702D
:107CB0000EE0B3F52F6F05EB0E0613D84FF0010859
:107CC00086F8038040F260480124C2F2000809945B
:107CD000A3F68C239BB25B4506D34FAB73440124C0
:107CE0005C7001E00023F370BB888CB2A3421FFAE2
:107CF0008CF438BF1946A3424FEA131488BF9C4640
:107D0000E02C184404D905EB0E040226267108E085
:107D1000B3F52F6F05EB0E060DD80127012409944A
:107D20003771A3F68C239BB25B4506D34FAB7344EC
:107D300001249C7001E00023337113888CB2A342AC
:107D40001FFA8CF438BF1946A3424FEA131488BFB8
:107D50009C46E02C00EB030404D905EB0E00022640
:107D6000467109E0B3F52F6F05EB0E003FF656AFF5
:107D70000127012609964771A3F68C2080B2584549
:107D8000FFF44EAF4FA870440123C37048E740F69C
:107D90004260C0F6F0200A9040F68C20C0F25820D5
:107DA0000B900020C2F6E0600C904EF20010CAF674
:107DB00000700D904AF60070C0F28A200E904FF0CD
:107DC000FF30C738ADF83C0042F6E060ADF83E0049
:107DD00053A80AAA4FF40071654615F0E5FBEEE3DF
:107DE00040F2A220C2F20000008840F2EC21ADF87F
:107DF000280040F29620C2F20001C2F20000096899
:107E00000078ADF82A1040F29A218DF82C0040F24B
:107E10009820C2F20001C2F2000009880078ADF893
:107E20002D10ADF82F108DF831008DF8320040F292
:107E3000B02040F21321C2F20000C2F2000100881B
:107E40000978ADF8330001F58070ADF8350040F2E7
:107E5000040040F21521C2F20000C2F200010088C5
:107E60000978ADF8370001F5807040F29C2140F2AE
:107E70009E22C2F20001C2F2000209881288ADF807
:107E8000390001EB810040F6AB2102EB820201EBED
:107E9000400001EB420140F21722C2F2000240F220
:107EA00019231278C2F200031B7802F58072ADF834
:107EB0003B00ADF83D00ADF84110ADF83F2003F5B3
:107EC0008073ADF84500ADF84700ADF84B10ADF844
:107ED0004920ADF84F00ADF85100ADF85510ADF8A0
:107EE000532053A80AAA4FF40071ADF84330ADF8FF
:107EF0004D30ADF85730654614F02AFF5FE340F28D
:107F0000FB10C2F20000007840F2FC13C2F2000342
:107F1000002818BF01201B784201002B40F2FD13FE
:107F2000C2F200031B7840F2FE1702F11002C2F207
:107F3000000708BF4201002B18BF01233F789801BA
:107F4000002F40F2FF1700F1200EC2F20007CDF81B
:107F50001CB03F7808BF4FEA831E40F20023C2F2F4
:107F600000031B78002F18BF0832002B40F2242397
:107F7000C2F200031B7818BF0432002B40F2012329
:107F8000C2F2000318BF42F002021E7840F202253E
:107F9000C2F20005CDF818C0002E18BF01262D78BA
:107FA0007701002D40F2052507F11007C2F2000508
:107FB0002D7808BF770140F20626C2F20006367817
:107FC000002D18BF0837002E40F20326C2F200062B
:107FD000367840F24724C2F2000418BF0437002E5E
:107FE00018BF0126247840F20425002C40F2F41436
:107FF000C2F20005C2F2000495F8008018BF0EF12D
:10800000080E25780023022D42F2386538BF01237F
:10801000C7F30210C0F60305285C4FEA860C00295E
:1080200018BF01218DF84C0107F00F00285C0CF1FE
:1080300002071940B8F1000F08BFB7003944695C66
:108040008DF84D0130204FFA82FB8DF84F0102F080
:108050007E008DF84E11BBF1000FDDF818C048BF4F
:108060008030010900F00E00695C285C8DF8501129
:108070008DF851014FEA1E100EF00801285C695C72
:10808000DDE907B44FF0000E8DF852018DF8531161
:10809000082000F010BE40F24A21C2F2000140F276
:1080A000492340F2FA170978C2F20003C2F200072E
:1080B0001B783F78C90140F2842063F3861107F0F2
:1080C0000103C2F2000041EA031343F245110288A2
:1080D000C3F23001539142F23861160BC0F603012E
:1080E00040F2862044F241678E5DC2F20000C3F286
:1080F0003007008854978DF85461C2F30327CF5D91
:108100005EB28DF85571D7B23F09CF5D02F00F0214
:108110008DF85671070B8A5CCF5D8DF857218DF86D
:108120005871C0F303228A5CC7B23F09DBB2CF5D4E
:108130008DF8592100F00F000522085C02EA1312A5
:108140008DF85A710827002E48BF47EA1312895C40
:108150008DF85B0130208DF85C118DF85D011220E7
:108160004FF0000E00F0A7BD06F10D0005F11C0256
:108170004146664614F0B6FB06F0EAFBE8600120D3
:1081800028700027E1B250465A463346CDE90077C1
:10819000029715F01BFB4FF0000EB446002000F0D4
:1081A0008ABD42F238614FEA1B10C0F60301085C39
:1081B0000BF00F028DF84C0143F23020C3F2300077
:1081C000CDF84E0143F23030895CC3F23030CDF847
:1081D000520143F230008DF84D11ADF856010C20DC
:1081E0004FF0000E00F067BD1FFA8CF089B2421A02
:1081F000B2F57A7F40F34A83C4F30F12531A4FF05B
:10820000000738BF3B46861A40F26042C2F20002C5
:1082100038BF3E461288B34240F29D828A4204BF74
:1082200001208DF83C0140F26040C2F2000040881D
:10823000884204BF01208DF83D0140F26040C2F247
:1082400000008088884204BF01208DF83E0140F282
:108250006040C2F20000C088884204BF01208DF84F
:108260003F0140F26040C2F200000089884204BF32
:1082700001208DF8400140F26040C2F200004089C8
:10828000884204BF01208DF8410140F26040C2F2F3
:1082900000008089884204BF01208DF8420140F22D
:1082A0006040C2F20000C089884204BF01208DF8FE
:1082B000430140F26040C2F20000008A884204BFDD
:1082C00001208DF8440140F26040C2F20000408A73
:1082D000884204BF01208DF8450140F26040C2F29F
:1082E0000000808A884204BF01208DF8460140F2D8
:1082F0006040C2F20000C08A884204BF01208DF8AD
:10830000470140F26040C2F20000008B884204BF87
:1083100001208DF8480140F26040C2F20000408B1D
:10832000884204BF01208DF8490140F26040C2F24A
:108330000000808B884204BF01208DF84A0140F282
:108340006040C2F20000C08B884200F09C829DE237
:1083500020208DF831004FF02030CDF82D00CDF8E1
:108360003D00CDF84100119045F24E4045F65011C8
:108370004E22C4F24530C4F64C718DF82C204FF4D7
:1083800000520E9048200A91ADF832200D918DF8E0
:108390003C0053A80AAA4FF40071654613F032FF5F
:1083A0000DE10DF1280808F12100F021CDF81CB0F5
:1083B000E346F8F705F920208DF831004FF0203022
:1083C000CDF82D00CDF83B00CDF83F00CDF84200B0
:1083D00045F24E40C4F24530CDF8360048208DF8C5
:1083E0003A0040F2F41045F65011C2F20000C4F613
:1083F0004C7100780A914E22CDF832104FF40051A2
:108400008DF82C20ADF84610002808BF0120411E31
:10841000032900F0030C8DF8480080F0068100214C
:1084200038E140F28420C2F20000068840F2862043
:10843000C2F20000058840F60040C4F2010020218D
:10844000E04606F071FA013840F2FA1141F6307256
:10845000B0FA80F0C2F20001C2F2000240090978CD
:108460001278800061F3C30002F0010140EA0111BB
:1084700040F20720C2F20000037840F20820C2F266
:108480000000002200785392539FB3FA83F342F224
:108490000F725B09974241EA83111DDC42F21073AF
:1084A00000BF539F01375397539F9F4214DA00BF79
:1084B000539F01375397539F97420DDC00BF539F43
:1084C00001375397539F974206DC00BF539F0137F4
:1084D0005397539F9F42E3DB42F238624FEA1B13EC
:1084E000C0F603020BF00F07D35CD75D8DF84C315B
:1084F0008DF84D7143F24513370BC3F23003D75D4E
:10850000CDF84E3144F24163C3F230038DF8567119
:10851000F7B2CDF85231C6F303233F09D35CD75DE0
:108520008DF857318DF8587106F00F032F0BD35C7F
:10853000D75D8DF859318DF85A71C5F30323D35C9B
:1085400005F00F078DF85B31EBB21B09D35CD75DEB
:108550008DF85C318DF85D71002808BF8031080905
:1085600001F00C01105C515C089C8DF85E018DF8E7
:108570005F1114204FF0000EC4469CE345F65010E6
:10858000C4F64C60CDF8290044F64250C3F2533093
:10859000CDF82D0043F23140C4F64100CDF8310052
:1085A00043F23000C3F23010CDF8350053A80AAAC8
:1085B0004FF400718DF828B0654614F0DFFAAC4630
:1085C0004FF0000E77E30027E1B250465A4663466B
:1085D000CDE90077CDF81CB06546029715F0F6F8A6
:1085E000B8F1020FC0F09680707BA0F13001CAB2E2
:1085F0000A2AC0F03C83A0F14101C9B2052900F26A
:108600002F83A0F1370132E3B8F1280FC0F08B803F
:1086100044F21430C2F20000232201FB020206F1F0
:108620000D00414612F0F2FA8CE0A0EB0C0345F687
:10863000501743F2300643F2314544F6425008F1F8
:1086400011020021C4F64C67C3F23016C4F641058E
:10865000C3F25330043142F8407F8B4242F8246C1D
:1086600042F8285C42F82C0C42F8307C42F8207C1E
:1086700042F81C0C42F8185C42F8146C42F8107C6A
:1086800042F80C0C42F8085C42F8046C50609560AB
:10869000D660DFD1BCF1000F2FD008EB011043F200
:1086A000300143F2314244F6425345F65017C3F2CB
:1086B0003011C4F64102C3F25333C4F64C67BCF127
:1086C000010FC0F82D10C0F82920C0F82530C0F8DF
:1086D000217012D0BCF1020FC0F83D10C0F8392053
:1086E000C0F83530C0F8317007D0C0F84D10C0F870
:1086F0004920C0F84530C0F8417053A80AAA4FF489
:10870000007114F017FD089CDC46DDF81CB04FF03A
:10871000000ED0E2089CDDF81CB04FF0FF30AC46F4
:108720004FF0000EC7E2B8F1120FFEF4DAAD01EB24
:10873000810105EB410106F10D0001F126024146E0
:1087400013F050FE012068700020A9F800000DF51C
:10875000537DBDE8F08F824204BF01218DF83C11AA
:1087600040F26041C2F200014988814204BF012108
:108770008DF83D1140F26041C2F2000189888142CA
:1087800004BF01218DF83E1140F26041C2F20001A8
:10879000C988814204BF01218DF83F1140F2604138
:1087A000C2F200010989814204BF01218DF8401104
:1087B00040F26041C2F200014989814204BF0121B7
:1087C0008DF8411140F26041C2F200018989814275
:1087D00004BF01218DF8421140F26041C2F2000154
:1087E000C989814204BF01218DF8431140F26041E3
:1087F000C2F20001098A814204BF01218DF84411AF
:1088000040F26041C2F20001498A814204BF012165
:108810008DF8451140F26041C2F20001898A81421F
:1088200004BF01218DF8461140F26041C2F20001FF
:10883000C98A814204BF01218DF8471140F260418D
:10884000C2F20001098B814204BF01218DF8481159
:1088500040F26041C2F20001498B814204BF012114
:108860008DF8491140F26041C2F20001898B8142CA
:1088700004BF01218DF84A1140F26041C2F20001AB
:10888000C98B814202D101208DF84B0140F2A040FA
:10889000C2F20000D0E90251D0E90076049140F222
:1088A0001C31C2F200010968D0F818B0059140F2FD
:1088B0002031C2F2000140F218300C68C2F2000010
:1088C0000021D0F80080C4F27021384619F006F972
:1088D00008B9022009E00021C4F2A001384619F0CD
:1088E000F6F8002814BF0020012000218DF83B007D
:1088F000C4F27021304619F0E3F808B1022009E013
:108900000021C4F2A001304619F0EFF8002814BF8E
:108910000120002000218DF83C00C4F2702128467F
:1089200019F0CEF808B1022009E00021C4F2A0013C
:10893000284619F0DAF8002814BF012000208DF82D
:108940003D0000210498C4F2702119F0B9F808B173
:10895000022009E000210498C4F2A00119F0C5F832
:10896000002814BF012000208DF83E00002105984A
:10897000C4F2702119F0A4F808B1022009E0002126
:108980000598C4F2A00119F0B0F8002814BF012026
:10899000002000218DF83F00C4F27021204619F01C
:1089A0008FF808B1022009E00021C4F2A00120469E
:1089B00019F09BF8002814BF0120002000218DF839
:1089C0004000C4F27021584619F07AF808B102202C
:1089D00009E00021C4F2A001584619F086F80028E9
:1089E00014BF0120002000218DF84100C4F2702145
:1089F000404619F065F808B1022009E00021C4F2F0
:108A0000A001404619F071F8002814BF0120002091
:108A10008DF8420040F24410C2F2000040F2A2225F
:108A20000179C2F2000212880B46002918BF012307
:108A3000170AE02F4FEA43038DF8433001D9022291
:108A400004E0B2F52F4F8CBF0022012247798DF848
:108A50004420827890F803C090F806E0002F07F0D9
:108A6000010518BF0127099E02237F0003EA460380
:108A70008DF845709DF8467061F3820302F00102A3
:108A800043EA0511C07907F008071144394400F0A2
:108A9000010041EA40100EF0010140EA811040F26D
:108AA0004921C2F200019DF84740097840EACC1004
:108AB00040F24A228DF8460001F0010004F0F00176
:108AC000C2F20002127841EA800440F60040C4F28B
:108AD0000100202162F3410405F026FF0138B0FABD
:108AE00080F04009204440F215110830C2F2000124
:108AF00009788DF847009DF8480040F2472240F27F
:108B00000D23C2F20002C2F20003002918BF0121A6
:108B100000F0060012781B78014440F218001A4356
:108B2000C2F2000018BF0122066840F21000C2F233
:108B30000000006841EA02150021C4F2C82119F0C2
:108B40002FF80146304619F0F1F919F03BF90746C4
:108B5000304619F037F940F2A82187424FF0000063
:108B6000C2F2000128BF0120B1F900104FF6FF73D7
:108B7000313B32294FF000021BB2C8BF012299429B
:108B80004FF00001B8BF0121890145EAC00041EA68
:108B9000C21108448DF848009DF83C019DF83D1134
:108BA0009DF83E2100F001009DF83F3161F3410046
:108BB00002F0010140EA81009DF8401103F0010339
:108BC0009DF8412101F0010140EAC30040EA011093
:108BD0009DF8421102F0010240EA42109DF8432143
:108BE00001F0010140EA811040EAC2108DF849000D
:108BF0009DF844019DF845119DF8462100F00100C3
:108C00009DF8473161F3410002F0010140EA810023
:108C10009DF8481103F001039DF8492101F001017D
:108C200040EAC30040EA01109DF84A1102F0010237
:108C300040EA42109DF84B2101F0010140EA811009
:108C400040EAC2108DF84A0053A80AAA4FF40071F6
:108C500011F0EAFE089CDDE906CB4FF0000E2AE099
:108C6000A0F16101C9B2052937D8A0F15701C8B2F6
:108C7000B17BA1F13002D3B20A2B0ED3A1F1410294
:108C8000D2B2062A02D2A1F1370206E0A1F16102B6
:108C9000D2B2052A04D8A1F15702D1B241EA00109C
:108CA000C0B20CF02BF8089CDDF81CB04FF0FF3080
:108CB0004FF0000EAC4687B253A8CDE900E0E1B218
:108CC00050465A466346029714F080FD0020A9F8EA
:108CD00000000DF5537DBDE8F08F0020C8E70000CF
:108CE000FEE7000070B540F21415C2F20005687886
:108CF00040B305F02DFEA96A884223D30446687864
:108D00000138C1B2022988BF70BDA879012840F698
:108D10000040C4F201000CD14FF47A7201FB02440E
:108D200001210022002605F00DFEAE7104F2EE20B6
:108D300007E001210122012605F004FE04F1FA00FA
:108D4000AE71A86270BD000070B529B1012901F0B3
:108D5000010C04D10021C1E00021C8B270BDA1EB1B
:108D60000C0E0021072300BF4AB283EA4104B2F18E
:108D7000FF3FC8BF4C00017842780D0648BF84F021
:108D8000070465B283EA4406B5F1FF3FC8BF660039
:108D90004C0648BF86F0070674B283EA4605B4F174
:108DA000FF3FC8BF75008C0648BF85F007056CB251
:108DB00083EA4506B4F1FF3FC8BF6E00CC0648BF4A
:108DC00086F0070674B283EA4605B4F1FF3FC8BFD8
:108DD00075000C0748BF85F007056CB283EA4506AD
:108DE000B4F1FF3FC8BF6E004C0748BF86F00706CE
:108DF00074B283EA4605B4F1FF3FC8BF75008C0723
:108E000048BF85F007056CB283EA4506B4F1FF3F21
:108E1000C8BF6E00C90718BF86F0070671B283EAA3
:108E20004604B1F1FF3FC8BF7400110648BF84F08B
:108E3000070461B283EA4405B1F1FF3FC8BF650092
:108E4000510648BF85F0070569B283EA4504B1F1D0
:108E5000FF3FC8BF6C00910648BF84F0070461B2B1
:108E600083EA4405B1F1FF3FC8BF6500D10648BFA2
:108E700085F0070569B283EA4504B1F1FF3FC8BF39
:108E80006C00110748BF84F0070461B283EA44050F
:108E9000B1F1FF3FC8BF6500510748BF85F0070526
:108EA00069B283EA4504B1F1FF3FC8BF6C00910786
:108EB00048BF84F0070465B283EA4401B5F1FF3F7F
:108EC000C8BF6100D207AEF1020E18BF81F00701E2
:108ED0005FEA0E6200F102007FF446AFBCF1000FC2
:108EE00059D000784BB2072282EA4106B3F1FF3F26
:108EF000C8BF4E00010648BF86F0070671B282EA7D
:108F00004603B1F1FF3FC8BF7300410648BF83F07D
:108F1000070359B282EA4306B1F1FF3FC8BF5E00C2
:108F2000810648BF86F0070671B282EA4603B1F1B6
:108F3000FF3FC8BF7300C10648BF83F0070359B2A3
:108F400082EA4306B1F1FF3FC8BF5E00010748BF98
:108F500086F0070671B282EA4603B1F1FF3FC8BF4F
:108F60007300410748BF83F0070359B282EA430602
:108F7000B1F1FF3FC8BF5E00810748BF86F007061A
:108F800073B282EA4601B3F1FF3FC8BF7100C00768
:108F900018BF81F00701C8B270BD00002DE9F04391
:108FA0009DB00646684690460F4615F08DFEBFB14F
:108FB00040F2E834E946C2F2000400BF3D46B7F58E
:108FC000806F28BF4FF48065484631462A4615F029
:108FD000D3FF20462E447F1B06F0E2F8002FEDD190
:108FE0006846414615F0D2FD1DB0BDE8F083000093
:108FF0002DE9F04381B040F26825C2F2000505F189
:10900000380412202146022209F03EF890B995F862
:10901000380095F8391040F2DC1240EA0120A5F83A
:109020005800A5F84A00C809C2F20002C90682F831
:10903000410005D400202874687401B0BDE8F083B5
:10904000287C04289CBF0130287405284FF00100BB
:10905000F2D3697C0029EFD10B202146022209F0CE
:1090600013F895F8389000284FF00D0021464FF086
:1090700002024FF0000818BFC14609F005F895F844
:10908000387000284FF00F0021464FF0020218BF41
:10909000474608F0F9FF95F8386000284FF01100B6
:1090A00021464FF0020218BF464608F0EDFFFAB223
:1090B0005FFA89F30028F0B243EA022242EA004252
:1090C00040F2E42095F83810C2F2000018BF414683
:1090D000836D42EA016199421CBF8165FAF7E8FDA0
:1090E0000120687401B0BDE8F08300002DE9F04371
:1090F00081B041F20005C4F2010505F029FC0446E7
:1091000005F50060802105F00FFC40F21417C2F253
:109110000007397900294FD0481E01220628FA702D
:1091200000F2B080796A611ADFE800F09704B1BFFD
:10913000CDD8E5003229C0F0A780F9F7EBFB42F269
:109140007620C2F200000021018042F27420C2F2B7
:109150000000018042F27220C2F20000018042F25F
:109160007020C2F20000018040F240000022C2F2F2
:109170000000C4F2C822026040F2DE10C2F2000019
:109180000122027040F2DF10C2F20000017040F2D2
:10919000E010C2F20000017040F2E210C2F20000E2
:1091A000017040F2E310C2F2000001707C62032003
:1091B000387101B0BDE8F08328B1002038627871C1
:1091C00001B0BDE8F083386A002800F02D81201A34
:1091D00041F28831884257D37879002854D1012050
:1091E0007871A5F500604FF4807104220AF040FB0D
:1091F00028464FF4007104220AF03AFB28464FF447
:10920000807104220AF034FB2846802104220AF0EF
:109210002FFB2846402104220AF02AFB05F5806630
:1092200030464FF4005104220AF022FB30464FF43E
:10923000804104220AF01CFB30464FF40041042216
:109240000AF016FB30464FF4805104220AF010FB5E
:1092500040F201107C62A7F80300A5F500652846DE
:109260000421012205F06EFB28460221012202257D
:1092700005F068FB952000F0DDF87C623D7101B0DF
:10928000BDE8F0830020387101B0BDE8F0833229D9
:10929000FAD328464FF40041012205F053FB7C62CB
:1092A0000420387101B0BDE8F083C829ECD328460A
:1092B0004FF40041002205F045FB7C620520387127
:1092C00001B0BDE8F0836429DED3122000F0B2F8CB
:1092D00006207C62387101B0BDE8F0836429D3D3E5
:1092E000FCF776F99A2000F0A5F87C620720387127
:1092F00001B0BDE8F083B1F5FA7FC5D340F25A2042
:10930000C2F200000078002818BFFCF75BF840F2BA
:10931000DE14C2F200044FF0010884F80080FDF76B
:1093200071F8FDF795FB40F2A829C2F20009A9F8EF
:1093300000000DF0D5FD40F2A220C2F2000000882E
:1093400042F27621C2F20001088040F2A420C2F26B
:109350000000008842F27421C2F20001088040F24D
:10936000A620C2F20000008842F27221C2F200017F
:109370000880B9F8000042F27021C2F200010880B2
:1093800040F21000C2F20000006840F240010026E6
:10939000C2F2000126700860FCF7BEF840F20A2015
:1093A000C2F20000067040F20920C2F2000006700E
:1093B00040F20B20C2F20000067040F20D20C2F213
:1093C0000000067040F20C20C2F20000067040F26D
:1093D0000820C2F20000067040F20720C2F200002E
:1093E000067040F25920C2F20000067040F20E20D2
:1093F000C2F200000670F9F7DBFD40F2E410C2F2A1
:109400000000A5F5006480F80080204604210022B9
:1094100005F098FA20460221002205F093FAA7F8F9
:10942000036001B0BDE8F08300203C62787101B0B8
:10943000BDE8F08370B582B0ADF806000DF106010D
:109440003E20022209F0CAFD044640F2D830C2F2A2
:10945000000000F11005284605F0A2FE42F2780651
:10946000C2F2000630680021416200BF416AB1F5D6
:109470007A7F0BD2416AC9087C2907D8416AC9089A
:109480007C2903D8416AB1F57A7FEFD3284605F0ED
:1094900087FE306800214162416AB1F57A7F0BD2C4
:1094A000416AC9087C2907D8416AC9087C2903D8C0
:1094B000416AB1F57A7FEFD3284605F071FE204668
:1094C00002B070BD41F63470C2F2000004F054BD29
:1094D00070B582B00C46ADF806000DF106013E20D5
:1094E000022209F07BFD08B102B070BD40F2D83015
:1094F000C2F2000000F11005284605F051FE42F2CC
:109500007806C2F20006306800214162416AB1F576
:109510007A7F0BD2416AC9087C2907D8416AC908F9
:109520007C2903D8416AB1F57A7FEFD3284605F04C
:1095300037FE306800214162416AB1F57A7F0BD273
:10954000416AC9087C2907D8416AC9087C2903D81F
:10955000416AB1F57A7FEFD3284605F021FE00205D
:109560008DF805000DF105014020012208F08CFD69
:109570000028B9D19DF80510217002B070BD00001F
:1095800080B584B010208DF80F0001200DF10F017F
:10959000CDE9001041F6CC704FF0640CC2F200002F
:1095A000D02107220123CDF808C005F08FFC04B0BC
:1095B00080BD0000F0B585B004460020CDF80F0056
:1095C000039041F6CC706426072703ADC2F2000079
:1095D000D02100220123CDE90057029605F0ACFA14
:1095E00060B308F09BF805200BF06CF941F6CC70E5
:1095F000C2F20000D02100220123CDE901760095BE
:1096000005F09AFAD0B108F089F805200BF05AF964
:109610000720CDE9005041F6CC706427C2F200006B
:10962000D02100220123029705F086FA30B108F01C
:1096300075F805200BF046F905B0F0BD9DF80C005B
:109640009DF80D109DF80E209DF80F30C0F3021705
:1096500007EB870700F00F0000EB470020700809B8
:1096600000EB800001F00F0101EB40006070100979
:1096700000EB800002F00F0101EB4000A070180920
:1096800000EB800003F00F0101EB40009DF810108B
:10969000E070080900EB800001F00F0101EB4000D1
:1096A0009DF811102071080900EB800001F00F01F6
:1096B00001EB40009DF812106071080900EB80007A
:1096C00001F00F0101EB4000A07105B0F0BD0000FA
:1096D0002DE9F04F87B090F800E04CF6CD4290F8BD
:1096E00002C0C678CCF6CC42AEFB0214ACFB025AE8
:1096F000A6FB025B4378C4F3C20105790491A3FB86
:109700000271A5FB0279477980790391A7FB028159
:10971000A0FB0228E20802EB8202049CAEEB4202AC
:1097200042EA04128DF81520039AC908D20802EB08
:109730008204A3EB440343EA02128DF816204FEA99
:10974000DA0202EB8203ACEB430343EA02128DF828
:1097500017204FEADB0202EB8203A6EB430343EA46
:1097600002128DF818204FEAD90202EB8203A5EB12
:10977000430343EA02128DF8192001EB8102A7EBA3
:10978000420242EA01118DF81A104FEAD80101EBAA
:109790008102A0EB420040EA01108DF81B00072077
:1097A0000DF11501CDE9001041F6CC706427C2F22D
:1097B0000000D02100220123029705F087FB07B0AB
:1097C000BDE8F08FF0B583B000210446002618F004
:1097D00085F94FF00B07D8B90025C4F2C8252046FB
:1097E000294618F074F900281CBF0024C4F2C824CC
:1097F0002846214618F096FC45F62941C4F2851109
:1098000018F0CEF918F0C2FA0B2838BF0746063711
:109810004AF25A50C8F2052001901720ADF808000E
:1098200042F29810C2F2000001A908220A238DF822
:109830000A608DF80B7007F0B1FE03B0F0BD0000B8
:109840002DE9F04182B044F27D36C2F2000696F86E
:109850003900042847D396F83F1096F83E000902D5
:1098600096F8402041EA004096F8421096F84130C0
:109870001044090296F8432041EA03418C18DCB3F6
:1098800018F0D8FA0021C4F2C82118F04FFB0546A1
:10989000204618F0CFFA0146284618F081F9002139
:1098A000044618F01BF94FF00B0730BB0025C4F23B
:1098B000C8252046294618F00AF900281CBF0024B4
:1098C000C4F2C8242846214618F02CFC45F629414C
:1098D000C4F2851118F064F918F058FA0B2838BF53
:1098E0000746063709E0B6F83700728F642148430F
:1098F00002FB01F4002CC3D10B274420ADF8040077
:1099000000204AF25A588DF8060042F29810C8F228
:109910000528C2F20000694608220A23CDF800801B
:109920008DF8077007F03AFE96F87D00042847D3BB
:1099300096F8831096F88200090296F8842041EA8E
:10994000004096F8861096F885301044090296F883
:10995000872041EA03418C18E4B318F06BFA002128
:10996000C4F2C82118F0E2FA0546204618F062FA5F
:109970000146284618F014F90021044618F0AEF804
:109980004FF00B0738BB0025C4F2C82520462946F6
:1099900018F09DF800281CBF0024C4F2C8242846F3
:1099A000214618F0BFFB45F62941C4F2851118F095
:1099B000F7F818F0EBF90B2838BF074606370AE02E
:1099C000B6F87B00B6F87E206421484302FB01F420
:1099D000002CC2D10B274FF4E660ADF80400002044
:1099E0008DF8060042F29810C2F200006946082283
:1099F0000A23CDF800808DF8077007F0CFFD96F8A8
:109A0000C100042847D396F8C71096F8C60009028B
:109A100096F8C82041EA004096F8CA1096F8C93076
:109A20001044090296F8CB2041EA03418C18E4B3B4
:109A300018F000FA0021C4F2C82118F077FA0546A0
:109A4000204618F0F7F90146284618F0A9F8002139
:109A5000044618F043F84FF00B0638BB0025C4F25B
:109A6000C8252046294618F032F800281CBF0024DB
:109A7000C4F2C8242846214618F054FB45F6294173
:109A8000C4F2851118F08CF818F080F90B2838BF53
:109A9000064606360AE0B6F8BF00B6F8C2206421D2
:109AA000484302FB01F4002CC2D10B2641F23020C6
:109AB000ADF8040000208DF8060042F29810C2F2C2
:109AC0000000694608220A23CDF800808DF807605F
:109AD00007F064FD02B0BDE8F081000010B582B06F
:109AE00040F29620C2F2000000780B24B0B1642846
:109AF00028BF642018F09EF901460020C4F2C82057
:109B000018F010FB45F62941C4F2851118F048F809
:109B100018F03CF90B2838BF044606344AF25A5074
:109B2000C8F2052000903420ADF8040000208DF824
:109B3000060042F29810C2F20000694608220A2389
:109B40008DF8074007F02AFD02B010BD2DE9F0475F
:109B500084B040F2EF10C2F200000078012879D101
:109B600044F27D39C2F2000999F8000042F29814DB
:109B70000338B0FA80F0470940F200104AF25A5810
:109B80004BF2000AC0F20050C2F200040DF10205CF
:109B9000C8F20B28CAF25A5ACDF80A00002620460D
:109BA00029460E220A23CDF80280CDF806A08DF8B2
:109BB0000E608DF80F7007F0F1FC40F20010C0F25B
:109BC0000150CDF80A00204629460E220A23CDF87E
:109BD0000280CDF806A08DF80E608DF80F7007F0AA
:109BE000DDFC99F8440040F600610438B0FA80F0DA
:109BF0004009C0F20051CDF80A108DF80F00204640
:109C000029460E220A23CDF80280CDF806A08DF851
:109C10000E6007F0C3FC99F8880041F20051053846
:109C2000B0FA80F04009C0F20051CDF80A108DF86A
:109C30000F00204629460E220A23CDF80280CDF8D7
:109C400006A08DF80E6007F0A9FCCDF80280CDF8D3
:109C500006A05AE040F2001042F298144AF25A5814
:109C60004BF20007C0F20050C2F200040DF10205F1
:109C7000C8F20B28CAF25A57CDF80A00002620462F
:109C800029460E220A23CDF80280CDF80670ADF8E1
:109C90000E6007F083FC40F20010C0F20150CDF8D6
:109CA0000A00204629460E220A23CDF80280CDF86C
:109CB0000670ADF80E6007F071FC40F60060C0F26F
:109CC0000050CDF80A00204629460E220A23CDF87E
:109CD0000280CDF80670ADF80E6007F05FFC41F22F
:109CE0000050C0F20050CDF80A00204629460E224E
:109CF0000A23CDF80280CDF80670ADF80E6007F0AB
:109D00004DFCCDF80280CDF8067041F60000C0F29F
:109D10000050CDF80A00204629460E220A23ADF84D
:109D20000E6007F03BFC04B0BDE8F08710B584B0CE
:109D30004AF25A50C8F20720CDF806004FF600400C
:109D4000CAF6552042F29814CDF80A0045F65A207A
:109D5000C2F20004ADF80E000DF1060120460A2201
:109D60000A2307F01BFC4AF25A50C8F20420CDF82F
:109D700006004FF40240ADF80A0000208DF80C00F8
:109D80000DF10601204607220A2307F007FC04B064
:109D900010BD000010B584B04AF25A50C8F2072036
:109DA000CDF802004FF47C4042F29814ADF8060062
:109DB0000020C2F2000402900DF1020120460A22A6
:109DC0000A2307F0EBFB4AF25A50C8F20B20CDF8F9
:109DD00002004DF20040CAF25A50CDF8060040F29F
:109DE0000040CFF60260CDF80A004FF4C060ADF835
:109DF0000E000DF1020120460E220A2307F0CEFBD1
:109E00004AF25A50C8F20420CDF802004FF4024042
:109E1000ADF8060064208DF808000DF1020120461F
:109E200007220A2307F0BAFB04B010BD2DE9F04F5A
:109E300083B0A0B342F2944940F200084AF25A5A61
:109E400042F2981B071F6FF00104C0F60309C4F229
:109E50007A48C8F2052AC2F2000B01AE09EB0400F1
:109E6000458857F8040F414618F060F817F093FA48
:109E700017F08CFF290A8DF80810010A8DF80A10D6
:109E80008DF80B005846314608220A23CDF804A06D
:109E90008DF8095007F082FB02341E2CDED103B08E
:109EA000BDE8F08F10B582B04CF6CD41CBF64C61D9
:109EB000044617F013FE78B94CF6CD41C3F64C6159
:109EC000204617F004FE38B94AF25A50C8F205206D
:109ED00000901220019016E00021C4F220112046CB
:109EE00018F024F817F057FA17F050FF4AF25A51B9
:109EF000C8F2052100911221ADF80410010A8DF875
:109F000006108DF8070042F29810C2F20000694670
:109F100008220A2307F042FB02B010BD80B582B0D0
:109F200017F034FF4AF25A51C8F205210091152169
:109F3000ADF80410010A8DF8070042F298108DF870
:109F40000610C2F20000694608220A2307F026FB29
:109F500002B080BDB0B582B040F26825C2F2000503
:109F600028784AF25A5440F20151C8F20524ADF85B
:109F700004100021C00700948DF806100CBF1320B8
:109F800012208DF8070042F29810C2F200006946D4
:109F900008220A2307F002FB287840F20161ADF89D
:109FA00004100021800700948DF8061054BF132080
:109FB00012208DF8070042F29810C2F200006946A4
:109FC00008220A2307F0EAFA287840F20171ADF876
:109FD00004100021400700948DF8061054BF132090
:109FE00012208DF8070042F29810C2F20000694674
:109FF00008220A2307F0D2FA287840F60101ADF8CA
:10A0000004100021000700948DF8061054BF13209F
:10A0100012208DF8070042F29810C2F20000694643
:10A0200008220A2307F0BAFA287840F60111ADF8A1
:10A0300004100021C00600948DF8061054BF1320B0
:10A0400012208DF8070042F29810C2F20000694613
:10A0500008220A2307F0A2FA287841F20101ADF89C
:10A0600004100021800600948DF8061054BF1320C0
:10A0700012208DF8070042F29810C2F200006946E3
:10A0800008220A2307F08AFA287841F20111ADF874
:10A0900004100021400600948DF8061054BF1320D0
:10A0A00012208DF8070042F29810C2F200006946B3
:10A0B00008220A2307F072FA95F9000041F2012103
:10A0C000ADF8041000210094B0F1FF3F8DF80610A8
:10A0D000CCBF132012208DF8070042F29810C2F274
:10A0E0000000694608220A2307F058FA40F60040AB
:10A0F000C4F20100202104F017FC41F20131ADF857
:10A1000004100021009401288DF806100CBF1220C5
:10A1100013208DF8070042F29810C2F20000694641
:10A1200008220A2307F03AFA02B0B0BD80B582B027
:10A130000021C4F2201117F0F9FE17F02CF917F0E6
:10A1400025FE4AF25A51C8F2052100911021ADF8BE
:10A150000410010A8DF8070042F298108DF80610DD
:10A16000C2F20000694608220A2307F017FA02B07B
:10A1700080BD000080B582B017F00DF917F006FE23
:10A180004AF25A51C8F2052100911321ADF804108A
:10A19000010A8DF8070042F298108DF80610C2F2FD
:10A1A0000000694608220A2307F0F8F902B080BDD2
:10A1B00080B582B00021C4F2201117F0B7FE17F06D
:10A1C000EAF817F0E3FD4AF25A51C8F2052100916E
:10A1D0000621ADF80410010A8DF8070042F298102C
:10A1E0008DF80610C2F20000694608220A2307F023
:10A1F000D5F902B080BD000080B582B017F0CBF871
:10A2000017F0C4FD4AF25A51C8F20521009141F2FB
:10A210001001ADF80410010A8DF8070042F2981001
:10A220008DF80610C2F20000694608220A2307F0E2
:10A23000B5F902B080BD000080B582B017F0ABF870
:10A2400017F0A4FD4AF25A51C8F2052100911821D5
:10A25000ADF80410010A8DF8070042F298108DF84D
:10A260000610C2F20000694608220A2307F096F998
:10A2700002B080BD2DE9F04F83B044F27D30C2F2D0
:10A28000000042F2B44700244AF25A5B42F29819A5
:10A29000851E6FF00106C0F60307C4F27A44C8F2C7
:10A2A000052BC2F200090DF1040A00BFA88817F0BF
:10A2B000C1FDB919B1F80280214617F071FC2146A1
:10A2C00017F034FE17F067F817F060FD4FEA182119
:10A2D0008DF80810010A8DF80A108DF80B00484619
:10A2E000514608220A23CDF804B08DF8098007F002
:10A2F00055F902361E2E05F10205D7D142F2D44A95
:10A30000002442F2981944F27D374425C0F6030A2E
:10A31000C4F27A44C2F200090DF10408C2F2000747
:10A320007819408817F086FD0AEB050131F8446C76
:10A33000214617F035FC214617F0F8FD17F02BF8F1
:10A3400017F024FD310A8DF80810010A8DF80A1063
:10A350008DF80B004846414608220A23CDF804B088
:10A360008DF8096007F01AF90235642DD8D142F250
:10A37000F44A002442F298198825C0F6030AC4F270
:10A380007A44C2F200090DF1040800BF7819408830
:10A3900017F050FD0AEB050131F8886C214617F0E3
:10A3A000FFFB214617F0C2FD16F0F5FF17F0EEFC9B
:10A3B000310A8DF80810010A8DF80A108DF80B008B
:10A3C0004846414608220A23CDF804B08DF80960BA
:10A3D00007F0E4F80235A82DD8D103B0BDE8F08F1E
:10A3E0002DE9F04383B044F27D31C2F20001B1F9AE
:10A3F0003300B1F97740B1F9BB5017F003FD0026E7
:10A40000C4F2C826314617F0CBFB0746204617F0AA
:10A41000F9FC314617F0C4FB0446284617F0F2FC5D
:10A42000314617F0BDFB40F20009C4F22019804606
:10A430003846494617F07AFD16F0ADFF17F0A6FC36
:10A44000452142F298164AF25A55ADF80810010A11
:10A45000C2F2000601AFC8F205258DF80A108DF88A
:10A460000B003046394608220A23019507F096F87A
:10A470002046494617F05AFD16F08DFF17F086FC6E
:10A480004FF44C71ADF80810010A8DF80A108DF8E0
:10A490000B003046394608220A23019507F07EF862
:10A4A0004046494617F042FD16F075FF17F06EFC66
:10A4B00041F23011ADF80810010A8DF80A108DF83C
:10A4C0000B003046394608220A23019507F066F84A
:10A4D00003B0BDE8F0830000F0B583B044F27D36F0
:10A4E000C2F20006B08F462142F298144AF25A573F
:10A4F000ADF80810010AC2F2000401ADC8F2052748
:10A500008DF80A108DF80B002046294608220A23F0
:10A51000019707F043F8B6F880004FF4A661ADF854
:10A520000810010A8DF80A108DF80B002046294604
:10A5300008220A23019707F031F8B6F8C40041F267
:10A540003041ADF80810010A8DF80A108DF80B00A3
:10A550002046294608220A23019707F01FF803B076
:10A56000F0BD00002DE9F04383B044F27D34C2F227
:10A570000004B4F8350017F05DFC0025C4F27A45FC
:10A58000294617F00DFBB4F879100646084617F077
:10A5900051FC294617F004FBB4F8BD1004460846E8
:10A5A00017F048FC294617F0FBFA40F20009C4F204
:10A5B000201980463046494617F0B8FC16F0EBFEED
:10A5C00017F0E4FB402142F298164AF25A55ADF8D2
:10A5D0000810010AC2F2000601AFC8F205258DF885
:10A5E0000A108DF80B003046394608220A230195DF
:10A5F00006F0D4FF2046494617F098FC16F0CBFE33
:10A6000017F0C4FB4FF49871ADF80810010A8DF8EB
:10A610000A108DF80B003046394608220A230195AE
:10A6200006F0BCFF4046494617F080FC16F0B3FE2A
:10A6300017F0ACFB4FF40361ADF80810010A8DF878
:10A640000A108DF80B003046394608220A2301957E
:10A6500006F0A4FF03B0BDE8F0830000B0B582B0FF
:10A6600044F27D34C2F2000494F8390004280AD37D
:10A6700094F83F1094F83E0094F84020090241EA13
:10A680000040104403E0B4F837006421484317F059
:10A69000D1FB0021C4F27A4117F082FA16F07BFE5A
:10A6A00017F074FB41214AF25A55ADF80410010A23
:10A6B0008DF8070042F29810C8F205258DF80610B3
:10A6C000C2F20000694608220A23009506F066FFE0
:10A6D00094F87D0004280AD394F8831094F882003B
:10A6E00094F88420090241EA0040104403E0B4F8E1
:10A6F0007B006421484317F09DFB0021C4F27A419E
:10A7000017F04EFA16F047FE17F040FB4FF4866143
:10A71000ADF80410010A8DF8070042F298108DF888
:10A720000610C2F20000694608220A23009506F0CE
:10A7300035FF94F8C10004280AD394F8C71094F8A0
:10A74000C60094F8C820090241EA0040104403E022
:10A75000B4F8BF006421484317F06CFB0021C4F239
:10A760007A4117F01DFA16F016FE17F00FFB41F2B2
:10A770003031ADF80410010A8DF8070042F298104C
:10A780008DF80610C2F20000694608220A230095DF
:10A7900006F004FF02B0B0BD70B582B044F27D3562
:10A7A000C2F2000595F8390004280AD395F83F1045
:10A7B00095F83E0095F84020090241EA0040104417
:10A7C00003E0B5F837006421484317F033FB002459
:10A7D000C4F27A44214617F0E3F94CF6CD41C4F2B5
:10A7E0004C2117F0A3FB214617F0DAF90021C4F23F
:10A7F000201117F09BFB16F0CEFD17F0C7FA4FF4AF
:10A8000041514AF25A56ADF80410010A8DF807007A
:10A8100042F29810C8F205268DF80610C2F2000028
:10A82000694608220A23009606F0B8FE95F87D00D6
:10A8300004280AD395F8831095F8820095F88420AF
:10A84000090241EA0040104403E0B5F87B006421AE
:10A85000484317F0EFFA0024C4F27A44214617F077
:10A860009FF94CF6CD41C4F24C2117F05FFB214615
:10A8700017F096F90021C4F2201117F057FB16F0DB
:10A880008AFD17F083FA4FF44471ADF80410010A01
:10A890008DF8070042F298108DF80610C2F2000001
:10A8A000694608220A23009606F078FE95F8C10052
:10A8B00004280AD395F8C71095F8C60095F8C82063
:10A8C000090241EA0040104403E0B5F8BF006421EA
:10A8D000484317F0AFFA0024C4F27A44214617F037
:10A8E0005FF94CF6CD41C4F24C2117F01FFB214615
:10A8F00017F056F90021C4F2201117F017FB16F0DB
:10A900004AFD17F043FA4FF4C261ADF80410010A92
:10A910008DF8070042F298108DF80610C2F2000080
:10A92000694608220A23009606F038FE02B070BD80
:10A93000F0B583B044F27D36C2F2000696F83900D5
:10A94000042824D396F8422096F83F1096F8413018
:10A9500096F83E00120242EA034296F8433096F817
:10A960004070090241EA0040D4183844CCB117F0D5
:10A9700061FA0021C4F2C82117F0D8FA0546204632
:10A9800017F058FA0146284617F00AF90AE0708FC6
:10A99000B6F83720642100FB01F402FB01F0002C23
:10A9A000E5D1002016F0F7FC17F0F0F943214AF248
:10A9B0005A57ADF80810010A8DF80B0042F29810B2
:10A9C000C8F205278DF80A10C2F2000001A908227A
:10A9D0000A23019706F0E2FD96F87D00042824D3AF
:10A9E00096F8862096F8831096F8853096F88200BF
:10A9F000120242EA034296F8873096F88450090220
:10AA000041EA0040D4182844D4B117F013FA0021C9
:10AA1000C4F2C82117F08AFA0546204617F00AFA50
:10AA20000146284617F0BCF80BE0B6F87E00B6F8F1
:10AA30007B20642100FB01F402FB01F0002CE4D137
:10AA4000002016F0A8FC17F0A1F94FF40C71ADF836
:10AA50000810010A8DF80B0042F298108DF80A10C8
:10AA6000C2F2000001A908220A23019706F096FD10
:10AA700096F8C100042824D396F8C71096F8CA3077
:10AA800096F8C60096F8C95096F8C8201B0296F8AA
:10AA9000CB60090243EA054341EA00409C19104497
:10AAA000D4B117F0C7F90021C4F2C82117F03EFA5B
:10AAB0000546204617F0BEF90146284617F070F803
:10AAC0000BE0B6F8C200B6F8BF20642100FB01F429
:10AAD00002FB01F0002CE4D1002016F05CFC17F022
:10AAE00055F941F23051ADF80810010A8DF80B000C
:10AAF00042F298108DF80A10C2F2000001A9082253
:10AB00000A23019706F04AFD03B0F0BDB0B582B04C
:10AB100044F27D34C2F2000494F8390004280AD3C8
:10AB200094F8421094F8410094F84320090241EA55
:10AB30000040104402E0608F6421484317F07AF926
:10AB40000021C4F2C82117F0F1F945F20021C4F642
:10AB5000990117F025F816F01EFC17F017F942219D
:10AB60004AF25A55ADF80410010A8DF8070042F276
:10AB70009810C8F205258DF80610C2F2000069464B
:10AB800008220A23009506F009FD94F87D000428A8
:10AB90000AD394F8861094F8850094F88720090267
:10ABA00041EA0040104403E0B4F87E0064214843C9
:10ABB00017F040F90021C4F2C82117F0B7F945F2A7
:10ABC0000021C4F6990116F0EBFF16F0E4FB17F034
:10ABD000DDF84FF4C661ADF80410010A8DF80700E6
:10ABE00042F298108DF80610C2F200006946082261
:10ABF0000A23009506F0D2FC94F8C10004280AD379
:10AC000094F8CA1094F8C90094F8CB20090241EADC
:10AC10000040104403E0B4F8C2006421484317F038
:10AC200009F90021C4F2C82117F080F945F200218A
:10AC3000C4F6990116F0B4FF16F0ADFB17F0A6F8B4
:10AC40004FF41361ADF80410010A8DF8070042F2C9
:10AC500098108DF80610C2F20000694608220A23F7
:10AC6000009506F09BFC02B0B0BD00002DE9F0435A
:10AC700083B044F27D38C2F20008B8F9230017F01F
:10AC8000C1F840F20009C4F22019494616F088FFC5
:10AC900048F6CD45CCF28835294616F0A1FE16F0CF
:10ACA0007AFB17F073F84FF4825142F298164AF289
:10ACB0005A54ADF80810010AC2F2000601AFC8F2FA
:10ACC00005248DF80A108DF80B003046394608220D
:10ACD0000A23019406F062FCB8F9670017F092F8B5
:10ACE000494616F05DFF294616F07AFE16F053FB32
:10ACF00017F04CF84FF48871ADF80810010A8DF880
:10AD00000A108DF80B003046394608220A230194B8
:10AD100006F044FCB8F9AB0017F074F8494616F099
:10AD20003FFF294616F05CFE16F035FB17F02EF8B3
:10AD30004FF48261ADF80810010A8DF80A108DF801
:10AD40000B003046394608220A23019406F026FCFF
:10AD500003B0BDE8F083000080B582B040F29A20D5
:10AD6000C2F200004AF25A510088C8F2052100914F
:10AD70003621ADF80410010A8DF8070042F2981050
:10AD80008DF80610C2F20000694608220A2306F078
:10AD900005FC02B080BD000080B582B040F2962074
:10ADA000C2F200004AF25A510088C8F2052100910F
:10ADB0003321ADF80410010A8DF8070042F2981013
:10ADC0008DF80610C2F20000694608220A2306F038
:10ADD000E5FB02B080BD000080B582B040F2982053
:10ADE000C2F200004AF25A510088C8F205210091CF
:10ADF0003221ADF80410010A8DF8070042F29810D4
:10AE00008DF80610C2F20000694608220A2306F0F7
:10AE1000C5FB02B080BD000070B582B040F22430A6
:10AE2000C2F2000000680021C4F27A4117F07EF8F7
:10AE300040F2D606C2F20006317844F27D3504466F
:10AE4000C2F20005C9B195F8390004280AD395F873
:10AE50003F1095F83E0095F84020090241EA004075
:10AE6000104403E0B5F837006421484316F0E2FFD0
:10AE70000146204616F0B4FD04467078C8B195F836
:10AE80007D0003280AD995F8831095F8820095F87B
:10AE90008420090241EA0040104403E0B5F87B0039
:10AEA0006421484316F0C6FF0146204616F098FD7F
:10AEB0000446B078C8B195F8C10003280AD995F8BE
:10AEC000C71095F8C60095F8C820090241EA00406D
:10AED000104403E0B5F8BF006421484316F0AAFF10
:10AEE0000146204616F07CFD04460021C4F27A415A
:10AEF000204616F055FE16F04EFA16F047FF4AF2BD
:10AF00005A51C8F2052100913121ADF80410010A0F
:10AF10008DF8070042F298108DF80610C2F200007A
:10AF2000694608220A2306F039FB02B070BD000012
:10AF300070B582B040F2D60640F22430C2F200066C
:10AF4000C2F200003178046844F27D35C2F2000597
:10AF5000F1B195F8390004280AD395F83F1095F817
:10AF60003E0095F84020090241EA0040104403E009
:10AF7000B5F837006421484316F05CFF0021C4F2A5
:10AF80007A4116F00DFE0146204616F029FD0446D2
:10AF90007078F0B195F87D0003280AD995F88310F0
:10AFA00095F8820095F88420090241EA0040104497
:10AFB00003E0B5F87B006421484316F03BFF002115
:10AFC000C4F27A4116F0ECFD0146204616F008FD69
:10AFD0000446B078F0B195F8C10003280AD995F875
:10AFE000C71095F8C60095F8C820090241EA00404C
:10AFF000104403E0B5F8BF006421484316F01AFF7F
:10B000000021C4F27A4116F0CBFD0146204616F02D
:10B01000E7FC04464CF6CD41C4F24C21204616F024
:10B0200085FF0021C4F27A4116F0BAFD0021C4F276
:10B03000201116F07BFF16F0AEF916F0A7FE4AF2CB
:10B040005A51C8F20521009143F23001ADF80410C5
:10B05000010A8DF8070042F298108DF80610C2F22E
:10B060000000694608220A2306F098FA02B070BD73
:10B0700080B582B040F2A040C2F20000006816F035
:10B080008AF916F083FE4AF25A51C8F2052100915E
:10B0900041F23001ADF80410010A8DF8070042F2C8
:10B0A00098108DF80610C2F20000694608220A23A3
:10B0B00006F074FA02B080BD80B582B040F2EC2098
:10B0C000C2F20000006816F09DFE0021C4F2C82103
:10B0D00016F066FD0021C4F2201116F027FF16F0CD
:10B0E0005AF916F053FE4AF25A51C8F2052100915E
:10B0F0003521ADF80410010A8DF8070042F29810CE
:10B100008DF80610C2F20000694608220A2306F0F4
:10B1100045FA02B080BD000080B582B040F28C20BC
:10B12000C2F20000008816F085FE0021C4F27A41C8
:10B1300016F036FD0021C4F2201116F0F7FE16F0CD
:10B140002AF916F023FE4AF25A51C8F2052100915D
:10B150003021ADF80410010A8DF8070042F2981072
:10B160008DF80610C2F20000694608220A2306F094
:10B1700015FA02B080BD000080B582B016F00BF960
:10B1800016F004FE4AF25A51C8F20521009111212D
:10B19000ADF80410010A8DF8070042F298108DF8FE
:10B1A0000610C2F20000694608220A2306F0F6F9EA
:10B1B00002B080BD80B582B00021C4F2201116F02B
:10B1C000B5FE16F0E8F816F0E1FD4AF25A51C8F261
:10B1D0000521009140F21111ADF80410010A8DF81B
:10B1E000070042F298108DF80610C2F2000069467E
:10B1F00008220A2306F0D2F902B080BD80B582B0E1
:10B200000021C4F2201116F091FE16F0C4F816F0D9
:10B21000BDFD4AF25A51C8F20521009140F21121B8
:10B22000ADF80410010A8DF8070042F298108DF86D
:10B230000610C2F20000694608220A2306F0AEF9A1
:10B2400002B080BD80B582B00021C4F2201116F09A
:10B250006DFE16F0A0F816F099FD4AF25A51C8F2A8
:10B260000521009140F21131ADF80410010A8DF86A
:10B27000070042F298108DF80610C2F200006946ED
:10B2800008220A2306F08AF902B080BD80B582B098
:10B290000021C4F2201116F049FE16F07CF816F0D9
:10B2A00075FD4AF25A51C8F20521009140F2114150
:10B2B000ADF80410010A8DF8070042F298108DF8DD
:10B2C0000610C2F20000694608220A2306F066F959
:10B2D00002B080BD80B582B00021C4F2201116F00A
:10B2E00025FE16F058F816F051FD4AF25A51C8F2F0
:10B2F0000521009140F21171ADF80410010A8DF89A
:10B30000070042F298108DF80610C2F2000069465C
:10B3100008220A2306F042F902B080BD80B582B04F
:10B320000021C4F2201116F001FE16F034F816F0D8
:10B330002DFD4AF25A51C8F20521009140F6110143
:10B34000ADF80410010A8DF8070042F298108DF84C
:10B350000610C2F20000694608220A2306F01EF910
:10B3600002B080BD80B582B00021C4F2201116F079
:10B37000DDFD16F010F816F009FD4AF25A51C8F238
:10B380000521009140F21151ADF80410010A8DF829
:10B39000070042F298108DF80610C2F200006946CC
:10B3A00008220A2306F0FAF802B080BD80B582B008
:10B3B0000021C4F2201116F0B9FD15F0ECFF16F0D3
:10B3C000E5FC4AF25A51C8F20521009140F21161A0
:10B3D000ADF80410010A8DF8070042F298108DF8BC
:10B3E0000610C2F20000694608220A2306F0D6F8C9
:10B3F00002B080BD2DE9F04182B00446807842F26F
:10B4000098154AF25A58C2F200056E46C8F205284D
:10B4100000278DF807002846314608220A23CDF878
:10B420000080ADF804708DF8067006F0B7F860780B
:10B430000121ADF804108DF8070028463146082296
:10B440000A23CDF800808DF8067006F0A7F8207961
:10B450000221ADF804108DF8070028463146082275
:10B460000A23CDF800808DF8067006F097F8607911
:10B470000321ADF804108DF8070028463146082254
:10B480000A23CDF800808DF8067006F087F8A079C1
:10B49000042100F5FA60ADF80410010A8DF80610D9
:10B4A0008DF807002846314608220A23CDF800808F
:10B4B00006F074F802B0BDE8F0810000F0B583B08A
:10B4C00000210446002616F009FB052700284FF04E
:10B4D00005001AD10025C4F2C8252046294616F0D9
:10B4E000F6FA00281CBF0024C4F2C82428462146CE
:10B4F00016F018FE45F62941C4F2851116F050FBEE
:10B5000016F044FC052828BF38464AF25A51C8F2C2
:10B5100005218DF80B0042F298100191C2F2000053
:10B5200001A908220A23ADF808708DF80A6006F018
:10B5300035F803B0F0BD0000F0B583B044F27D36BD
:10B54000C2F2000696F8390004283FD396F842204C
:10B5500096F83F1096F8413096F83E00120242EA03
:10B56000034296F8433096F84070090241EA0040E1
:10B57000D4183844A4B316F05DFC0021C4F2C821ED
:10B5800016F0D4FC0546204616F054FC0146284629
:10B5900016F006FB16F0FAFB4FF0050408B364281A
:10B5A00028BF642016F046FC01460020C4F2C820E3
:10B5B00016F0B8FD45F62941C4F2851116F0F0FAEF
:10B5C00016F0E4FB052838BF04460AE0708FB6F891
:10B5D0003720642100FB01F402FB01F0002CCAD1EA
:10B5E00005244FF40150ADF8080000204AF25A57E4
:10B5F0008DF80A0042F29810C8F20527C2F2000046
:10B6000001A908220A2301978DF80B4005F0C6FF17
:10B6100096F87D0004283FD396F8862096F883108C
:10B6200096F8853096F88200120242EA034296F8B4
:10B63000873096F88450090241EA0040D418284423
:10B64000ACB316F0F7FB0021C4F2C82116F06EFC73
:10B650000546204616F0EEFB0146284616F0A0FAF5
:10B6600016F094FB4FF0050410B3642828BF642043
:10B6700016F0E0FB01460020C4F2C82016F052FD8F
:10B6800045F62941C4F2851116F08AFA16F07EFBC0
:10B69000052838BF04460BE0B6F87E00B6F87B20DC
:10B6A000642100FB01F402FB01F0002CC9D1052448
:10B6B0004FF40470ADF8080000208DF80A0042F243
:10B6C0009810C2F2000001A908220A2301978DF800
:10B6D0000B4005F063FF96F8C10004283FD396F8AD
:10B6E000C71096F8CA3096F8C60096F8C95096F872
:10B6F000C8201B0296F8CB60090243EA054341EAE1
:10B7000000409C191044ACB316F094FB0021C4F225
:10B71000C82116F00BFC0546204616F08BFB0146AF
:10B72000284616F03DFA16F031FB4FF0050410B331
:10B73000642828BF642016F07DFB01460020C4F277
:10B74000C82016F0EFFC45F62941C4F2851116F029
:10B7500027FA16F01BFB052838BF04460BE0B6F8A5
:10B76000C200B6F8BF20642100FB01F402FB01F027
:10B77000002CC9D105244FF4A260ADF808000020C8
:10B780008DF80A0042F29810C2F2000001A90822C6
:10B790000A2301978DF80B4005F000FF03B0F0BDC0
:10B7A00010B582B040F29620C2F200000078052465
:10B7B000A8B1642828BF642016F03CFB0146002095
:10B7C000C4F2C82016F0AEFC45F62941C4F285113A
:10B7D00016F0E6F916F0DAFA052838BF04464AF200
:10B7E0005A50C8F20520009042F23000ADF8040033
:10B7F00000208DF8060042F29810C2F2000069465F
:10B8000008220A238DF8074005F0C8FE02B010BDDB
:10B8100070B582B040F2EF10C2F20000007801284B
:10B8200021D140F2D600C2F200000178427880783F
:10B830001143084340F2F410C2F2000000784AF2CB
:10B840005A5641F21821C8F20526ADF804104FF0FF
:10B85000000100968DF8061020D102281ED2142077
:10B860008DF8070009E04AF25A5641F21820C8F252
:10B870000526C1F200400096019042F29814C2F2EF
:10B8800000046D462046294608220A2305F086FE5C
:10B8900041F21830C1F20040009612E042F29814D2
:10B8A0001620C2F200046D468DF807002046294696
:10B8B00008220A2305F072FE41F218300096C1F208
:10B8C000007001902046294608220A2305F066FEF2
:10B8D00002B070BD2DE9F04383B040F24419C2F2CA
:10B8E000000999F800004AF25A57C8F2052740F2B9
:10B8F0001911002600284FF00E0042F2981401970B
:10B90000ADF808108DF80A6008BF0F20C2F20004DD
:10B9100001AD8DF80B002046294608220A234FF07E
:10B920000E0805F03BFE99F8010040F219210028AD
:10B930004FF00E000197ADF808108DF80A6008BFAF
:10B940000F208DF80B002046294608220A2305F017
:10B9500025FE99F8020040F2193100284FF00E0040
:10B960000197ADF808108DF80A6008BF0F208DF818
:10B970000B002046294608220A2305F00FFE99F8FD
:10B98000030040F2194100284FF00E000197ADF876
:10B9900008108DF80A6008BF0F208DF80B002046B4
:10B9A000294608220A2305F0F9FD99F8040040F21F
:10B9B000195100284FF00E000197ADF808108DF8CE
:10B9C0000A6008BF0F208DF80B0020462946082288
:10B9D0000A2305F0E3FD99F8050040F219610028FB
:10B9E0004FF00E000197ADF808108DF80A6008BFFF
:10B9F0000F208DF80B002046294608220A2305F067
:10BA0000CDFD99F8060040F2197100284FF00E00A4
:10BA10000197ADF808108DF80A6008BF0F208DF867
:10BA20000B002046294608220A2305F0B7FD99F8A5
:10BA3000070040F6190100284FF00E000197ADF8FD
:10BA400008108DF80A6008BF0F208DF80B00204603
:10BA5000294608220A2305F0A1FD99F8080040F6BE
:10BA6000191100284FF00E000197ADF808108DF85D
:10BA70000A6008BF0F208DF80B00204629460822D7
:10BA80000A2305F08BFD99F8090041F219010028FD
:10BA90004FF00E000197ADF808108DF80A6008BF4E
:10BAA0000F208DF80B002046294608220A2305F0B6
:10BAB00075FD99F80A0041F2191100284FF00E00A7
:10BAC0000197ADF808108DF80A6008BF0F208DF8B7
:10BAD0000B002046294608220A2305F05FFD99F84D
:10BAE0000B0041F2192100284FF00E000197ADF82C
:10BAF00008108DF80A6008BF0F208DF80B00204653
:10BB0000294608220A2305F049FD99F80D0041F263
:10BB1000193100284FF00E000197ADF808108DF88C
:10BB20000A6008BF0F208DF80B0020462946082226
:10BB30000A2305F033FD99F80C0041F21941002861
:10BB40004FF00E000197ADF808108DF80A6008BF9D
:10BB50000F208DF80B002046294608220A2305F005
:10BB60001DFD99F80E0041F21951ADF8081000289A
:10BB7000204629464FF008024FF00A0301978DF83E
:10BB80000A6008BF4FF00F088DF80B8005F006FD26
:10BB900003B0BDE8F083000080B582B040F24410ED
:10BBA000C2F2000001784278837890F803C0114314
:10BBB0001943027941EA0C01114342798379114317
:10BBC000C2791943037A1143427A1943837A1143A4
:10BBD000C27A1943037B1143427B1943807B114393
:10BBE00008434AF25A50C8F2052000904FF019005D
:10BBF000ADF804004FF000008DF8060014BF0D20D2
:10BC00000C208DF8070042F29810C2F2000069463D
:10BC100008220A2305F0C2FC02B080BD80B582B0C4
:10BC200040F248204AF25A51C2F20000C8F20521FF
:10BC3000007800911421ADF80410002100288DF83F
:10BC4000061014BF112010208DF8070042F2981042
:10BC5000C2F20000694608220A2305F09FFC02B0E8
:10BC600080BD00002DE9F04383B0FAF7A7FF40F252
:10BC70003120C2F2000000784AF25A57C8F2052774
:10BC800041F20161002600284FF0120042F29814A0
:10BC90000197ADF808108DF80A6008BF1320C2F2B2
:10BCA000000401AD8DF80B002046294608220A2326
:10BCB0004FF0120805F072FC40F24020C2F2000082
:10BCC000007841F2017100284FF012000197ADF8A1
:10BCD00008108DF80A6008BF13208DF80B0020466D
:10BCE000294608220A2305F059FC40F23220C2F20C
:10BCF0000000007841F6010100284FF01200019782
:10BD0000ADF808108DF80A6008BF13208DF80B00FD
:10BD10002046294608220A2305F040FC40F2412033
:10BD2000C2F20000007841F6011100284FF0120025
:10BD30000197ADF808108DF80A6008BF13208DF840
:10BD40000B002046294608220A2305F027FC40F272
:10BD50003320C2F20000007842F2010100284FF0C7
:10BD600012000197ADF808108DF80A6008BF132083
:10BD70008DF80B002046294608220A2305F00EFC08
:10BD800040F23420C2F20000007842F20111002893
:10BD90004FF012000197ADF808108DF80A6008BF47
:10BDA00013208DF80B002046294608220A2305F0AF
:10BDB000F5FB40F24220C2F20000007842F201217D
:10BDC00000284FF012000197ADF808108DF80A60B6
:10BDD00008BF13208DF80B002046294608220A23AD
:10BDE00005F0DCFB40F23520C2F20000007842F2A0
:10BDF000013100284FF012000197ADF808108DF8BE
:10BE00000A6008BF13208DF80B002046294608223F
:10BE10000A2305F0C3FB40F24320C2F20000007881
:10BE200042F2014100284FF012000197ADF80810CE
:10BE30008DF80A6008BF13208DF80B0020462946B4
:10BE400008220A2305F0AAFB40F23620C2F20000C5
:10BE5000007842F2015100284FF012000197ADF82E
:10BE600008108DF80A6008BF13208DF80B002046DB
:10BE7000294608220A2305F091FB40F23720C2F23E
:10BE80000000007842F2016100284FF01200019793
:10BE9000ADF808108DF80A6008BF13208DF80B006C
:10BEA0002046294608220A2305F078FB40F2442068
:10BEB000C2F20000007842F2017100284FF0120037
:10BEC0000197ADF808108DF80A6008BF13208DF8AF
:10BED0000B002046294608220A2305F05FFB40F2AA
:10BEE0003820C2F20000007842F6010100284FF02D
:10BEF00012000197ADF808108DF80A6008BF1320F2
:10BF00008DF80B002046294608220A2305F046FB3F
:10BF100040F24529C2F2000999F8000042F60111E9
:10BF200000284FF012000197ADF808108DF80A6054
:10BF300008BF13208DF80B002046294608220A234B
:10BF400005F02CFB40F23920C2F20000007843F2E9
:10BF5000010100284FF012000197ADF808108DF88C
:10BF60000A6008BF13208DF80B00204629460822DE
:10BF70000A2305F013FB40F23A20C2F200000078D9
:10BF800043F2011100284FF012000197ADF808109C
:10BF90008DF80A6008BF13208DF80B002046294653
:10BFA00008220A2305F0FAFA99F8000043F2012169
:10BFB00000284FF012000197ADF808108DF80A60C4
:10BFC00008BF13208DF80B002046294608220A23BB
:10BFD00005F0E4FA40F23B20C2F20000007843F2A0
:10BFE000013100284FF012000197ADF808108DF8CC
:10BFF0000A6008BF13208DF80B002046294608224E
:10C000000A2305F0CBFA40F23C20C2F2000000788F
:10C0100043F2014100284FF012000197ADF80810DB
:10C020008DF80A6008BF13208DF80B0020462946C2
:10C0300008220A2305F0B2FA40F23D20C2F20000C5
:10C04000007843F2015100284FF012000197ADF83B
:10C0500008108DF80A6008BF13208DF80B002046E9
:10C06000294608220A2305F099FA40F23E20C2F23E
:10C070000000007843F2016100284FF012000197A0
:10C08000ADF808108DF80A6008BF13208DF80B007A
:10C090002046294608220A2305F080FA40F23F2074
:10C0A000C2F20000007843F20171ADF808100028D8
:10C0B000204629464FF008024FF00A0301978DF8F9
:10C0C0000A6008BF4FF013088DF80B8005F066FA80
:10C0D00003B0BDE8F083000080B582B0FAF76EFDD2
:10C0E00040F2472040F26F21C2F20000C2F200018C
:10C0F00040F2702200780978C2F2000212780843F8
:10C1000040F271211043C2F2000140F2722209781C
:10C11000C2F200021278084310434AF25A50C8F2A1
:10C120000520009041F20150ADF804004FF00000EE
:10C130008DF8060014BF122013208DF8070042F27C
:10C140009810C2F20000694608220A2305F026FA78
:10C1500002B080BD2DE9F04182B040F21E20C2F253
:10C16000000000784AF25A57C8F205274FF48A7146
:10C17000002600284FF0120042F298140097ADF804
:10C1800004108DF8066008BF1320C2F200046D464B
:10C190008DF807002046294608220A234FF012088E
:10C1A00005F0FCF940F21F20C2F2000000784FF4C5
:10C1B000057100284FF012000097ADF804108DF8BB
:10C1C000066008BF13208DF8070020462946082284
:10C1D0000A2305F0E3F940F22020C2F200000078C3
:10C1E0004FF4457100284FF012000097ADF804108D
:10C1F0008DF8066008BF13208DF8070020462946F9
:10C2000008220A2305F0CAF940F22220C2F20000F7
:10C21000007840F2144100284FF012000097ADF86A
:10C2200004108DF8066008BF13208DF80700204623
:10C23000294608220A2305F0B1F940F22320C2F270
:10C240000000007840F2145100284FF012000097CF
:10C25000ADF804108DF8066008BF13208DF80700B4
:10C260002046294608220A2305F098F940F22A20A0
:10C27000C2F20000007840F2146100284FF0120072
:10C280000097ADF804108DF8066008BF13208DF8F4
:10C2900007002046294608220A2305F07FF940F2CC
:10C2A0002920C2F20000007840F2147100284FF0FB
:10C2B00012000097ADF804108DF8066008BF132037
:10C2C0008DF807002046294608220A2305F066F962
:10C2D00040F22820C2F20000007840F61401002845
:10C2E0004FF012000097ADF804108DF8066008BFFB
:10C2F00013208DF807002046294608220A2305F05E
:10C300004DF940F22720C2F20000007840F61411E7
:10C3100000284FF012000097ADF804108DF8066069
:10C3200008BF13208DF807002046294608220A235B
:10C3300005F034F940F22620C2F20000007841F204
:10C34000140100284FF012000097ADF804108DF88A
:10C35000066008BF13208DF80700204629460822F2
:10C360000A2305F01BF940F22520C2F200000078F4
:10C3700041F2141100284FF012000097ADF804109C
:10C380008DF8066008BF13208DF807002046294667
:10C3900008220A2305F002F940F22420C2F200002C
:10C3A000007841F2142100284FF012000097ADF8F8
:10C3B00004108DF8066008BF13208DF80700204692
:10C3C000294608220A2305F0E9F840F22E20C2F29D
:10C3D0000000007841F2143100284FF0120000975D
:10C3E000ADF804108DF8066008BF13208DF8070023
:10C3F0002046294608220A2305F0D0F840F22D20D5
:10C40000C2F20000007841F2144100284FF01200FF
:10C410000097ADF804108DF8066008BF13208DF862
:10C4200007002046294608220A2305F0B7F840F203
:10C430002C20C2F20000007841F21451ADF8041033
:10C440000028204629464FF008024FF00A030097C3
:10C450008DF8066008BF4FF013088DF8078005F0CF
:10C460009DF802B0BDE8F08180B582B040F2212095
:10C4700040F23021C2F20000C2F2000100780978D7
:10C4800040F22B22084340F22F21C2F2000109782A
:10C49000C2F200021278084310434AF25A50C8F21E
:10C4A0000520009041F20140ADF804004FF000007B
:10C4B0008DF8060014BF122013208DF8070042F2F9
:10C4C0009810C2F20000694608220A2305F066F8B7
:10C4D00002B080BD704700004FF4004002F020B968
:10C4E00082B041F20044C4F201044AF22015204611
:10C4F0004FF40061C0F2070502F01CFA0026019615
:10C500000198A84217DA0198013001900198A842D9
:10C5100011DA0198013001900198A8420BDA0198D4
:10C52000013001900198A84205DA0198013001908C
:10C530000198A842E7DB20464FF4006102F0FAF9C7
:10C5400001960198A84217DA0198013001900198EC
:10C55000A84211DA0198013001900198A8420BDA43
:10C560000198013001900198A84205DA0198013044
:10C5700001900198A842E7DB20464FF4006102F0E9
:10C58000D9F9002601960198A84217DA01980130DE
:10C5900001900198A84211DA0198013001900198A8
:10C5A000A8420BDA0198013001900198A84205DAFF
:10C5B0000198013001900198A842E7DB20464FF432
:10C5C000006102F0B7F901960198A84217DA0198C4
:10C5D000013001900198A84211DA019801300190D0
:10C5E0000198A8420BDA0198013001900198A84205
:10C5F00005DA0198013001900198A842E7DB204656
:10C600004FF4006102F096F9002601960198A842C5
:10C6100017DA0198013001900198A84211DA0198C7
:10C62000013001900198A8420BDA01980130019085
:10C630000198A84205DA0198013001900198A842BA
:10C64000E7DB20464FF4006102F074F9019601988F
:10C65000A84217DA0198013001900198A84211DA36
:10C660000198013001900198A8420BDA019801303D
:10C6700001900198A84205DA0198013001900198D3
:10C68000A842E7DB20464FF4006102F053F9002690
:10C6900001960198A84217DA01980130019001989B
:10C6A000A84211DA0198013001900198A8420BDAF2
:10C6B0000198013001900198A84205DA01980130F3
:10C6C00001900198A842E7DB20464FF4006102F098
:10C6D00031F901960198A84217DA019801300190CA
:10C6E0000198A84211DA0198013001900198A842FE
:10C6F0000BDA0198013001900198A84205DA0198FF
:10C70000013001900198A842E7DB20464FF4006118
:10C7100002F010F9002601960198A84217DA019854
:10C72000013001900198A84211DA0198013001907E
:10C730000198A8420BDA0198013001900198A842B3
:10C7400005DA0198013001900198A842E7DB204604
:10C750004FF4006102F0EEF801960198A84217DA52
:10C760000198013001900198A84211DA0198013036
:10C7700001900198A8420BDA0198013001900198CC
:10C78000A84205DA0198013001900198A842E7DB40
:10C790000AF0F6FF70B542F20C060446C4F2020637
:10C7A00002F0D6F83168C90717D13068800644BF57
:10C7B000202030603068C00607D43069C00704D13B
:10C7C000306840075CBF002070BD3068C00620D4D0
:10C7D00000203168490728D431E0002C44D00546B8
:10C7E000601C0DD13068C007DFD03068C0071CBFA7
:10C7F00030685FEAC070D8D03068C007F2D1D4E7A3
:10C8000002F0A6F8401BA0422ED83068C007F7D12E
:10C81000CBE742F27040C2F20000C16941F0020170
:10C82000C16110203168490709D542F27041C2F256
:10C830000001CA6940F0040042F00102CA61316996
:10C84000C90702D13060012070BD42F27041C2F2CE
:10C850000001CA6942F00402CA61316921F0010194
:10C8600031613060012070BD032070BDF0B585B02E
:10C8700040F2E834C2F20004054620460E4602F0BB
:10C880008FFC204602F08CFC68054FF0010402D0BA
:10C89000204605B0F0BDF70A700518BF04EBD62797
:10C8A00001F042FE40F2E830C2F2000002F078FCF3
:10C8B00042F20C00C4F20200342101600020019019
:10C8C00001A86946CDE9035701F048FD20B101F008
:10C8D000BDFD204605B0F0BD40F2E830C2F20000D8
:10C8E00002F05EFC002401F0B1FD204605B0F0BD71
:10C8F0002DE9F047814600F17840000B7E284FF08B
:10C90000010733D888464FF2000102EB0900C0F658
:10C9100007019246884229D801F006FEBAF1000FBD
:10C920001FD00024012700BF611C18F804005145E6
:10C9300006D208EB0401497840EA012502E000BF75
:10C9400000F57F4509EB0406012031462A46002305
:10C9500001F086FD40B93088A84204D10234544524
:10C96000E2D3002700E0012701F070FD3846BDE862
:10C97000F08700002DE9F04186B0054640054FF0F4
:10C98000010603D0304606B0BDE8F0810C4601F048
:10C99000CBFD0020029002A801A9CDE9045601F0C8
:10C9A000DDFC28B101F052FD304606B0BDE8F08153
:10C9B000002740F2FD780126E25BE91901200023FF
:10C9C00001F04EFD0028EDD1474507F10207F3D9EC
:10C9D000002601F03BFD304606B0BDE8F0810000C6
:10C9E000411E02292DD840F27452C2F2000202EB1D
:10C9F00040114001105A4A88CB8810448A8810445C
:10CA00000A8918444B8910448A891844CB891044F8
:10CA10000A8A18444B8A10448A8A1844CB8A1044E4
:10CA20000A8B18444B8B10448A8B1844C98B1044D2
:10CA300008444FF6C071C0F20F010140B1F5C86F54
:10CA400003D20020C4F2C8107047C0F30F1007F0E3
:10CA500041B8000070470000B0B581B000220092DC
:10CA600090F82420012A03D10221084601B0B0BD6C
:10CA70004B680122062B80F8242022D8D0F800C071
:10CA800003EB830362465D1F1F2352F834EF03FA62
:10CA900005F40B682EEA040E03FA05F444EA0E05C9
:10CAA000092B15602CD8DCF8102003EB4303072575
:10CAB00089689D40AA4399401143CCF81010002189
:10CAC0003EE0D0F800C00C2B624606D852F830EF9A
:10CAD00003EB8303A3F1230405E052F82CEF03EBEF
:10CAE0008303A3F141041F2303FA04F50B682EEA24
:10CAF000050E03FA04F444EA0E05092B1560D2D999
:10CB000003EB4305DCF80C201E3D07248968AC408C
:10CB1000A243A940114323F00102102ACCF80C10C3
:10CB20000DD142F20841C4F20101A1F1080294457D
:10CB30000CD0816A41F020018162012100E00021D6
:10CB4000002280F82420084601B0B0BD0A68120215
:10CB50002FD40A68102B42F400020A602BD140F255
:10CB60003801C2F2000109684DF68362C4F21B323B
:10CB7000A1FB0212910C01EB810149000091009987
:10CB8000D9B10099013900910099C1B100990139D9
:10CB900000910099A9B1009901390091009991B1D2
:10CBA000009901390091009900294FF00001E8D166
:10CBB000C6E70021C4E70021C2E70021C0E7002149
:10CBC000BEE70021BCE70021BAE700007047000083
:10CBD000704700007047000070B5044600680668A2
:10CBE0004568B10727D515F0200124D0A16AC906F0
:10CBF00003D4A16A41F40071A162816801F460214B
:10CC0000B1F5602F10D1217B71B9416821F020016D
:10CC10004160A06A20F48070A062A06AC00403D4BE
:10CC2000A06A40F00100A0622046FFF7CFFF206815
:10CC30006FF012010160710732D515F080012FD01D
:10CC4000A16AC90603D4A16A41F40051A1628168B6
:10CC500001F4E041B1F5E04F0FD1416821F08001CE
:10CC60004160A06A20F48050A062A06AC00510D480
:10CC7000A06A40F00100A0620BE04168490508D4B9
:10CC8000816801F46021B1F5602F02D1217B002978
:10CC9000E3D02046FFF7DEFE20686FF00C01016054
:10CCA000F00718BF15F0400000D170BDA06A40F435
:10CCB0008030A062204600F0C3F820686FF00101C8
:10CCC000016070BD002804BF0120704770B50646A2
:10CCD000044656F8280F20B121688868C0070BD198
:10CCE00014E00020E06284F82400204600F0AAF856
:10CCF00021688868C00709D0886820F00100886032
:10CD000001F026FE21688A68D20730D13268306887
:10CD1000D20645D441F2021290430230A062E36988
:10CD200081F0804080F49E3083F44022104308BF9D
:10CD30004FF40023D4E9010243EA000C531EB3FA76
:10CD400083F35D091346B2F5807F18BF2B02207D67
:10CD5000257B01284CEA450032D135B3A56A45F060
:10CD60002005A562E56A45F00105E56228E0054673
:10CD700003E000BF8868C007C8D001F0E9FD401B90
:10CD800021680328F6D38868C007F3D0A06A40F072
:10CD90001000A062E06A40F00100E062A06AA06AB0
:10CDA00040F010010120316070BDD4F818C04EF27F
:10CDB0000005CFF6FF7505EB4C352B4343F40063BC
:10CDC0004D68B2F5807F25F4694543EA05034B6061
:10CDD0008B684FF2FD75CFF6E17503EA050343EA70
:10CDE00000038B6001D0012A06D122690023CFF60F
:10CDF000F07303EB025200E00022CB6A23F47003CD
:10CE00001A43CA62896840F6FE62CFF61F7211406B
:10CE1000814207D10020E062A16A012262F3010190
:10CE2000316070BDA06A40F0100020F00200A062E6
:10CE300054F82C0F40F0010101202646316070BDEE
:10CE4000704700002DE9F04385B0002740F600054B
:10CE50000497CDE902770446C4F20105006805F5A0
:10CE6000E0518842019702D005B0BDE8F08341F25D
:10CE70001800C4F20200016801AE41F400710160C3
:10CE800001684FF0030801F40071009100990168F6
:10CE900041F010010160016801F01001009100995A
:10CEA000016841F0040101600068314600F00400AF
:10CEB000009000983120019005F50060CDF80880C1
:10CEC00001F03AFC4FF0800928463146CDE901983F
:10CED00001F032FC41F634750820C2F20005C4F2BC
:10CEE00002004FF48071C5E9000705F110004FF40E
:10CEF00080622023C5E902798EC0284601F07CF9C2
:10CF0000002818BFFFF7ECFA122003210022256247
:10CF10006C6202F0DFF9122002F0CCF905B0BDE836
:10CF2000F083000070B515460446006842F6000222
:10CF3000C4F2010290420E4605D042F20041C4F212
:10CF40000101884209D142F20440C4F201000068A4
:10CF500010F4702F1CBF012070BD94F8240001282C
:10CF600004BF022070BD012084F824002046F3F79E
:10CF700095FC18B1002184F8241070BD42F20440E1
:10CF80002168A26AC4F2010040F601739A4300F5D9
:10CF90007F7302F580729942A26243D0A06A20F4A6
:10CFA0008010A0624868400504D5A06A012262F39F
:10CFB0000D30A062A26A0020D2044FF0000244BFEC
:10CFC000E26A22F00602E26284F82400206A40F657
:10CFD0002D02C0F6010240F6950340F67D0C00F1EB
:10CFE000280EC0F60103C0F6010C8EE80C106FF09D
:10CFF00002020A608A682B4642F480728A604C31D1
:10D00000324601F049F92068816801F460228168A4
:10D01000B2F5602F0CBF41F4A00141F48011816092
:10D02000002070BD026812F4702FB7D0A26A42F4DB
:10D030008012A26200684005BCD5B6E790F82020B7
:10D04000013A012A07D8006800F114020020136891
:10D0500019431160704700F1240201204FF4802130
:10D06000136819431160704710B590F820E0D0F8AC
:10D0700000C0AEF1010EBEF1010FDCF808E00ED8E1
:10D080001EF0E05F14D0CEF3016E012000FA0EF026
:10D0900018608B68ABB1486843EAC00313E000F145
:10D0A000240101204FF480220B681A430A6010BD4E
:10D0B00000F1240101204FF400120B681A430A60AA
:10D0C00010BD08684305D1E9030403430CEB0E10BF
:10D0D000C0F88031C0F88441097D012905D100F5EF
:10D0E000C2710B6843F480730B605168C0F88C11F7
:10D0F000126800F5C071C0F88821002001220B6879
:10D100001A430A6010BD0000B0B5026890F82030E4
:10D11000013B012B27D8D2F80002012340F0010087
:10D12000C2F80002D1F814E0CC690EF01F0003FA37
:10D1300000F0D2F81C326FEA000C8343012CC2F8D5
:10D140001C3216D064BBD2F80C3203EA0C03C2F8CE
:10D150000C32CB688C8844EA034302EBCE04C4F85B
:10D1600040320B4614E0416A41F4802141620120C3
:10D17000B0BDD2F80C320343C2F80C320B688C8875
:10D1800044EA034302EBCE04C4F8403201F10C033D
:10D190008C681B8843EA044302EBCE04C4F8443293
:10D1A000D2F804328D6943EA0004D1F810E0096A2C
:10D1B000002D08BF03EA0C04C2F80442D2F814326E
:10D1C000BEF1000F43EA000408BF03EA0C04012982
:10D1D000C2F8144204D1D2F81C120843C2F81C024F
:10D1E000D2F8000220F00100C2F800020020B0BD19
:10D1F0007047000010B590F82040013C012C78D811
:10D20000D0F800C000297DD0DCF81040A4077DD004
:10D210000CEB011CDCF8B0410CF5D87E14F00404D2
:10D220009460DCF8B04119BFE4085460640D1460E8
:10D23000DEF800400CF5DA7E04F00204D460DCF87D
:10D24000B44124075ABFDEF8004004F00F0408245C
:10D250001461DEF800400029C4F307249461DEF86D
:10D2600000404FEA14445461DCF8B8211A70026897
:10D2700002EB0112D2F8B8214FEA12225A7002686A
:10D2800002EB0112D2F8B8214FEA12429A700268FA
:10D2900002EB0112D2F8B8214FEA1262DA7002688A
:10D2A00002EB0112D2F8BC211A71026802EB0112E2
:10D2B000D2F8BC214FEA12225A71026802EB011225
:10D2C000D2F8BC214FEA12429A71026802EB0112B5
:10D2D000D2F8BC214FEA1262DA71006814BF00F183
:10D2E000100100F10C01002020220B681A430A6093
:10D2F00010BD00F1240101204FF480220B681A4375
:10D300000A6010BDDCF80C40A40781D100F12401B3
:10D3100001204FF400120B681A430A6010BD000090
:10D3200090F820100139012984BF0020704700685F
:10D330008168C1F380618268C2F3C0628068114471
:10D34000C0F30070084470472DE9F04F81B00446E7
:10D3500000684669D0F804908768D0F80CB0D0F81F
:10D3600010A0D0F81880F10703D1002530071CD495
:10D3700023E0F90710D00121BA07816009D47807AA
:10D3800000F1AA80380700F1B080204600F030FD9F
:10D3900002E0204600F02EFD0025F80500F1848013
:10D3A000F80300F1AA80300707D51BF0100004D065
:10D3B000206845F400751021C160700708D51BF086
:10D3C000080005D020680821C160204600F0A6F9B9
:10D3D000B00706D52068C068800702D0204600F05C
:10D3E0009FF9700607D51AF0100004D0206845F4A4
:10D3F000806510210161B00608D51AF0080005D03B
:10D40000206808210161204600F0BEFCF00606D528
:10D4100020680069800702D0204600F0B7FCB00306
:10D4200008D519F0100005D0206810214160204671
:10D4300000F0AEFCF00308D519F0080005D0206814
:10D4400008214160204600F0DFFC300440F18F806D
:10D450005FEA497040F1888006F4807008EA102085
:10D4600028435FEA8871014648BF41F00201B205D6
:10D4700058BF01465FEA48700D4648BF45F00405B5
:10D48000700558BF0D4630056ED518F070006BD092
:10D4900010380009052862D8DFE800F00353565918
:10D4A0005C5F45F008055AE020684FF48071BA05CA
:10D4B00081600AD4780512D4380519D4204600F0CA
:10D4C0009BFCF8037FF56FAF17E0204600F096FC59
:10D4D000F8037FF568AF10E04FF400655DE705F5F0
:10D4E0000055F8037FF55FAF07E04FF4805554E730
:10D4F00005F58045F8037FF556AF20684FF480317D
:10D50000BA0381600AD478030FD4380313D42046B9
:10D5100000F076FC30073FF548AF4EE7204600F0BC
:10D5200071FC30073FF541AF47E705F5004530078F
:10D530003FF53BAF41E705F5803530073FF535AFA7
:10D540003BE745F010050AE045F0200507E045F00F
:10D55000400504E045F0800501E045F48075206851
:10D56000816921F0700181612068042141604DB121
:10D57000606A40EA05012046616201B0BDE8F04FF3
:10D58000FFF736BE01B0BDE8F08F0000B0B5C8B1FE
:10D59000044690F8200010B9204600F077F8206883
:10D5A000016841F00101016001F0D2F9054600BFB8
:10D5B00020684168C90707D101F0CAF9401B0B2850
:10D5C000F6D312E00120B0BD016821F00201016034
:10D5D00001F0BEF9054600BF2068416889070DD5F6
:10D5E00001F0B6F9401B0B28F6D3606A052140F420
:10D5F00000306062012084F82010B0BD217E0268F6
:10D60000012922F0800308BF42F080030360617E9D
:10D610000268012922F0400308BF42F04003036082
:10D62000A17E0268012922F0200308BF42F02003F6
:10D630000360E17E0268012942F0100308BF22F076
:10D6400010030360217F0268012922F0080308BF4C
:10D6500042F008030360617F0268012922F004039D
:10D6600008BF42F004030360D4E901C2D4E90335E2
:10D6700061691A432A431143ACF101021143C161AC
:10D6800000200121606284F82010B0BDB0B586B0E2
:10D69000002140F600040591CDE90311C4F2010414
:10D6A0000068A4F524429042029101D006B0B0BDBA
:10D6B00041F21800C4F20200426802AD42F000726A
:10D6C0004260426802F000720192019A026842F0E0
:10D6D00004020260006800F00400019001984FF419
:10D6E0000060CDE9020104912046294601F024F8AA
:10D6F0004FF48050029002200390032005902046B2
:10D70000294601F019F814200221002201F0E2FD5F
:10D71000142001F0CFFD06B0B0BD0000704700003E
:10D720002DE9F04F97B040F2A045C2F2000505F197
:10D730002404A04202D017B0BDE8F08F40F2D836E2
:10D74000C2F2000606F14C0206F108032046002151
:10D75000FFF750FD002840F0158340F26410C2F23C
:10D76000000000780128E6D0706D90B9F16C40F2AD
:10D77000053291420DD101F0EBF840F2E421C2F202
:10D780000001C86040F2DC11706DC2F2000100229D
:10D790008A760428CFD1306D40F20141B1EB104FB1
:10D7A000C9D1C0F3072BABF101010329C3D800266F
:10D7B00000210422C0F20146CDE90E11CDE913216A
:10D7C0000821BBF1010F159168D140F26827C2F220
:10D7D0000007B7F9400046F26761C6F2666180FB58
:10D7E0000101788F4CF6CD42CCF6CC42A0FB02036F
:10D7F000880800EBD17040F2000200B2C2F20002D1
:10D800000290D8080390D2E90406B2F80480B7F871
:10D810004890019314F0BAFA0C90304614F0B6FA1E
:10D820000B90F88EB98E00EB800640F2E420C2F235
:10D830000000CDF81CB001EB810B406B0021C4F25D
:10D8400020114FEA4B074FEA460A14F06FFB14F021
:10D850009DFA0146A86908918DB20021C4F22011F9
:10D8600014F064FB14F092FA069080B2DDE9022E07
:10D87000CBF3C711000A0A91DDF81CB0C6F3C7113B
:10D880000490019809910026290A4FEA182C4FEAC2
:10D890001923C0F201460591C00AE1E1000AFE30F9
:10D8A00040F2D601C0B2C2F20001095C29B344F2D1
:10D8B0007D3100EB0010C2F20001CDF81CB001EB8D
:10D8C000800BBBF9331046F26762C6F2666281FBD9
:10D8D00002219BF83920BBF83530032A4CF6CD42A3
:10D8E000CCF6CC42A3FB023226D8BBF83730BBF8CB
:10D8F0003A6064277B43774332E000200A9000209F
:10D90000099000200890002005900020069000203B
:10D91000049000200C900020002200274FF0000A05
:10D920000B904FF0000E00204FF0000900234FF045
:10D9300000084FF0000C93E19BF83F309BF83E70DD
:10D940001B029BF8406043EA07439BF84270334454
:10D950009BF841603F029BF8435047EA06472F443B
:10D960008E086420002F1CBF4343B3FBF7F006EB87
:10D97000D17740F26821C2F200019BF80160098E64
:10D980004FEAD20ECDE90B106EB1711E4FF6FF7843
:10D99000032906F0030C0DD2002000230A904FF05B
:10D9A0000009002659E04FF0FF084FF0000900235E
:10D9B000FF2096E0ABF10801A6EB0C0A4FF000093E
:10D9C000002609974B891FFA89F5AB42404688BF6C
:10D9D00099461FFA88F7B3F5FA7F88BF1846BB420D
:10D9E00028BF40468B891FFA89F5AB42024687B2B1
:10D9F00088BF9946B3F5FA7F88BF1A46BB4228BF55
:10DA00000246C8891FFA89F5A842174693B288BF13
:10DA10008146B0F5FA7F88BF0746984228BF17466F
:10DA2000088A1FFA89F5A842BAB288BF8146B0F5C4
:10DA3000FA7FB84688BF8046904206F1040628BFA8
:10DA4000B846B24501F10801BCD11FFA89F11FFAAD
:10DA500088F2099F0B0A100A0A90BCF1000F41D00E
:10DA60000BEB46014A881FFA89F6B24288BF9146FD
:10DA70001FFA88F5B2F5FA7F434688BF1346AA42DB
:10DA80001FFA89F638BF9846BCF1010F1FFA88F2D9
:10DA900012D088884346B04288BF8146B0F5FA7FED
:10DAA00088BF034690421FFA89F638BF9846BCF1FA
:10DAB000020F1FFA88F202D1330A100A11E0C88857
:10DAC0004346B04288BF8146B0F5FA7F1FFA89F11C
:10DAD00088BF0346904238BF98461FFA88F00B0A69
:10DAE000000A0A909BF822603AB26EB10993731E45
:10DAF00048F20107032B06F003010DD247F6FF7A27
:10DB000000250020002656E0DDF828C07F204FF0D9
:10DB1000FF0A8025012795E0CDE9022EA6EB010E34
:10DB200047F6FF7A002608910BEB4603B3F8230073
:10DB30000FFA87FCA0F6AB2001B261450FFA8AF517
:10DB4000C8BF0746A942B8BF8246B3F825003AB21B
:10DB5000A0F6AB2005B20FFA8AF19542C8BF07467E
:10DB60008D42B8BF8246B3F827003AB2A0F6AB2088
:10DB700005B20FFA8AF19542C8BF07468D42B8BF79
:10DB80008246B3F829003AB2A0F6AB2003B20FFAEE
:10DB90008AF19342C8BF07468B4206F10406B8BF1C
:10DBA0008246B645C0D1B8B2050A1FFA8AF0DDE94F
:10DBB000022E0899000ADDE9093C002942D00BEB4E
:10DBC0004600B0F823303DB2A3F6AB231EB2AE42FE
:10DBD0000FFA8AF5C8BF1F46AE42B8BF9A46012960
:10DBE00005D1B8B21FFA8AF3050A180A29E00D46D2
:10DBF000B0F825103FB2A1F6AB210BB20FFA8AFAAA
:10DC0000BB42C8BF0F465345B8BF8A46022D05D157
:10DC1000B8B21FFA8AF1050A080A12E0B0F8270024
:10DC20003FB2A0F6AB2001B20FFA8AFAB942C8BFE0
:10DC30000746BBB25145B8BF82461FFA8AF01D0A9B
:10DC4000000A099B09901FFA8EF00026DDF81CB02F
:10DC5000000AC0F20146089706970A95CDE90455D7
:10DC60004FEA0B210791711C41EA0B211291110A15
:10DC70008DF83F00204635468DF838808DF839C044
:10DC80008DF83A908DF83B308DF83C208DF83D10A2
:10DC90008DF83EE0FFF744FB28B111A90EAA0DABA9
:10DCA0002046FFF7E1F9DDF81C80A81C40EA0800D7
:10DCB00012900A988DF838708DF8390009988DF80F
:10DCC0003AA08DF83B0008988DF83C0005988DF837
:10DCD0003D0006988DF83E0004988DF83F002046E0
:10DCE000FFF71EFBDDE90B6728B111A90EAA0DABEA
:10DCF0002046FFF7B9F9E81C40EA0800129000201E
:10DD0000BBF1010FCDE90E008DF83A708DF83C6043
:10DD10000CD140F20000C2F2000080690021C4F280
:10DD20007A4113F03DFF14F031F809E044F27D31FF
:10DD30000BEB0B10C2F2000101EB800030F84E0C2F
:10DD4000ADF83E002046FFF7EBFA28B111A90EAA64
:10DD50000DAB2046FFF788F9281D40EA0800129015
:10DD60000020CDE90E002046FFF7DAFA00283FF444
:10DD7000E2AC11A90EAA0DAB2046FFF775F917B05A
:10DD8000BDE8F08FFEF7ACFB704700007047000065
:10DD900070470000B0B5044690F8200001281DD15E
:10DDA000022084F820002068016821F00101016050
:10DDB00000F0CEFD054600BF20684068C00713D0C4
:10DDC00000F0C6FD401B0B28F6D3606A40F400301B
:10DDD0006062052084F820000120B0BD606A40F434
:10DDE000002060620120B0BD00206062B0BD000074
:10DDF0007047000070470000704700007047000047
:10DE0000704700007047000070470000014690F81E
:10DE10002100022816D10868D1E90FC3026822F058
:10DE20000E020260026822F001020260012000FA84
:10DE300003F2CCF8042081F821000020002281F8B0
:10DE400020207047042088630120002281F82020D0
:10DE50007047000080B590F82110022927D1026890
:10DE600040F2040C1368C4F2020C23F00E0313609A
:10DE700013680CF17C018A4223F0010111601BD967
:10DE800040F20841C4F202018A4248D040F21C41EB
:10DE9000C4F202018A4246D040F23041C4F202018B
:10DEA0008A4244D14FF48073CCF8003458E0042106
:10DEB00081630121084680BD4321C4F202018A42E8
:10DEC0000EDD6B21C4F202018A421BDC4421C4F244
:10DED00002018A4239D05821C4F202018A4231E05B
:10DEE0000821C4F202018A4232D01C21C4F202018C
:10DEF0008A4232D03021C4F202018A4222D14FF448
:10DF000080722BE06C21C4F202018A4222D080216F
:10DF1000C4F202018A4215D14FF080721EE0012343
:10DF2000CCF800341CE01023CCF8003418E00CF5D9
:10DF300088614FF480338A4208BF4FF48053CCF895
:10DF400000340DE04FF4803208E04FF4805205E0D9
:10DF5000012203E04FF4801200E01022CCF80020F0
:10DF6000012180F82110426B002180F820100AB1B5
:10DF700090470021084680BD10B5D0F800E0D0E9F8
:10DF80000FC3DCF80020DEF800104C072ED5042467
:10DF90009C4014402AD0DEF80010890605D4DEF833
:10DFA000001021F00401CEF800100422C4F2020295
:10DFB00002F17C018E454DD940F20841C4F20201C4
:10DFC0008E4500F0AD8040F21C41C4F202018E4546
:10DFD00000F0AA8040F23041C4F202018E4540F0C8
:10DFE000A7804FF48061C2F80014EEE08C0746D59C
:10DFF00002249C40144042D0DEF80010890608D468
:10E00000DEF8001021F00A01CEF80010012180F89E
:10E0100021100422C4F2020202F17C018E454CD987
:10E0200040F20841C4F202018E4500F0AE8040F299
:10E030001C41C4F202018E4500F0AB8040F2304139
:10E04000C4F202018E4540F0A8804FF40071C2F87E
:10E050000014C9E04321C4F202018E4541DD6B2169
:10E06000C4F202018E454EDC4421C4F202018E4509
:10E0700000F09E805821C4F202018E4563E009073A
:10E0800040F1B88008219940114008BF10BDDEF86A
:10E09000001021F00E01CEF80010012101FA03F268
:10E0A000CCF80420816380F82110016B0022002944
:10E0B00080F8202040F08B809CE04321C4F20201D4
:10E0C0008E4543DD6B21C4F202018E4550DC4421B4
:10E0D000C4F202018E457DD05821C4F202018E4562
:10E0E0006EE00821C4F202018E4564D01C21C4F206
:10E0F00002018E4567D03021C4F202018E4522D143
:10E100004FF4806160E06C21C4F202018E4554D06E
:10E110008021C4F202018E4515D14FF0806153E099
:10E120000421C2F8001450E04021C2F800144CE071
:10E1300002F588634FF480219E4508BF4FF480416B
:10E14000C2F8001441E04FF480213DE00821C4F200
:10E1500002018E4541D01C21C4F202018E4541D0FE
:10E160003021C4F202018E452AD14FF400713AE009
:10E170006C21C4F202018E4531D08021C4F202012B
:10E180008E451DD14FF000712DE00221C2F8001420
:10E190002AE02021C2F8001426E002F588634FF43B
:10E1A00000319E4508BF4FF40051C2F800141BE037
:10E1B0004FF4804108E0042106E04FF4800103E0C1
:10E1C0004FF400310FE040211160C16A91B1BDE808
:10E1D000104008474FF4005105E0022103E04FF4DE
:10E1E000001100E020211160816A0022002980F8DE
:10E1F0002020ECD110BD0000014600284FF00100A6
:10E2000008BF70472DE9F04740F2000CC4F2020C41
:10E210000A684FF6F8330CF5816ECBF6FD73724544
:10E2200038BF03F5806302EB030E4CF6CD43CCF60A
:10E23000CC43AEFB033E6FF003060CF5806506EAA7
:10E240009E06D1E901A9D1F80C803CBF0025C4F29B
:10E250000205C1E90F56022681F82160166843F6CF
:10E26000F075AE4346EA0A06D1E9045746EA0906C4
:10E2700046EA0806D1E906432E43374327433B438A
:10E28000136000228A6381F8210081F82020002099
:10E29000BDE8F04770470000F0B590F820C0BCF131
:10E2A000010F32D04FF0010E80F820E090F821C02D
:10E2B000BCF1010F26D14FF0020C80F821C04FF0C5
:10E2C000000CC0F838C0D0E900C4C56AC66BDCF8E1
:10E2D0000070102C27F00107CCF80070006C0EFACB
:10E2E00000F070600846CCF8043004BF10460A46BF
:10E2F000CCF80800CCF80C20DCF800003DB140F070
:10E300000E000CE0002180F820100220F0BD20F06B
:10E310000400CCF80000DCF8000040F00A00CCF863
:10E320000000DCF8000040F00100CCF80000002004
:10E33000F0BD0000B0B5044600F00AFB054640F20F
:10E340002000C2F200000078611C18BF044400BF26
:10E3500000F0FEFA401BA042FAD3B0BD2DE9F04315
:10E3600081B042F27046C2F20006327E012A03D129
:10E37000022001B0BDE8F083054601202C6830760C
:10E380004CF250308846FEF705FA022C1CD10028CA
:10E390004ED1002042F21004F061C4F20204206861
:10E3A00040F004002060206840F0400020604CF203
:10E3B0005030FEF7EFF9216821F0040121600021BF
:10E3C000317601B0BDE8F08390BB4FF0FF30C8F864
:10E3D0000000D5E9027007EBC020874228D242F244
:10E3E0001004C4F202044FF0000900BFC6F81C90EC
:10E3F000206840F0020020606760206840F0400024
:10E4000020604CF25030FEF7C5F9216821F002017E
:10E41000216098B9D5E9020107F5006700EBC1203A
:10E420008742E3D300200021317601B0BDE8F083BC
:10E4300001200021317601B0BDE8F083C8F80070FA
:10E440000021317601B0BDE8F083000042F21001F6
:10E45000C4F20201086840F0800200200A607047A0
:10E460002DE9F04F81B042F27048C2F200089246A6
:10E4700098F81820012A03D1022001B0BDE8F08FDE
:10E480008146012088F818004CF250301C460E4698
:10E49000FEF780F928B1002188F8181001B0BDE816
:10E4A000F08F4D4642F21007B9F1020F18BF042554
:10E4B000C4F20207B9F1010F08BF4D466FF01F0902
:10E4C00000204FF0000B00BF202200230101A2EB2F
:10E4D0000012C8F81C3004FA02F22AFA01F13B6873
:10E4E000114309EB0012002A58BF24FA02F143F04D
:10E4F00001023A6026F810104CF25030FEF74AF94B
:10E500003968002821F001013960C4D10BF1010BF9
:10E510005FFA8BF08542D7D80020002188F81810C8
:10E5200001B0BDE8F08F000042F20400C4F2020026
:10E53000C16809065CBF0020704740F22311C4F295
:10E540006751016048F6AB11CCF6EF510160C0682D
:10E55000C0F3C010704700002DE9F04F002978D0BB
:10E5600041F60043A0F18042C4F20103A2F58432D7
:10E570004FF0060A98424FF0000340F2004B08BFEC
:10E580004FF0050AB3EBB22FC4F2010B63D04FEA90
:10E59000B222531E6FF01F040127042B38BF92468E
:10E5A0001BE000BF0346B5F5807F24BF2646043339
:10E5B0001D680F22B24025EA0202042505FA06F67C
:10E5C00032431A60C26802EA0E02C26031FA07F2F0
:10E5D00007F1010704F104043BD07A1E01239340A4
:10E5E00013EA0105F2D04FEA9209ABF57E7C04F103
:10E5F00020065CF8292006F00C0E0F2303FA0EF813
:10E6000002EA08020AFA0EF39A426FEA050EC9D12D
:10E61000DBF8003040F20C4203EA0E03CBF8003086
:10E62000DBF80430C4F2010203EA0E03CBF8043035
:10E63000136803EA0E031360DBF8083003EA0E03E5
:10E64000CBF808305CF8293023EA08034CF829306D
:10E65000A8E7BDE8F08F4FF0010800264FF00F0C3F
:10E6600001241CE0B2F5807F3246034624BF203AE5
:10E6700004331D680CFA02F7BD43042707FA02F2BF
:10E680002A431A60C26802EA0E02C26031FA04F23A
:10E6900004F1010406F1040608BFBDE8F08F631E13
:10E6A00008FA03F20A40F1D04FEA930AABF57E75FF
:10E6B00055F82A7006F00C030CFA03F917EA090F53
:10E6C0006FEA020ECED1DBF8003040F20C4703EACD
:10E6D0000E03CBF80030DBF80430C4F2010703EA84
:10E6E0000E03CBF804303B6803EA0E033B60DBF813
:10E6F000083003EA0E03CBF8083055F82A3023EA35
:10E70000090345F82A30ADE7B0F5004F18BF704750
:10E7100040F2DC10C2F200000121017070470000DD
:10E7200040F21441C4F201010A68024214BF0860B9
:10E730007047FFF7E9BF00002DE9F04F82B0D1F834
:10E7400000C0BCF1000F00F0EC80A0F1804241F667
:10E750000045A2F58432C4F2010540F2004E4FEAB2
:10E76000B2240627A842C4F2010E08BF0527052CD3
:10E770004FF000044FF001084FF00F034FF0000A74
:10E780004FF0000B38BF4FEAB22700970AE000BFF6
:10E79000D1F800C00AF1010A3CFA0AF204F10404BB
:10E7A00000F0BF8008FA0AF91CEA090FF0D04E68A1
:10E7B0004FF6FF72C1F21002964211DC122E51D8B0
:10E7C000DFE806F0340A4246505050505050505046
:10E7D0005050505050494D00D1F80CB042E000BFAD
:10E7E0004FF6FF72C1F2210296420FDC0022C1F205
:10E7F000110296421AD00022C1F21202964215D09E
:10E800000022C1F22102964210D02BE00022C1F278
:10E81000220296420AD00022C1F23102964205D06D
:10E820000022C1F2320296421CD100BF8A6842B176
:10E83000012A14BFC0F81490C0F810904FF0080BD4
:10E8400010E04FF0040B0DE0CA6802F1080B09E07C
:10E850004FF0000B06E0CA6802F1040B02E0CA6840
:10E8600002F10C0B22460646BAF1080F24BF203AEB
:10E870000436376803FA02F5AF430BFA02F23A4363
:10E880003260CA79D2067FF583AF41F21807C4F22D
:10E8900002073A684FF6084342F001023A603A68CC
:10E8A000CFF6FF7302F001020192019A2AF00302EF
:10E8B00072440F25D75804F00C06B540AF43009DB5
:10E8C00005FA06F63743D7504E6840F20C45F2027F
:10E8D000DEF8082054BF22EA090242EA0902CEF813
:10E8E0000820C4F201052A68B70254BF22EA0902CF
:10E8F00042EA09022A60DEF80420B70354BF22EA84
:10E90000090242EA0902CEF804200F23DEF80020B3
:10E91000F70354BF22EA090242EA0902CEF80020B6
:10E9200036E702B0BDE8F08F8068084018BF0120CC
:10E9300070470000C26802EA0103914341EA0341C3
:10E9400001617047002A08BF090401617047000097
:10E9500044F2CC50C2F2000000687047002804BFA7
:10E960000120704710B50446242084F83D0020683B
:10E97000016821F001010160204600F055FB0020F4
:10E98000206484F83D00206384F83E0084F83C0055
:10E9900010BD0000B0B5B0B3044690F83D0028B9F2
:10E9A000002084F83C00204600F06CFB242084F812
:10E9B0003D002068016821F001010160016841F417
:10E9C00000410160016821F40041016000F088FE0F
:10E9D00048F28041C0F21E0140F6001288424FF01A
:10E9E0000001C0F23D02656838BF0121904248F243
:10E9F000A1624FF00003C0F2010238BF012395422B
:10EA000038BF0B460BB10120B0BD4DF68361C4F297
:10EA10001B31A0FB011221684FEA924C4B6823F096
:10EA20003F0343EA92424A600A6A48F2A063C0F296
:10EA300001039D4222F03F0313D80CF1010201387B
:10EA40006D001A43B0FBF5F00A62CA6901304CF65A
:10EA5000FF736FF31F3022EA030C042898BF0420D1
:10EA60003FE04FF496720CFB02FC44F6D352C1F225
:10EA70006202ACFB022C012202EB9C121A430A62D6
:10EA8000CA69A3684CF6FF7C22EA0C0CA0F1010EC7
:10EA90009BB119206843BEFBF0F00422013062F301
:10EAA0001F30000512D09BB119206843BEFBF0F067
:10EAB0000422013062F31F3011E005EB4500BEFB7C
:10EAC000F0F001306FF31F300005ECD1012008E0B9
:10EAD00005EB4500BEFBF0F001306FF31F3040F452
:10EAE000004040EA0C00C8610868D4E9072320F020
:10EAF000C000104318430860886848F2FF3204F1F0
:10EB00000C0C90439CE82C10184310438860C86894
:10EB100020F0FF00284340EA0C00C860086840F07D
:10EB20000100086000202021206484F83D1020634B
:10EB300084F83E00B0BD00002DE9F04F85B00446DA
:10EB40000020994616460F460490FFF701FF94F8FF
:10EB50003D10202920D10546206800BF8169890722
:10EB600016D5FFF7F5FE411B20681A29F6D38169F7
:10EB70008907F3D500202021206384F83D1084F814
:10EB80003E00216C41F02001216484F83C0003E048
:10EB900094F83C10012903D1022005B0BDE8F08FA4
:10EBA000012284F83C200368DDE90F180E9ADB0788
:10EBB00003D1036843F001030360036823F4006397
:10EBC0000360222084F83D00402084F83E000020AD
:10EBD000206462626185608D394620850020CFF611
:10EBE000FF70E062204632464B46CDF8008001952A
:10EBF00003F066FE18B1012005B0BDE8F08F218D4D
:10EC000001290DD011BB00200390206841690391B8
:10EC1000816903910399016841F40071016037E053
:10EC20002068016821F480610160EFF3108072B602
:10EC30000020039020684169039181690391039941
:10EC4000016841F40071016062B621E02068022988
:10EC5000026813D142F400610160EFF3108072B6D4
:10EC60000020039020684169039181690391039911
:10EC7000016821F48061016062B609E042F48061BC
:10EC80000160002103914169039180690390039819
:10EC9000208D002800F0FD8040F238094BF2895A9F
:10ECA00008F10106C2F20009C1F2F84A23270DE07B
:10ECB00010690870606A218D01306062481E2085ED
:10ECC000618D01396185010400F0E3801FFA80FB4A
:10ECD000BBF1030F0CD8BBF1010F2AD120464146EE
:10ECE0002A4604F0C3F8002800F0CF8083E700BF75
:10ECF000204641462A4604F0B9F800287FF47BAF4D
:10ED00002068616A00690870606A2268411C208D71
:10ED1000616201382085638D013B638553695B0720
:10ED2000D1D580B20328C3D1106820F48060106070
:10ED3000BEE7206866B34169490735D4B8F1000FD2
:10ED40000DD1FFF705FE20684169490710D54169DB
:10ED50004907F6D528E000BF4169490724D4FFF7E9
:10ED6000F7FD411B20684145F6D941694907F3D4B5
:10ED700000222021226384F83D1084F83E20216C7B
:10ED800041F020012164012184F83C200DE000BF06
:10ED90004169490708D44169490705D441694907D0
:10EDA00002D441694907F3D50021BBF1020F18D104
:10EDB00000297FF420AFEFF3108072B62068616AFB
:10EDC000026842F40072026000690870606A218D76
:10EDD00001306062481E2085608D0138608562B612
:10EDE00053E000297FF407AF016821F480610160DE
:10EDF000EFF3108072B62068616A00690870606A7B
:10EE0000218D0130013960622185618D0139618573
:10EE1000D9F80010C908A1FB0A12110A794304911C
:10EE2000049901390491049900293DD021684A6967
:10EE300052071AD40499013904910499A1B32168A5
:10EE40004A69520711D4049901390491049959B3BC
:10EE500021684A69520708D4049901390491049938
:10EE600011B321684A695207DAD50A6842F4007280
:10EE70000A6009690170606A218D01306062481E74
:10EE80002085608D0138608562B62068616A0069FE
:10EE90000FE7202084F83D00002084F83E0084F82D
:10EEA0003C0005B0BDE8F08F00202021206384F8ED
:10EEB0003D1084F83E00216C41F02001216462B6CF
:10EEC00084F83C00012005B0BDE8F08F2DE9F04347
:10EED00083B0994616460F460446FFF739FD94F86D
:10EEE0003D10202920D10546206800BF816989078F
:10EEF00016D5FFF72DFD411B20681A29F6D381692D
:10EF00008907F3D500202021206384F83D1084F880
:10EF10003E00216C41F02001216484F83C0003E0B4
:10EF200094F83C10012903D1022003B0BDE8F0831E
:10EF3000012284F83C200368DDE90B180A9ADB07FC
:10EF400003D1036843F001030360036823F4006303
:10EF50000360212084F83D00402084F83E0000201A
:10EF6000206462626185608D394620850020CFF67D
:10EF7000FF70E062204632464B46CDF80080019596
:10EF800003F01AFE18B1012003B0BDE8F083208D14
:10EF9000A0B9204641462A4603F0FCFE98B3206CF7
:10EFA0000428F0D12068016841F40071016001205B
:10EFB00003B0BDE8F08300BF0004EAD0204641461C
:10EFC0002A4603F09FFF0028E9D1616A22680846BB
:10EFD00010F8013B1361238D6062581E2085678DF8
:10EFE0000604A7F101076785576918BF17F00407E2
:10EFF000E2D048781061881C6062981E2085618D7F
:10F0000001396185D8E72068016841F40071016029
:10F01000202084F83D00002084F83E0084F83C0065
:10F0200003B0BDE8F0830000B0B5006845F20041D0
:10F03000C4F2000188420DD045F60001C4F200017F
:10F04000884218BFB0BD4FF400644FF480616FF484
:10F05000800003E0802440216FF4001041F21C0284
:10F06000C4F20202136840F600451840C4F20105DC
:10F0700010602846FFF770FA28462146BDE8B040E8
:10F08000FFF76ABA10B586B0006845F60001C4F211
:10F09000000188424FF00001CDE90411CDE90211D1
:10F0A0002AD045F20041C4F20001884248D141F221
:10F0B0001804C4F20204206802A940F0080020608D
:10F0C000206800F0080001900198C02002901220F2
:10F0D00003900320059040F60040C4F20100FFF7C2
:10F0E0002BFB606840F400106060606800F4001062
:10F0F0000190019806B010BD41F21804C4F2020458
:10F10000206802A940F008002060206800F0080094
:10F11000019001984FF44060029012200390032068
:10F12000059040F60040C4F20100FFF705FB60685F
:10F1300040F480006060606800F4800001900198F5
:10F1400006B010BD70B540B304460068D4E90112A2
:10F150004CF6CC43036045F2555303604160826036
:10F16000FFF7F6FB2168CA68920711D0054641F205
:10F170003D3602E0C86880070AD0FFF7E9FB401B74
:10F180002168B042F6D3C8688007F3D0032070BD71
:10F190004AF6AA200860002070BD012070BD000062
:10F1A00001684AF6AA2200200A60704740F2200057
:10F1B00044F2CC51C2F20000C2F2000100780A68A9
:10F1C000104408607047000080B542F20000C4F2AD
:10F1D0000200016841F010010160032000F0A6F870
:10F1E0000F2000F005F800F027F8002080BD000097
:10F1F00070B540F22006C2F2000640F238013278C3
:10F20000C2F200014FF47A730968B3FBF2F20446CC
:10F21000B1FBF2F1084601F0DFF80F2C4FF00105C9
:10F2200008D838B94FF0FF3021460022002500F001
:10F2300051F87460284670BD80B582B041F2180064
:10F24000C4F202000168002241F00101016001687E
:10F2500001F0010101910199416841F08051416043
:10F260004068002100F0805000900098012000F0DC
:10F2700031F8012000F01EF80420C4F201000168FA
:10F28000022262F31A61016002B080BD002848BF0B
:10F29000704700F01F01012202FA01F14EF28012C4
:10F2A0004009CEF2000242F82010BFF34F8FBFF3A7
:10F2B0006F8F7047002848BF704700F01F01012280
:10F2C00002FA01F14EF200124009CEF2000242F8B9
:10F2D0002010704710B54EF60C5CCEF2000CDCF836
:10F2E0000030C3F3022E8EF00704042C28BF042440
:10F2F000BEF103034FF0FF3E0EFA04F438BF0023C3
:10F30000A14399400EFA03F39A4300F00F03043B24
:10F310001143634409010C3300F16042B0F1FF3F37
:10F32000C8BF02F56443197010BD00004EF60C51C1
:10F33000CEF200010A684FF6FF031A4060F30A227A
:10F3400042F0806040F0FD700860704747F2000CAA
:10F35000C4F2000CDCF80030026823F0E00340F255
:10F3600000411A43C4F20101CCF800204A6822F49B
:10F3700080324A600A6822F480320A60CA6822F445
:10F380008032CA608A6822F480328A604068C20390
:10F390000FD4820313D4C20703D08A6842F48032A8
:10F3A0008A60800758BF7047C86840F48030C860E2
:10F3B00070470A6842F480320A608203EBD54A68DB
:10F3C00042F480324A60C207EBD0E6E72020C4F264
:10F3D0000E200121016070471020C4F20E2001218F
:10F3E000016070477047000010B540F21444C4F249
:10F3F00001042068C00358BF10BDFFF7F3FF4FF4AE
:10F400008030206010BD00002DE9F04182B004463C
:10F41000007841F21C06C007C4F202064ED03068E4
:10F42000C0000BD430684FF0010840F080503060CD
:10F43000306800F080500190019801E04FF0000822
:10F4400047F20007C4F200073868C00512D43868D4
:10F4500040F480703860FFF77BFA05463868C005D5
:10F4600008D4FFF775FA401B6428F7D9032002B0CF
:10F47000BDE8F081706810F4407012D0616801F44A
:10F48000407188420DD0706840F24042C4F242227E
:10F49000012320F4407113600023C00713607160E2
:10F4A00029D17068616820F440700843B8F1000FFA
:10F4B000706003D0306820F0805030602068810791
:10F4C00007D556F8181CA26821F44041114346F8AC
:10F4D000181CC00603D4002002B0BDE8F08156F825
:10F4E000180C616920F48000084346F8180C0020CD
:10F4F00002B0BDE8F081FFF72BFA054641F28837EC
:10F5000070688007CDD4FFF723FA401BB8424FF054
:10F510000300F5D9ECE700002DE9F04381B00028A5
:10F5200000F0858042F20008C4F202080446D8F8D0
:10F5300000000D4600F0070088420CD2D8F8000009
:10F5400020F007002843C8F80000D8F8000000F0B9
:10F550000700A8426BD1206841F204098107C4F278
:10F56000020917D5410705D5D9F8001041F4E0612B
:10F57000C9F80010010705D5D9F8001041F4605111
:10F58000C9F80010D9F80010A26821F0F001114369
:10F59000C9F80010C00743D1D8F8000000F00700F8
:10F5A000A8420CD9D8F8000020F007002843C8F87A
:10F5B0000000D8F8000000F00700A84237D120680A
:10F5C000410707D5D9F80010E26821F4E061114342
:10F5D000C9F80010000708D5D9F80000216920F407
:10F5E000605040EAC100C9F80000D9F8001042F2AA
:10F5F000004001F00C02042AC0F2F40054D0082AA2
:10F6000020D142F28443C1F38342C0F603039A5CE3
:10F61000C9033DD440F60010C0F23D00504343E022
:10F620006068012807D159F8041C890311D401200E
:10F6300001B0BDE8F08359F8041C022807D1890104
:10F64000F5D506E041F20020C0F27A002CE08907EF
:10F65000EDD5D9F8001021F003010843C9F80000E6
:10F66000FFF776F9064641F2883700BFD9F8000067
:10F67000616800F00C00B0EB810F3FF48DAFFFF735
:10F6800067F9801BB842F1D9032001B0BDE8F083CF
:10F69000D9F8001042F25F23C1F34041C0F60303E2
:10F6A000595C5043B0FBF1F0D9F8001042F2472208
:10F6B000C1F30311C0F60302515C40F2380220FA94
:10F6C00001F140F22400C2F200000068C2F2000220
:10F6D0001160FFF78DFD002001B0BDE8F083000050
:10F6E00040F2380041F20401C2F20000C4F202010B
:10F6F0000068096842F25722C1F30221C0F60302F2
:10F70000515CC8407047000040F2380041F20401EB
:10F71000C2F20000C4F202010068096842F25722F6
:10F72000C1F3C221C0F60302515CC840704700001B
:10F730002DE9F04182B0002867D00446007841F2FC
:10F740000006C007C4F2020624D0706800F00C0066
:10F7500004281AD0706800F00C00082802D17068E4
:10F76000C00312D46068002800F04181B0F5803FEA
:10F7700007D03168B0F5A02F40F06E8141F48020B1
:10F780003060306840F480306CE13068800301D52F
:10F790006068D0B32078800718D5706810F00C0F1F
:10F7A00007D0706800F00C00082856D17068C003BC
:10F7B00053D43068800702D52069012825D13068EC
:10F7C000616920F0F80040EAC1003060207800074D
:10F7D0001FD42078400731D4E56995B1706800F0F6
:10F7E0000C00082840F08B80012D0ED07068216A33
:10F7F00000F480328A4208D1616A00F470108842B5
:10F8000003D1002002B0BDE8F081012002B0BDE8C4
:10F81000F081A069B8B30020C4F242200121C0F8F1
:10F820008014FFF795F80546706A800700F18A801A
:10F83000FFF78EF8401B0228F6D920E1F069C000DE
:10F8400033D4F0694FF0010840F08050F061F06966
:10F8500000F080500090009829E02069002840F2D4
:10F860000000C4F2422000F0978001210160FFF700
:10F870006FF8054630688007A1D4FFF769F8401B90
:10F880000228F7D9FBE00020C4F242200021C0F892
:10F890008014FFF75DF80546706A800799D5FFF779
:10F8A00057F8401B0228F7D9E9E04FF0000847F26B
:10F8B0000007C4F200073868C00510D4386840F467
:10F8C00080703860FFF744F8054600BF3868C0050F
:10F8D00005D4FFF73DF8401B6428F7D9CFE0E06876
:10F8E00000286BD0012806D0316A052840F09680A8
:10F8F00041F004003062306A40F0010094E00027DB
:10F90000C4F2422700203866FFF722F8022D054690
:10F910000CD100BF3068800140F1B580FFF718F8C6
:10F92000401B02284FF00300F4D96BE730688001D8
:10F930007FF567AFFFF70CF8401B02284FF003007C
:10F94000F4D95FE740F23800C2F20000006844F6E4
:10F95000D351C1F26201A0FB0101480A019000BF2E
:10F9600000BF0198411E002801913FF432AF00BF53
:10F970000198411E002801913FF42BAF00BF019870
:10F98000411E002801913FF424AF00BF0198411EA1
:10F9900000280191E4D11CE700210160FEF7D8FFA7
:10F9A000054600BF306880077FF510AFFEF7D0FF37
:10F9B000401B02284FF00300F4D923E7306A20F0FF
:10F9C00001003062306A20F004003062FEF7C0FFB0
:10F9D000054641F2883700BF306A800733D5FEF70D
:10F9E000B7FF401BB8424FF00300F5D90AE7306873
:10F9F00020F480303060306820F480203060FEF7E2
:10FA0000A7FF0546306880037FF5C4AEFEF7A0FF70
:10FA1000401B64284FF00300F4D9F3E621F0010005
:10FA20003062306A20F004003062FEF791FF054634
:10FA300041F28837306A800705D4FEF789FF401B02
:10FA4000B842F7D91BE0B8F1000F3FF4C5AEF0693A
:10FA500020F08050F061BFE621F4803030603068E3
:10FA600020F480203060FEF773FF05463068800385
:10FA70003FF590AEFEF76CFF401B6428F6D90320DB
:10FA800002B0BDE8F081206AB0F5803F05D1716811
:10FA9000A26821F40031114371607168626A21F437
:10FAA000741110430843706001203866FEF750FF60
:10FAB000044600BF306880013FF5A3AEFEF748FF63
:10FAC000001B02284FF00300F4D99BE670470000AA
:10FAD000B0B584B004460068416882684B0609D519
:10FAE00002F04103012B05D1216C204604B0BDE892
:10FAF000B04008470B0608D512F0020305D0616C30
:10FB0000204604B0BDE8B04008478B0610D512F07F
:10FB100060030DD012F0400317D094F85130032B3E
:10FB200008D100210291C168029180680290029878
:10FB300004B0B0BD636D43F0040363650023039319
:10FB4000C368039383680393039B12F020020CD0D5
:10FB5000626D42F0010262650022019282680192A8
:10FB6000026822F040020260019A626D002ADFD032
:10FB70004268890722F0E00242604FF0010284F8F7
:10FB800051201FD0416844F2957521F00301416076
:10FB9000E06CC0F6020538B14563FEF75BF918B1B9
:10FBA000606D40F040006065A06C0028C0D04563E7
:10FBB000FEF750F90028BBD0606D40F04000606552
:10FBC00004B0B0BD204604B0BDE8B040FFF77EBF32
:10FBD00070B538B10446406A30B10020206104F1AC
:10FBE000140007E0012070BD6068B0F5827F03D08B
:10FBF00004F11C00002101600026A66294F8510067
:10FC00004FF0000C38B9204684F8506000F03AF804
:10FC1000A06A00F4005C022184F8511094E80E0000
:10FC2000E0680D6802F4827225F040050D6003F46F
:10FC300004431A44236900F40060104403F00202F4
:10FC40006369104403F00102A369E569104403F4F9
:10FC50000072104405F03802256A104405F0800255
:10FC6000104340EA0C000860042000EA134048609A
:10FC7000C86920F40060C8610120666584F85100FD
:10FC8000304670BD70B586B0002640F6004405963B
:10FC9000CDE90366C4F201040068A4F5544188422A
:10FCA000029601D006B070BD41F21800C4F2020005
:10FCB000416802AD41F480414160416801F48041F6
:10FCC00001910199016841F008010160006829462D
:10FCD00000F00800019001984FF4204002900220AB
:10FCE0000390032005902046FEF726FD4FF4804048
:10FCF000CDE90206204629460496FEF71DFD242084
:10FD000002210022FFF7E6FA2420FFF7D3FA06B01B
:10FD100070BD00002DE9F04182B0044690F851001A
:10FD2000012818D160681D4617460E46B0F5827F3F
:10FD300001D1A06898B1FEF70BFE8046002E4FF06F
:10FD4000010018BF002F02D102B0BDE8F08194F885
:10FD50005000012810D1022002B0BDE8F08104203B
:10FD600084F851002046314632463B46009500F06B
:10FD7000CDF902B0BDE8F081012084F850000420E4
:10FD8000002184F851006165A663A787E787216396
:10FD9000A186E186A2682068B2F5004F2164616403
:10FDA00037D0016849063FD5E268E18F002A43D089
:10FDB000002972D0691C1AD08168C90706D1FEF7E4
:10FDC000C7FDA0EB0800A84208D398E0C068A16B6B
:10FDD00021F8020BA163E08F0138E087E08F002853
:10FDE0005BD020688168C907E9D0EFE720688168A7
:10FDF000C90702D1FEF7ACFD07E0C068A16B21F88E
:10FE0000020BA163E08F0138E087E08F0028EDD17D
:10FE100043E0016821F040010160016821F4804164
:10FE2000016001684906BFD4016841F040010160EA
:10FE3000E268E18F002ABBD179B3691C1BD000BFF7
:10FE40008168C90706D1FEF783FDA0EB0800A84230
:10FE500009D354E0007BA16B0870A06B0130A06354
:10FE6000E08F0138E087E08FB8B120688168C9076A
:10FE7000E9D0EFE720688168C90702D1FEF768FD85
:10FE800008E0007BA16B0870A06B0130A063E08FDD
:10FE90000138E087E08F0028ECD16068B0F5827F00
:10FEA00011D1A068B0F5004F02D0B0F5806F0AD133
:10FEB0002168B0F5806F0A6822F040020A6002D122
:10FEC0002046012101E02046802100222B46CDF86A
:10FED000008004F065FC28B1606D40F02000606592
:10FEE00020206065012084F85100002084F8500033
:10FEF000606D002818BF012002B0BDE8F08101202C
:10FF000084F85100002084F85000032002B0BDE8BE
:10FF1000F08100002DE9F04182B01D4616460F46E3
:10FF20000446FEF715FD94F8511001290DD18046C5
:10FF3000002F4FF0010018BF002E02D102B0BDE823
:10FF4000F08194F85000012803D1022002B0BDE8EE
:10FF5000F081012084F850000320002184F8510032
:10FF600061652763A686E686A163A187E187A0680D
:10FF70002164B0F5004F2068616407D1016821F069
:10FF800040010160016841F4804101600168490657
:10FF900003D4016841F0400101606168731EE268AA
:10FFA000B1FA81F1B3FA83F349095B09B2F5006F45
:10FFB00041EA030139D131B137F8021BC16027632F
:10FFC000E18E0139E186E18E00296FD0691C1AD0DB
:10FFD0008168890706D4FEF7BBFCA0EB0800A842A5
:10FFE00008D345E0216B31F8022BC2602163E08E1B
:10FFF0000138E086E08E002858D0206881688907A3
:020000040802F0
:10000000E9D5EFE720688168890702D4FEF7A0FCF4
:1000100007E0216B31F8022BC2602163E08E0138CA
:10002000E086E08E0028EDD140E039B139780173E7
:10003000206B01302063E08E0138E086E08EA8B3AB
:10004000681C0BD122E0216B09780173206B013011
:100050002063E08E0138E086E08E38B32068816846
:100060008907F0D4FEF774FCA0EB0800A842F3D394
:10007000012084F85100002084F85000032002B0D1
:10008000BDE8F081FEF764FCE08E78B120688168FD
:100090008907F7D5216B09780173206B0130206344
:1000A000E08E0138E086E08E0028EFD12046022164
:1000B00001222B46CDF8008004F072FB40B92046A7
:1000C000802100222B46CDF8008004F069FB28B186
:1000D000606D40F02000606520206065A06838B940
:1000E000002001902068C16801918068019001980A
:1000F000012084F85100002084F85000606D002831
:1001000018BF012002B0BDE8F08100002DE9F043E6
:1001100083B01E4615460F460446FEF719FC94F8B8
:1001200051108146012908D1002F4FF0010018BF5E
:10013000002D0ED103B0BDE8F0836068B0F5827F7A
:100140000DD104294FF00200F4D1A1680029EBD0B1
:10015000F0E7002EEED094F85000012803D10220E1
:1001600003B0BDE8F083012084F8500094F85100FA
:10017000002104281CBF052084F851006165A56397
:10018000E687A6872763E6862068A68621646164E1
:100190000168490603D4016841F0400101606168CB
:1001A000731EE268B1FA81F1B3FA83F3DDF82880B7
:1001B00049095B09B2F5006F41EA030164D131B12D
:1001C00037F8021BC1602763E08E0138E086012505
:1001D00018F1010031D101E0FEF7BAFBE08E18B949
:1001E000E08F002800F0B8802068816889070CD56E
:1001F000E18E012D09D141B1216B002531F8022B8F
:10020000C2602163E18E0139E1868168C907E3D0CC
:10021000E18F0029E0D0C068A16B012521F8020B15
:10022000A163E08F0138E087D6E700BFFEF790FBBF
:10023000A0EB0900404580F0AE80E08E18B9E08F59
:10024000002800F089802068816889070CD5E18E3C
:10025000012D09D141B1216B002531F8022BC2607B
:100260002163E18E0139E1868168C907DED0E18F23
:100270000029DBD0C068A16B012521F8020BA16326
:10028000E08F0138E087D1E739B139780173206B0D
:1002900001302063E08E0138E086012518F101006D
:1002A00032D101E0FEF754FBE08E10B9E08F002858
:1002B00052D02068816889070ED5E18E012D0BD1BF
:1002C00051B1216B002509780173216B2068013140
:1002D0002163E18E0139E1868168C907E2D0E18FAF
:1002E0000029DFD0C068A16B01250870A06B013028
:1002F000A063E08F0138E087D4E700BFFEF728FB5A
:10030000A0EB0900404546D2E08E08B9E08F18B353
:100310002068816889070ED5E18E012D0BD151B17E
:10032000216B002509780173216B2068013121635D
:10033000E18E0139E1868168C907DFD0E18F0029AC
:10034000DCD0C068A16B01250870A06B0130A063F0
:10035000E08F0138E087D1E72046022101224346A1
:10036000CDF8009004F01CFA40B92046802100220C
:100370004346CDF8009004F013FAB0B1606D40F040
:100380002000606520206065002084F85000012076
:1003900003B0BDE8F083012084F85100002084F808
:1003A0005000032003B0BDE8F083A06838B90020F6
:1003B00002902068C1680291806802900298012032
:1003C00084F85100002084F85000606D002818BFA8
:1003D000012003B0BDE8F083411E0020B0EB116F97
:1003E0001CBF012070474EF21002CEF20002516095
:1003F0004EF62351CEF20001F0230B7007219060DE
:1004000011607047704700007047000010B590F809
:100410003C20012A4FF0020241D0012380F83C30F9
:1004200080F83D200268D2F804E0D2F808C00C68D9
:100430002EF07003234340F6FF34C4F20004A242BE
:1004400053600FDCB2F1804F1ED040F20043C4F283
:1004500000039A4218D040F60003C4F200039A4207
:1004600012D016E040F60043C4F200039A420BD0CB
:1004700043F20043C4F201039A4205D042F600431E
:10048000C4F201039A4204D149682CF08003194355
:1004900091600121002280F83D1080F83C20104638
:1004A00010BD0000002804BF0120704710B50446AD
:1004B00090F83D0028B9002084F83C00204600F068
:1004C0001FF8022084F83D002068211D04F0A2FBE3
:1004D000012084F8460084F83E0084F83F0084F848
:1004E000400084F8410084F8420084F8430084F816
:1004F000440084F8450084F83D00002010BD000051
:1005000010B582B00068B0F1804F17D042F60041BC
:10051000C4F2010188422AD141F21800C4F202005B
:100520000168002241F4006101600068032100F4C9
:100530000060019001981920192410E041F2180080
:10054000C4F202004168002241F0010141604068AC
:10055000052100F00100009000981C201C24FEF7EB
:10056000B9FE204602B0BDE81040FEF7A3BE02B0BF
:1005700010BD000090F83D1001291CBF01207047FC
:10058000022180F83D10006840F6FF31C4F20001FE
:1005900088420FDCB0F1804F1ED040F20041C4F21F
:1005A0000001884218D040F60001C4F200018842E0
:1005B00012D018E040F60041C4F2000188420BD08E
:1005C00043F20041C4F20101884205D042F60041E5
:1005D000C4F20101884206D1816801F007010629B1
:1005E00004BF00207047016841F001010160002054
:1005F0007047000090F83D1001291CBF0120704792
:10060000022180F83D10006840F6FF32C168C4F254
:100610000002904241F00101C1600FDCB0F1804F57
:100620001ED040F20041C4F20001884218D040F6CA
:100630000001C4F20001884212D018E040F60041E7
:10064000C4F2000188420BD043F20041C4F2010120
:10065000884205D042F60041C4F20101884206D129
:10066000816801F00701062904BF00207047016876
:1006700041F00101016000207047000080B590F852
:100680003C20012A4FF0020200F0C280012380F8D2
:100690003C3080F83D20D0F800C04FF67772DCF88F
:1006A000083023EA0202CCF808200B684F2B28DC24
:1006B0001F2B43DD202B44D0302B42D0402B40F069
:1006C000A980D1F804E0C968DCF82030DCF82020EB
:1006D00022F00102CCF82020DCF8182022F0F002F1
:1006E00042EA011123F00A0242EA0E02CCF8181085
:1006F000CCF82020DCF8081041F0470121F030014F
:100700007DE06F2B25DDB3F5005F46D0B3F5805F4C
:1007100077D0702B7ED1D1E901E3C968DCF80820DD
:1007200043EA0E0322F47F4243EA01211143CCF84D
:100730000810DCF8081041F0770160E00BB1102BD5
:1007400068D1DCF8081021F07001194341F007016D
:1007500055E0502B34D0602B5CD1D1F804E0C9684F
:10076000DCF82030DCF8202022F01002CCF8202029
:10077000DCF8182022F4704242EA013123F0A00292
:1007800042EA0E12CCF81810CCF82020DCF8081041
:1007900041F0670121F0100131E0D1E901E3C968BE
:1007A000DCF8082043EA0E0322F47F4243EA0121E9
:1007B0001143CCF80810DCF8081041F480411EE029
:1007C000D1F804E0C968DCF82030DCF8202022F001
:1007D0000102CCF82020DCF8182022F0F00242EAD6
:1007E000011123F00A0242EA0E02CCF81810CCF8EC
:1007F0002020DCF8081041F0570121F02001CCF84E
:1008000008100022012180F83D10002180F83C10E2
:10081000104680BD0122F5E770470000B0B50446E0
:100820000068C168026902EA0105A90720D46807C7
:1008300038D4280752D4E8066BD4E80740F0878004
:10084000280600F18E80680606D520686FF040010A
:100850000161204600F0A0F8A80658BFB0BD21688D
:100860006FF0200220460A61BDE8B040FFF7CCBD22
:100870006FF002010161012121778069800707D0B3
:100880002046FFF7C9FF002020776807D1D509E08F
:10089000204600F071F8204600F070F80020207724
:1008A0006807C6D520686FF0040101610221217735
:1008B000806910F4407F07D02046FFF7ADFF00208D
:1008C00020772807B7D509E0204600F055F82046E4
:1008D00000F054F8002020772807ACD520686FF08E
:1008E0000801016104212177C069800707D02046F3
:1008F000FFF792FF00202077E8069ED509E020460A
:1009000000F03AF8204600F039F800202077E80699
:1009100093D520686FF01001016108212177C0692B
:1009200010F4407F08D02046FFF776FF00202077A4
:10093000E8073FF485AF0AE0204600F01DF82046A6
:1009400000F01CF800202077E8073FF479AF20681A
:100950006FF001010161204600F012F828067FF5D2
:1009600072AF20686FF0800101612046FFF74AFDF9
:1009700068067FF571AF68E77047000070470000B8
:1009800080B50068B0F1804F18BF80BD03F068F8F3
:10099000BDE88040F8F7A6B9704700007047000036
:1009A000002804BF0120704710B50446242084F8B5
:1009B00041002068C16821F40051C160204600F068
:1009C0009DFB0020606484F8410084F842002063AD
:1009D000606384F8400010BD10B582B0416CF9B17D
:1009E0000021019100680268019242680192019A17
:1009F00001910268019242680192019A0191026894
:100A0000019242680192019A019101680191416845
:100A10000191019940F26411C2F20001097809B113
:100A200002B010BD44F60001C4F2000188421BD0A0
:100A300045F20001C4F2000188422DD044F6004185
:100A4000C4F200018842EBD140F2DC10C2F2000097
:100A500000F10A0142F2E010C2F20000012202B0ED
:100A6000BDE8104000F03ABD40F2DC1042F29814AC
:100A7000C2F20000C2F2000400F109012046012286
:100A800000F02CFD00200190206801680191406871
:100A90000190019802B010BD40F2DC10C2F20000DB
:100AA00000F10B0142F22820C2F20000012202B044
:100AB000BDE8104000F012BDF0B581B004460068FA
:100AC0000168C268456901F02F03202B02F0200362
:100AD00006D12BB1204601B0BDE8F04004F024BEA1
:100AE0005FEA017C07D005F0010E12F4907F8EF0D2
:100AF00001052FD175B3236B1140CA0618D5012B00
:100B000016D100210091016800914168009100997F
:100B10004169490600F18481A18DE28DE38D002BAE
:100B20001CBF891A5FEA014240F0FD8001B0F0BDB0
:100B30000A0600F12E824906F8D5C16821F040016D
:100B4000C1602021204684F8411001B0BDE8F0408A
:100B500000F0E0BDCE0718BF12F4807603D0666CBB
:100B600046F00106666401F00407012686EA97074D
:100B70002F4303D1676C47F00207676401F0020757
:100B800086EA5706354303D1656C45F00405656474
:100B900053EA0E0318BF0123BCF1000F04D51BB1AB
:100BA000636C43F008036364636C002BBED0114098
:100BB000890603D5204604F0B7FD20684169626CC0
:100BC00001F0400102F00802891800F0F38100BF33
:100BD00050E8030F216820F4907041E80302C2B38B
:100BE000206850E8030F216820F4907041E8030268
:100BF0007AB3206850E8030F216820F4907041E830
:100C0000030232B3206850E8030F216820F490708B
:100C100041E80302EAB12068DAE700BF206850E843
:100C2000050F216820F0010041E80502DAB12068D3
:100C300050E8050F216820F0010041E8050292B15B
:100C4000206850E8050F216820F0010041E8050206
:100C50004AB1206850E8050F216820F0010041E802
:100C60000502002ADAD1206B012824D1206850E83F
:100C7000030F216820F0100041E80302DAB1206878
:100C800050E8030F216820F0100041E8030292B100
:100C9000206850E8030F216820F0100041E80302AB
:100CA0004AB1206850E8030F216820F0100041E8A5
:100CB0000302002ADAD1202084F8420000202063B9
:100CC00020684169490640F18E8150E8050F21688E
:100CD00020F0400041E80502002A00F072812068FF
:100CE00050E8050F216820F0400041E80502002A85
:100CF00000F06781206850E8050F216820F040006F
:100D000041E80502002A00F05C81206850E8050FE8
:100D1000216820F0400041E80502002A00F05181DE
:100D20002068D2E7206850E8030F226820F4907012
:100D300042E80303BBB3206850E8030F226820F4A5
:100D4000907042E8030373B3206850E8030F2268F1
:100D500020F4907042E803032BB3206850E8030F9F
:100D6000226820F4907042E80303002BDAD11AE0E5
:100D7000206850E8050F226820F0010042E80503D2
:100D8000DBB1206850E8050F226820F0010042E83E
:100D9000050393B1206850E8050F226820F0010098
:100DA00042E805034BB1206850E8050F226820F0A7
:100DB000010042E80503002BDAD1202084F842002C
:100DC00000202063206850E8030F226820F0100004
:100DD00042E80303DBB1206850E8030F226820F0EB
:100DE000100042E8030393B1206850E8030F226823
:100DF00020F0100042E803034BB1206850E8030FD5
:100E0000226820F0100042E80303002BDAD102220E
:100E100089B22046626301B0BDE8F040FFF7BEBD75
:100E2000E26B11684B689EB2002E3FF47FAEA18D3D
:100E30008E42BFF47BAEE3859269202A00F09E804B
:100E400050E8030F216820F4807041E80302E2B10A
:100E5000206850E8030F216820F4807041E8030205
:100E60009AB1206850E8030F216820F4807041E8AF
:100E7000030252B1206850E8030F216820F480700B
:100E800041E803020AB12068DAE7206850E8050F5C
:100E9000216820F0010041E80502BAB3206850E85B
:100EA000050F216820F0010041E8050272B32068B7
:100EB00050E8050F216820F0010041E805022AB33F
:100EC000206850E8050F216820F0010041E8050284
:100ED000002ADAD11AE0206850E8050F216820F0D6
:100EE000400041E80502DAB1206850E8050F2168AA
:100EF00020F0400041E8050292B1206850E8050F5B
:100F0000216820F0400041E805024AB1206850E81D
:100F1000050F216820F0400041E80502002ADAD1DF
:100F2000202084F8420000202063206850E8030F4E
:100F3000216820F0100041E80302DAB1206850E88F
:100F4000030F216820F0100041E8030292B12068ED
:100F500050E8030F216820F0100041E803024AB175
:100F6000206850E8030F216820F0100041E80302D8
:100F7000002ADAD1E06BFCF749FFA18D0220606303
:100F8000E08D081A81B2204601B0BDE8F040FFF7BD
:100F900005BD94F8411021297FF4C8ADA168B1F5D1
:100FA000805F01D1216921B3216A4A1C226209783C
:100FB000416025E02046FFF70FFD0020606401B08E
:100FC000F0BDE06B78B145F21D71C0F602014163DE
:100FD000FCF740FF00283FF4A9ADE06B416B01B086
:100FE000BDE8F0400847204601B0BDE8F040FFF7FB
:100FF000F3BC216A31F8022B6FF35F224260216259
:10100000E18C01390A04E1847FF490ADC16821F0DC
:101010008001C160C16841F04001C16001B0F0BD14
:10102000002804BF0120704710B5044690F8410025
:1010300028B9002084F84000204600F0EDF8242074
:1010400084F841002068D4E90212C36823F40053F5
:10105000C360036923F440531A430261D4E90423B3
:101060001143C268194341F20C639A431143C160B2
:101070004169A26921F44071114343F60002C4F2B0
:1010800001029042416102D0FEF72AFB01E0FEF727
:101090003BFB6268192148439100B0FBF1F048F234
:1010A0001F51C5F2EB11A0FB01235A096FF0630336
:1010B00002FB0300322303EB0010A0FB0101F0232D
:1010C00003EA5113206803EB0212C1F343111144E8
:1010D0008160016921F490410161416921F02A0197
:1010E0004161C16841F40051C16000202021606469
:1010F00084F8411084F84210606310BD10B5006898
:1011000044F6FF31C4F20001884229DD43F60001B4
:10111000C4F20101884239D045F20001C4F2000155
:1011200088424CD044F60041C4F20001884218BF06
:1011300010BD41F21C00C4F20200016821F400213C
:10114000016041F20040C4F20100A0F580604FF45C
:101150004061FDF701FA3420BDE81040FEF796B873
:1011600044F20041C4F20001884243D044F6000139
:10117000C4F2000188424ED141F21C02C4F20202C4
:1011800010684FF4407120F480233BE041F21C00D2
:10119000C4F2020050F8041C21F4804140F8041C01
:1011A00041F20040C4F20100A0F540604FF4C0617C
:1011B000FDF7D2F92520BDE81040FEF767B841F2EF
:1011C0001C00C4F20200016841F2004421F48011C5
:1011D000C4F201040160A4F580604FF48051FDF772
:1011E000BBF920460421FDF7B7F93520BDE81040D2
:1011F000FEF74CB841F21C02C4F2020210686021F2
:1012000020F4003341F20040C4F201001360BDE855
:101210001040FDF7A1B910BDB0B586B0006844F626
:10122000FF31C4F2000188424FF00001CDE9041102
:10123000CDE9021150DD43F60001C4F201018842FC
:1012400000F0948045F20001C4F20001884200F0F1
:10125000C98044F60041C4F20001884240F03C815C
:1012600041F21800C4F20200416802AD41F40021CD
:101270004160416801F4002101910199016841F048
:10128000100101600068294600F0100001900198EB
:101290004FF480600290022003900320059041F2F9
:1012A0000040C4F20100A0F580642046FDF744FA36
:1012B0004FF4006002900020CDE90300204629464B
:1012C000FDF73AFA342004210022FEF703F8342017
:1012D000FDF7F0FF06B0B0BD44F20041C4F20001DA
:1012E000884200F0C28044F60001C4F20001884246
:1012F00040F0F28041F21800C4F20200416841F26D
:10130000004441F4802141604168C4F2010401F4C9
:10131000802101910199016802AD41F02001016035
:101320000068294600F02000019001984FF4807079
:10133000029002200390032005902046FDF7FCF95F
:101340004FF4007002900020CDE9030020462946AA
:10135000FDF7F2F90420C4F2010008220168C0F28E
:10136000007228321143016006B0B0BD41F218008E
:10137000C4F20200016802AD41F4804101600168DD
:1013800001F4804101910199016841F0040101607B
:101390000068294600F00400019001984FF40070A5
:1013A0000290022003900320059041F20040C4F215
:1013B0000100A0F540642046FDF7BEF94FF48060BF
:1013C00002900020CDE9030020462946FDF7B4F93C
:1013D000252001210022FDF77DFF2520FDF76AFF72
:1013E00006B0B0BD41F21800C4F20200416841F2FB
:1013F000004441F4801141604168C4F2010401F4E9
:10140000801101910199016802AD41F01001016064
:10141000016801F0100101910199016841F020017A
:1014200001600068294600F02000019001984FF407
:10143000805002900220039003200590A4F5806064
:10144000FDF77AF9042002900020CDE90300204640
:101450002946FDF771F9352004210022FDF73AFFF6
:101460003520FDF727FF06B0B0BD41F21800C4F2E9
:101470000200416841F2004441F40031416041689A
:10148000C4F2010401F4003101910199016802AD37
:1014900041F0200101600068294600F02000019021
:1014A00001982020029002200390032005902046FE
:1014B000FDF742F9402002900020CDE903002046CC
:1014C0002946FDF739F90420C4F20100016841F012
:1014D000E06141F00801016006B0B0BD90F8423013
:1014E000202B1CBF0220704700294FF0010318BFBA
:1014F000002A01D11846704700230363816222212C
:101500008285C285436480F842100169006819B180
:10151000C16841F48071C1604169002341F001015B
:101520004161C16841F02001C16018467047000068
:10153000B0B540F26411C2F200010978012900D16E
:10154000B0BD006845F20001C4F20001884211D02C
:1015500044F60041C4F20001884218BFB0BD40F219
:10156000DC14C2F2000414F80A1F42F2E015C2F2C1
:10157000000509E040F2DC14C2F2000414F80B1F6D
:1015800042F22825C2F200052846F5F765FE2846F6
:1015900021460122BDE8B040FFF7A0BF2DE9F04190
:1015A000044690F8410020281CBF0220BDE8F081CD
:1015B0000F4600294FF0010000F0A2801646002AD5
:1015C00008BFBDE8F081002521209846656484F8B5
:1015D0004100FDF7BDF9A684E684A1680646B1F591
:1015E000805F05D12069002814BF38463D46074674
:1015F000E28C206801680AB318F1010246D0B8F104
:10160000000F70D0090608D4FDF7A2F9801B4045F1
:101610007AD82068C1680168F4E717B117F8011B90
:1016200004E035F8021B00276FF35F214160E18C75
:101630000139E184E28C0168002AE3D1490612D421
:10164000B8F1000F56D018F1010138D101684906F0
:101650005CBF01685FEA416105D40168490602D4B4
:1016600001684906F2D5202084F841000020BDE839
:10167000F08135F8021B00276FF35F214160E18C98
:101680000139E184E28C0168002AD7D009065FBFE6
:1016900001685FEA016101685FEA016104D40168E1
:1016A000090601D40168F1E7002FE2D017F8011B09
:1016B000E4E700BF2068C16800684006D3D4FDF7A6
:1016C00047F9801B4045F5D916E000BF35F8021BED
:1016D00000276FF35F214160E18C0139E184E28CE6
:1016E0000168002AAAD009060CD5002FEED017F801
:1016F000011BF0E7FDF72CF9202084F841000320BE
:10170000BDE8F081FDF724F9202084F84100032092
:10171000BDE8F08170470000FEE700002DE9F041D0
:1017200084B041F21000C4F20200016842F278086D
:1017300041F480010160C2F20008D8F800100022D4
:101740004A6200BF4A6A0A2A08D24A6A092A05D8A8
:101750004A6A092A02D84A6A0A2AF3D3016841F67A
:10176000CC7421F48001C2F2000440F6004501600F
:101770002046C4F20105FDF7F1F84FF480600090B7
:10178000112001900120029003206E46039028460C
:101790003146FCF7D1FF4FF4006000900027284647
:1017A00031460197FCF7C8FF28464FF480610022BC
:1017B000FDF7C8F8D8F80000476200BF416A0A295F
:1017C00008D2416A092905D8416A092902D8416A23
:1017D0000A29F3D328464FF480610122FDF7B2F8BD
:1017E000D8F8000000214162416A0A2908D2416A02
:1017F000092905D8416A092902D8416A0A29F3D37F
:1018000028464FF40061FDF78FF8012800F09B8116
:1018100028464FF4806100220026FDF793F8D8F89F
:1018200000004662416A0A2908D2416A092905D89E
:10183000416A092902D8416A0A29F3D328464FF49C
:1018400080610122FDF77EF8D8F800000021416296
:10185000416A0A2908D2416A092905D8416A092939
:1018600002D8416A0A29F3D328464FF40061FDF7F4
:101870005BF8012800F0678128464FF48061002260
:101880000026FDF75FF8D8F800004662416A0A2991
:1018900008D2416A092905D8416A092902D8416A52
:1018A0000A29F3D328464FF480610122FDF74AF854
:1018B000D8F8000000214162416A0A2908D2416A31
:1018C000092905D8416A092902D8416A0A29F3D3AE
:1018D00028464FF40061FDF727F8012800F0338116
:1018E00028464FF4806100220026FDF72BF8D8F837
:1018F00000004662416A0A2908D2416A092905D8CE
:10190000416A092902D8416A0A29F3D328464FF4CB
:1019100080610122FDF716F8D8F80000002141622D
:10192000416A0A2908D2416A092905D8416A092968
:1019300002D8416A0A29F3D328464FF40061FCF724
:10194000F3FF012800F0FF8028464FF48061002259
:101950000026FCF7F7FFD8F800004662416A0A2922
:1019600008D2416A092905D8416A092902D8416A81
:101970000A29F3D328464FF480610122FCF7E2FFE5
:10198000D8F8000000214162416A0A2908D2416A60
:10199000092905D8416A092902D8416A0A29F3D3DD
:1019A00028464FF40061FCF7BFFF012800F0CB8010
:1019B00028464FF4806100220026FCF7C3FFD8F8C8
:1019C00000004662416A0A2908D2416A092905D8FD
:1019D000416A092902D8416A0A29F3D328464FF4FB
:1019E00080610122FCF7AEFFD8F8000000214162BF
:1019F000416A0A2908D2416A092905D8416A092998
:101A000002D8416A0A29F3D328464FF40061FCF753
:101A10008BFF012800F0978028464FF48061002258
:101A20000026FCF78FFFD8F800004662416A0A29B9
:101A300008D2416A092905D8416A092902D8416AB0
:101A40000A29F3D328464FF480610122FCF77AFF7C
:101A5000D8F8000000214162416A0A2908D2416A8F
:101A6000092905D8416A092902D8416A0A29F3D30C
:101A700028464FF40061FCF757FF012863D0284641
:101A80004FF4806100220026FCF75CFFD8F80000CC
:101A90004662416A0A2908D2416A092905D8416A81
:101AA000092902D8416A0A29F3D328464FF48061F4
:101AB0000122FCF747FFD8F8000000214162416A8B
:101AC0000A2908D2416A092905D8416A092902D898
:101AD000416A0A29F3D328464FF40061FCF724FF3A
:101AE000012830D028464FF4806100220026FCF700
:101AF00029FFD8F800004662416A0A2908D2416AE3
:101B0000092905D8416A092902D8416A0A29F3D36B
:101B100028464FF480610122FCF714FFD8F800003A
:101B200000214162416A0A2908D2416A092905D87F
:101B3000416A092902D8416A0A29F3D328464FF499
:101B40000061FCF7F1FEA5F5344048F2A061C0F257
:101B5000010100224FF4804384E807002046C4E9D5
:101B60000323C4E90522C4E90722FCF713FF002878
:101B700004BF04B0BDE8F081FAF7B2FC2DE9F041F2
:101B800084B041F21000C4F20200016842F2780809
:101B900041F400110160C2F20008D8F800100022E0
:101BA0004A6200BF4A6A0A2A08D24A6A092A05D844
:101BB0004A6A092A02D84A6A0A2AF3D3016841F616
:101BC000787421F40011C2F2000440F6004501606F
:101BD0002046C4F20105FCF7C1FE40200090112010
:101BE00001900120029003206E4603902846314662
:101BF000FCF7A2FD8020009000272846314601977F
:101C0000FCF79AFD284640210022FCF79BFED8F8FD
:101C100000004762416A0A2908D2416A092905D8A9
:101C2000416A092902D8416A0A29F3D3284640218A
:101C30000122FCF787FED8F800000021416200BFB6
:101C4000416A0A2908D2416A092905D8416A092945
:101C500002D8416A0A29F3D328468021FCF764FEA2
:101C6000012800F088812846402100220026FCF748
:101C700069FED8F800004662416A0A2908D2416A22
:101C8000092905D8416A092902D8416A0A29F3D3EA
:101C9000284640210122FCF755FED8F8000000211B
:101CA000416200BF416A0A2908D2416A092905D860
:101CB000416A092902D8416A0A29F3D328468021BA
:101CC000FCF732FE012800F0568128464021002210
:101CD0000026FCF737FED8F800004662416A0A2960
:101CE00008D2416A092905D8416A092902D8416AFE
:101CF0000A29F3D3284640210122FCF723FED8F815
:101D000000000021416200BF416A0A2908D2416AED
:101D1000092905D8416A092902D8416A0A29F3D359
:101D200028468021FCF700FE012800F02481284687
:101D3000402100220026FCF705FED8F8000046628C
:101D4000416A0A2908D2416A092905D8416A092944
:101D500002D8416A0A29F3D3284640210122FCF720
:101D6000F1FDD8F800000021416200BF416A0A2954
:101D700008D2416A092905D8416A092902D8416A6D
:101D80000A29F3D328468021FCF7CEFD012800F074
:101D9000F2802846402100220026FCF7D3FDD8F827
:101DA00000004662416A0A2908D2416A092905D819
:101DB000416A092902D8416A0A29F3D328464021F9
:101DC0000122FCF7BFFDD8F800000021416200BFEE
:101DD000416A0A2908D2416A092905D8416A0929B4
:101DE00002D8416A0A29F3D328468021FCF79CFDDA
:101DF000012800F0C0802846402100220026FCF780
:101E0000A1FDD8F800004662416A0A2908D2416A59
:101E1000092905D8416A092902D8416A0A29F3D358
:101E2000284640210122FCF78DFDD8F80000002152
:101E3000416200BF416A0A2908D2416A092905D8CE
:101E4000416A092902D8416A0A29F3D32846802128
:101E5000FCF76AFD012800F08E8028464021002210
:101E60000026FCF76FFDD8F800004662416A0A2997
:101E700008D2416A092905D8416A092902D8416A6C
:101E80000A29F3D3284640210122FCF75BFDD8F84C
:101E9000000000214162416A0A2908D2416A0929E9
:101EA00005D8416A092902D8416A0A29F3D328468C
:101EB0008021FCF739FD01285DD028464021002211
:101EC0000026FCF73FFDD8F800004662416A0A2967
:101ED00008D2416A092905D8416A092902D8416A0C
:101EE0000A29F3D3284640210122FCF72BFDD8F81C
:101EF000000000214162416A0A2908D2416A092989
:101F000005D8416A092902D8416A0A29F3D328462B
:101F10008021FCF709FD01282DD028464021002210
:101F20000026FCF70FFDD8F800004662416A0A2936
:101F300008D2416A092905D8416A092902D8416AAB
:101F40000A29F3D3284640210122FCF7FBFCD8F8EC
:101F5000000000214162416A0A2908D2416A092928
:101F600005D8416A092902D8416A0A29F3D32846CB
:101F70008021FCF7D9FCA5F5384041F68021C0F25C
:101F8000060100224FF4804384E807002046C4E99C
:101F90000323C4E90522C4E90722FCF7FBFC00285F
:101FA00004BF04B0BDE8F081FAF79AFA2DE9F047D2
:101FB000A6B00DF15809884605464846402192468C
:101FC000EEF720FB06AF384640214FEA4A04EEF711
:101FD00019FB6420E1B2CDE90071029041F67870FE
:101FE000C2F2000010212A4601231024FCF7A4FDB0
:101FF000064618B1304626B0BDE8F0878DF811408E
:1020000011209DF818408DF813000DF111000421E6
:102010008DF812508DF81440F6F796FE9DF81910C1
:1020200088422BD1BAF1020F8DF8584019D3AAF18A
:10203000010509F1010402370DF11509012600BF60
:102040003878012120708DF815004846F6F77CFE9F
:1020500079788842CED1013D04F1010407F10207ED
:10206000EED1BAF1000F04D016A940465246EEF761
:1020700062FA0026304626B0BDE8F08701263046D9
:1020800026B0BDE8F08700002DE9F04381B0154689
:1020900004464028884640F08F81022D40F28C8112
:1020A000402041462A46FFF781FF002800F02383A5
:1020B000FFF764FD40F2D830C2F2000000F11004D6
:1020C0002046FDF76DF842F27806C2F2000630684D
:1020D00000214162416AB1F57A7F0BD2416AC90899
:1020E0007C2907D8416AC9087C2903D8416AB1F51F
:1020F0007A7FEFD32046FDF753F830680021416224
:10210000416AB1F57A7F0BD2416AC9087C2907D8A8
:10211000416AC9087C2903D8416AB1F57A7FEFD3B7
:102120002046FDF73DF8306800214162416AB1F573
:102130007A7F0BD2416AC9087C2907D8416AC9084D
:102140007C2903D8416AB1F57A7FEFD32046FDF7A9
:1021500027F8306800214162416AB1F57A7F0BD2DD
:10216000416AC9087C2907D8416AC9087C2903D873
:10217000416AB1F57A7FEFD32046FDF711F8306858
:1021800000214162416AB1F57A7F0BD2416AC908E8
:102190007C2907D8416AC9087C2903D8416AB1F56E
:1021A0007A7FEFD340F2D830C2F2000000F110067F
:1021B0003046FCF7F5FF402041462A46FFF7F6FE81
:1021C000002800F0A082FFF7D9FC3046FCF7E8FFBA
:1021D00042F27804C2F2000420680021416200BF8C
:1021E000416AB1F57A7F0BD2416AC9087C2907D8C8
:1021F000416AC9087C2903D8416AB1F57A7FEFD3D7
:102200003046FCF7CDFF206800214162416AB1F5FC
:102210007A7F0BD2416AC9087C2907D8416AC9086C
:102220007C2903D8416AB1F57A7FEFD33046FCF7B9
:10223000B7FF206800214162416AB1F57A7F0BD275
:10224000416AC9087C2907D8416AC9087C2903D892
:10225000416AB1F57A7FEFD33046FCF7A1FF2068E1
:1022600000214162416AB1F57A7F0BD2416AC90807
:102270007C2907D8416AC9087C2903D8416AB1F58D
:102280007A7FEFD33046FCF78BFF20680021416254
:10229000416AB1F57A7F0BD2416AC9087C2907D817
:1022A000416AC9087C2903D8416AB1F57A7FEFD326
:1022B0003046FCF775FF402041462A46FFF776FE80
:1022C000002800F028820746FFF758FC3046FCF74C
:1022D00067FF42F27804C2F20004206800214162E4
:1022E000416AB1F57A7F0BD2416AC9087C2907D8C7
:1022F000416AC9087C2903D8416AB1F57A7FEFD3D6
:102300003046FCF74DFF206800214162416AB1F57B
:102310007A7F0BD2416AC9087C2907D8416AC9086B
:102320007C2903D8416AB1F57A7FEFD33046FCF7B8
:1023300037FF206800214162416AB1F57A7F0BD2F4
:10234000416AC9087C2907D8416AC9087C2903D891
:10235000416AB1F57A7FEFD33046FCF721FF206860
:1023600000214162416AB1F57A7F0BD2416AC90806
:102370007C2907D8416AC9087C2903D8416AB1F58C
:102380007A7FEFD33046FCF70BFF206800214162D3
:10239000416AB1F57A7F0BD2416AC9087C2907D816
:1023A000416AC9087C2903D8416AB1F57A7FEFD325
:1023B0003046FCF7F5FE48E2204641462A46FFF744
:1023C000F5FD00284FF0000700F03F82FFF7D6FB35
:1023D00040F2D830C2F2000000F110063046FCF79F
:1023E000DFFE42F27809C2F20009D9F80000476224
:1023F000416AB1F57A7F0BD2416AC9087C2907D8B6
:10240000416AC9087C2903D8416AB1F57A7FEFD3C4
:102410003046FCF7C5FED9F800000021416200BF3C
:10242000416AB1F57A7F0BD2416AC9087C2907D885
:10243000416AC9087C2903D8416AB1F57A7FEFD394
:102440003046FCF7ADFED9F800000021416200BF24
:10245000416AB1F57A7F0BD2416AC9087C2907D855
:10246000416AC9087C2903D8416AB1F57A7FEFD364
:102470003046FCF795FED9F800000021416200BF0C
:10248000416AB1F57A7F0BD2416AC9087C2907D825
:10249000416AC9087C2903D8416AB1F57A7FEFD334
:1024A0003046FCF77DFED9F800000021416200BFF4
:1024B000416AB1F57A7F0BD2416AC9087C2907D8F5
:1024C000416AC9087C2903D8416AB1F57A7FEFD304
:1024D0003046FCF765FE204641462A46FFF766FD7A
:1024E00000284FF0000700F0B081FFF747FB3046AF
:1024F000FCF756FED9F80000476200BF416AB1F50B
:102500007A7F0BD2416AC9087C2907D8416AC90879
:102510007C2903D8416AB1F57A7FEFD33046FCF7C6
:102520003FFED9F800000021416200BF416AB1F5C9
:102530007A7F0BD2416AC9087C2907D8416AC90849
:102540007C2903D8416AB1F57A7FEFD33046FCF796
:1025500027FED9F800000021416200BF416AB1F5B1
:102560007A7F0BD2416AC9087C2907D8416AC90819
:102570007C2903D8416AB1F57A7FEFD33046FCF766
:102580000FFED9F800000021416200BF416AB1F599
:102590007A7F0BD2416AC9087C2907D8416AC908E9
:1025A0007C2903D8416AB1F57A7FEFD33046FCF736
:1025B000F7FDD9F800000021416200BF416AB1F582
:1025C0007A7F0BD2416AC9087C2907D8416AC908B9
:1025D0007C2903D8416AB1F57A7FEFD33046FCF706
:1025E000DFFD204641462A46FFF7E0FC00284FF079
:1025F000000400F098800746FFF7C0FA3046FCF769
:10260000CFFDD9F800004462416AB1F57A7F0BD260
:10261000416AC9087C2907D8416AC9087C2903D8BE
:10262000416AB1F57A7FEFD33046FCF7B9FDD9F8AE
:1026300000000021416200BF416AB1F57A7F0BD2F0
:10264000416AC9087C2907D8416AC9087C2903D88E
:10265000416AB1F57A7FEFD33046FCF7A1FDD9F896
:1026600000000021416200BF416AB1F57A7F0BD2C0
:10267000416AC9087C2907D8416AC9087C2903D85E
:10268000416AB1F57A7FEFD33046FCF789FDD9F87E
:1026900000000021416200BF416AB1F57A7F0BD290
:1026A000416AC9087C2907D8416AC9087C2903D82E
:1026B000416AB1F57A7FEFD33046FCF771FDD9F866
:1026C00000000021416200BF416AB1F57A7F0BD260
:1026D000416AC9087C2907D8416AC9087C2903D8FE
:1026E000416AB1F57A7FEFD33046FCF759FD3846A1
:1026F00001B0BDE8F08398F80000C8B10027384663
:1027000001B0BDE8F08398F80000D0B1002738464A
:1027100001B0BDE8F08398F8000020B998F80100F6
:10272000FF2800F08D800027384601B0BDE8F08317
:1027300098F80100FF280DD00027384601B0BDE809
:10274000F08398F80100FF2842D00027384601B0F6
:10275000BDE8F08398F802000027FF2875D140F209
:10276000D830C2F2000000F110042046FCF718FD3A
:1027700042F27806C2F2000630684762416AB1F55B
:102780007A7F0BD2416AC9087C2907D8416AC908F7
:102790007C2903D8416AB1F57A7FEFD32046FCF754
:1027A000FFFC306800214162416AB1F57A7FBFF4D5
:1027B000F9AC416AC9087C293FF6F4AC416AC90802
:1027C0007C293FF6EFAC416AB1F57A7FECD3E9E4BE
:1027D00098F802000027FF2837D13046FCF7E0FCCC
:1027E00042F27804C2F2000420684762416AB1F5FF
:1027F0007A7F0BD2416AC9087C2907D8416AC90887
:102800007C2903D8416AB1F57A7FEFD33046FCF7D3
:10281000C7FC206800214162416AB1F57A7FBFF4AC
:1028200047AD416AC9087C293FF642AD416AC908F3
:102830007C293FF63DAD416AB1F57A7FECD337E5AF
:1028400098F802000027FF2803D0384601B0BDE801
:10285000F0833046FCF7A4FC42F27804C2F2000494
:1028600020684762416AB1F57A7F0BD2416AC90894
:102870007C2907D8416AC9087C2903D8416AB1F587
:102880007A7FEFD33046FCF78BFC20680021416251
:10289000416AB1F57A7F0BD2416AC9087C2907D811
:1028A000416AC9087C2903D8416AB1F57A7FEFD320
:1028B0003046FCF775FC0227384601B0BDE8F083CE
:1028C0002DE9F04782B0044600680F4601680A9E71
:1028D00041F48061016001680B9D9946904641F486
:1028E000807116F1010A016035D04169C90760D1D4
:1028F0001EB910E04169C90737D1FCF729F8411B1F
:102900002068B142F6D94169C907F3D109E000BF97
:102910004169C90729D1FCF71BF820684169C9073B
:10292000F6D100212022216384F83D2084F83E1056
:10293000226C42F02002226484F83C100068C0053A
:1029400044BF4FF400702064032002B0BDE8F0875C
:102950004169C90709D14169C90706D14169C90758
:1029600004BF41695FEAC171F2D007F0FE07BAF116
:10297000000F076119D04169890720D55BE000BFCE
:10298000416949053FD44169890754D441694905E2
:1029900039D4416989074ED44169490533D4416925
:1029A000890748D4416949052DD441698907E7D58C
:1029B00041E007F0FE070761416989073BD441699F
:1029C00001F480618EB1F1B9FBF7C2FF411B2068B1
:1029D000B14203D94169890740F1DF804169890724
:1029E00029D441694905EFD50DE061B9FBF7B0FF86
:1029F00020684169890740F1D080416989071AD46C
:102A000041694905F2D5016841F4007101606FF434
:102A10008061416100202021206384F83D1084F80A
:102A20003E00216C41F00401216484F83C00012047
:102A300002B0BDE8F0870021019141692A46019169
:102A40008069314601900198204600F05BFAB0B9E8
:102A5000B9F1010F09D020684FEA18210161204621
:102A600031462A4600F04EFA48B920685FFA88F1EC
:102A70000161204631462A4600F044FA58B1206CE4
:102A80000428D4D12068016841F40071016001205C
:102A900002B0BDE8F0872068BAF1000F016841F488
:102AA000807101601ED04169C90749D11EB90FE08C
:102AB0004169C90720D1FBF74BFF411B2068B14298
:102AC000F6D94169C907F3D12BE74169C90713D189
:102AD000FBF73EFF20684169C907F6D121E741694C
:102AE000C90709D14169C90706D14169C90704BFAE
:102AF00041695FEAC171F2D047F00101BAF1000FFC
:102B0000016120D118E0416949053FF57CAF416979
:102B100089074DD4416949053FF575AF416989077A
:102B200046D4416949053FF56EAF416989073FD4F5
:102B3000416949053FF567AF41698907E3D537E04A
:102B400047F0010101614169890731D4416901F40C
:102B5000806196B100297FF456AFFBF7F9FE411B67
:102B60002068B14202D94169890716D541698907B0
:102B70001ED441694905F0D545E700297FF443AFEC
:102B8000FBF7E6FE20684169890706D54169890798
:102B90000ED441694905F3D535E700202021206393
:102BA00084F83D1084F83E00216C41F020013BE7A1
:102BB000002002B0BDE8F0872DE9F04782B004465E
:102BC00000680D4601680A9FDDF82CA099469046E2
:102BD00041F480717E1C016035D04169C9075ED126
:102BE0001FB910E04169C90737D1FBF7B1FEA0EB6F
:102BF0000A012068B942F5D94169C907F2D108E054
:102C00004169C90729D1FBF7A3FE20684169C907BB
:102C1000F6D100212022216384F83D2084F83E1063
:102C2000226C42F02002226484F83C100068C00547
:102C300044BF4FF400702064032002B0BDE8F08769
:102C40004169C90709D14169C90706D14169C90765
:102C500004BF41695FEAC171F2D005F0FE01016174
:102C6000CEB14169890720D55AE000BF41694905C5
:102C70003ED44169890753D44169490538D4416933
:102C800089074DD44169490532D44169890747D440
:102C9000416949052CD441698907E7D540E005F031
:102CA000FE010161416989073AD4416901F48061FB
:102CB0008FB1E9B9FBF74CFEA0EB0A012068B942DD
:102CC00002D9416989075AD54169890728D44169E0
:102CD0004905EFD50CE059B9FBF73AFE2068416988
:102CE00089074CD5416989071AD441694905F3D54B
:102CF000016841F4007101606FF48061416100205E
:102D00002021206384F83D1084F83E00216C41F0BE
:102D10000401216484F83C00012002B0BDE8F08782
:102D20000021019141695246019180693946019023
:102D30000198204600F0E6F858B1206C0428EBD149
:102D40002068016841F400710160012002B0BDE813
:102D5000F087B9F1010F0AD020684FEA182101610C
:102D600020463946524600F0CDF80028E5D12068CB
:102D70005FFA88F10161002002B0BDE8F087002011
:102D80002021206384F83D1084F83E00216C41F03E
:102D90002001BEE770B50368044653F8140F4007DE
:102DA0002DD40E46481C24D05EBB00BF18684005D9
:102DB00049D4FBF7CDFD236853F8140F400733D5F2
:102DC00018684007F2D51AE0186840053BD4186827
:102DD000400714D41868400535D4186840070ED44D
:102DE000186840052FD4186840074FF0000048BF0E
:102DF00070BD1868400526D418684007E4D5002047
:102E000070BD154604E000BF53F8140F4007F6D418
:102E10001868400517D4FBF79BFD401B2368B042A0
:102E2000F2D958694007EFD400202021206384F8AC
:102E30003D1084F83E00216C41F02001216484F8AB
:102E40003C00012070BD6FF48060186000202021DC
:102E5000206384F83D1084F83E00216C41F00401A9
:102E6000216484F83C00012070BD000070B5044668
:102E70000068154650F8143F5A0640D40E4629B94A
:102E80002AE000BF50F8141F490638D40168C9066B
:102E900025D4FBF75DFD411B2068B142F2D94169A1
:102EA0004906EFD400202021206384F83D1084F8E7
:102EB0003E00216C41F02001216484F83C00012097
:102EC00070BD00BFFBF744FD206850F8141F490691
:102ED000E8D50168490612D40168C906F2D56FF039
:102EE0001001016000202021206384F83D1084F847
:102EF0003E00216C216484F83C00012070BD00205C
:102F000070BD000070B50368044653F8140F000646
:102F10002DD40E46481C24D05EBB00BF1868400567
:102F200049D4FBF715FD236853F8140F000633D579
:102F300018680006F2D51AE0186840053BD41868F6
:102F4000000614D41868400535D4186800060ED45D
:102F5000186840052FD4186800064FF0000048BFDD
:102F600070BD1868400526D418680006E4D5002016
:102F700070BD154604E000BF53F8140F0006F6D4E8
:102F80001868400517D4FBF7E3FC401B2368B042E8
:102F9000F2D958690006EFD400202021206384F87C
:102FA0003D1084F83E00216C41F02001216484F83A
:102FB0003C00012070BD6FF480601860002020216B
:102FC000206384F83D1084F83E00216C41F0040138
:102FD000216484F83C00012070BD00002DE9F04F11
:102FE00097B00DF11C08044608F1010550008A460F
:102FF0005FFA80F928463F211646EDF7E1FA1020E6
:103000008DF819009AF8000003218DF81B008DF847
:103010001C000DF119008DF81A40F5F795FE022EEF
:103020008DF81D00C0F03482A8F10208C6F1000B33
:10303000CDE90459AAF1010506AE5F46C14600BFBD
:10304000A878012189F804008DF818003046F5F7BA
:103050007BFE013789F8050009F10209781C05F1AA
:103060000105EDD1642007A9029041F67870059F13
:103070000091C2F200001021224601230197FBF7C4
:1030800025FF00284FF0000600F0E983FEF776FDEB
:1030900040F2D830C2F2000000F110073846FCF7C9
:1030A0007FF842F27805C2F200052868466200BF48
:1030B000416AB1F57A7F0BD2416AC9087C2907D8E9
:1030C000416AC9087C2903D8416AB1F57A7FEFD3F8
:1030D0003846FCF765F8286800214162049E00BF6D
:1030E000416AB1F57A7F0BD2416AC9087C2907D8B9
:1030F000416AC9087C2903D8416AB1F57A7FEFD3C8
:103100003846FCF74DF8286800214162416AB1F564
:103110007A7F0BD2416AC9087C2907D8416AC9085D
:103120007C2903D8416AB1F57A7FEFD33846FCF7A2
:1031300037F8286800214162416AB1F57A7F0BD2E5
:10314000416AC9087C2907D8416AC9087C2903D883
:10315000416AB1F57A7FEFD33846FCF721F8286849
:1031600000214162416AB1F57A7F0BD2416AC908F8
:103170007C2907D8416AC9087C2903D8416AB1F57E
:103180007A7FEFD338460397FCF70AF830463F21A1
:10319000EDF716FA102055468DF8190015F80109BB
:1031A00003218DF81B008DF81C000DF11900A146BC
:1031B0008DF81A40F5F7C8FD06AE5C4647468DF817
:1031C0001D0000BFA878012138718DF81800304625
:1031D000F5F7BAFD013478710237601C05F101057D
:1031E000F0D16420029041F678704C464A46DDF8F2
:1031F000149007ADC2F20000102101230095CDF814
:103200000490FBF763FE00284FF0000600F02783D0
:10321000FEF7B4FC039D2846FBF7C2FF42F278009C
:10322000C2F2000000684662416AB1F57A7F0BD2B3
:10323000416AC9087C2907D8416AC9087C2903D892
:10324000416AB1F57A7FEFD32846FBF7A9FF42F236
:103250007800C2F20000006800214162049E00BFB5
:10326000416AB1F57A7F0BD2416AC9087C2907D837
:10327000416AC9087C2903D8416AB1F57A7FEFD346
:103280002846FBF78DFF42F27800C2F2000000688A
:1032900000214162416AB1F57A7F0BD2416AC908C7
:1032A0007C2907D8416AC9087C2903D8416AB1F54D
:1032B0007A7FEFD32846FBF773FF42F27800C2F221
:1032C0000000006800214162416AB1F57A7F0BD2AB
:1032D000416AC9087C2907D8416AC9087C2903D8F2
:1032E000416AB1F57A7FEFD32846FBF759FF42F2E6
:1032F0007800C2F20000006800214162416AB1F525
:103300007A7F0BD2416AC9087C2907D8416AC9086B
:103310007C2903D8416AB1F57A7FEFD32846FBF7C1
:103320003FFF30463F21EDF74BF910208DF8190093
:103330001AF8010903218DF81B008DF81C000DF10E
:1033400019008DF81A40F5F7FFFC06AE8DF81D0048
:103350009AF80200012188F804008DF81800304620
:10336000F5F7F2FC0BF1010B88F8050008F10208F3
:103370001BF101000AF1010AEAD107A8CDE9000911
:1033800041F678706427C2F2000010212246012322
:103390000297FBF79BFD00284FF0000400F06382CA
:1033A0000646FEF7EBFB2846FBF7FAFE42F27807EB
:1033B000C2F2000738684462416AB1F57A7F0BD2E5
:1033C000416AC9087C2907D8416AC9087C2903D801
:1033D000416AB1F57A7FEFD32846FBF7E1FE386802
:1033E00000214162416AB1F57A7F0BD2416AC90876
:1033F0007C2907D8416AC9087C2903D8416AB1F5FC
:103400007A7FEFD32846FBF7CBFE38680021416274
:10341000416AB1F57A7F0BD2416AC9087C2907D885
:10342000416AC9087C2903D8416AB1F57A7FEFD394
:103430002846FBF7B5FE386800214162416AB1F5C4
:103440007A7F0BD2416AC9087C2907D8416AC9082A
:103450007C2903D8416AB1F57A7FEFD32846FBF780
:103460009FFE386800214162416AB1F57A7F0BD234
:10347000416AC9087C2907D8416AC9087C2903D850
:10348000416AB1F57A7FEFD32846FBF789FEE6E182
:103490006420029041F67870C2F2000010212246AA
:1034A0000123CDF80080CDF80490FBF70FFD002834
:1034B0004FF0000600F0D381FEF760FB40F2D830F9
:1034C000C2F2000000F110073846FBF769FE42F235
:1034D000780BC2F2000BDBF800004662416AB1F5DE
:1034E0007A7F0BD2416AC9087C2907D8416AC9088A
:1034F0007C2903D8416AB1F57A7FEFD33846FBF7D0
:103500004FFEDBF800000021416200BF416AB1F5C7
:103510007A7F0BD2416AC9087C2907D8416AC90859
:103520007C2903D8416AB1F57A7FEFD33846FBF79F
:1035300037FEDBF800000021416200BF416AB1F5AF
:103540007A7F0BD2416AC9087C2907D8416AC90829
:103550007C2903D8416AB1F57A7FEFD33846FBF76F
:103560001FFEDBF800000021416200BF416AB1F597
:103570007A7F0BD2416AC9087C2907D8416AC908F9
:103580007C2903D8416AB1F57A7FEFD33846FBF73F
:1035900007FEDBF800000021416200BF416AB1F57F
:1035A0007A7F0BD2416AC9087C2907D8416AC908C9
:1035B0007C2903D8416AB1F57A7FEFD33846FBF70F
:1035C000EFFD28463F21ECF7FBFF10208DF8190096
:1035D0009AF8000003218DF81B008DF81C000DF1F6
:1035E00019008DF81A40F5F7AFFB8DF81D00642027
:1035F000029041F67870C2F20000102122460123A9
:10360000CDF80080CDF80490FBF760FC00284FF067
:10361000000600F02481FEF7B1FA3846FBF7C0FD42
:10362000DBF80000466200BF416AB1F57A7F0BD239
:10363000416AC9087C2907D8416AC9087C2903D88E
:10364000416AB1F57A7FEFD33846FBF7A9FDDBF885
:1036500000000021416200BF416AB1F57A7F0BD2C0
:10366000416AC9087C2907D8416AC9087C2903D85E
:10367000416AB1F57A7FEFD33846FBF791FDDBF86D
:1036800000000021416200BF416AB1F57A7F0BD290
:10369000416AC9087C2907D8416AC9087C2903D82E
:1036A000416AB1F57A7FEFD33846FBF779FDDBF855
:1036B00000000021416200BF416AB1F57A7F0BD260
:1036C000416AC9087C2907D8416AC9087C2903D8FE
:1036D000416AB1F57A7FEFD33846FBF761FDDBF83D
:1036E00000000021416200BF416AB1F57A7F0BD230
:1036F000416AC9087C2907D8416AC9087C2903D8CE
:10370000416AB1F57A7FEFD33846FBF749FD284689
:103710003F21ECF755FF10208DF819009AF80000B2
:1037200003218DF81B008DF81C000DF119008DF898
:103730001A40F5F709FB8DF81D0041F678706426F4
:10374000C2F20000102122460123CDE90089029631
:10375000FBF7BCFB00284FF0000400F08480064615
:10376000FEF70CFA3846FBF71BFDDBF8000044625D
:10377000416AB1F57A7F0BD2416AC9087C2907D822
:10378000416AC9087C2903D8416AB1F57A7FEFD331
:103790003846FBF705FDDBF800000021416200BF61
:1037A000416AB1F57A7F0BD2416AC9087C2907D8F2
:1037B000416AC9087C2903D8416AB1F57A7FEFD301
:1037C0003846FBF7EDFCDBF800000021416200BF4A
:1037D000416AB1F57A7F0BD2416AC9087C2907D8C2
:1037E000416AC9087C2903D8416AB1F57A7FEFD3D1
:1037F0003846FBF7D5FCDBF800000021416200BF32
:10380000416AB1F57A7F0BD2416AC9087C2907D891
:10381000416AC9087C2903D8416AB1F57A7FEFD3A0
:103820003846FBF7BDFCDBF800000021416200BF19
:10383000416AB1F57A7F0BD2416AC9087C2907D861
:10384000416AC9087C2903D8416AB1F57A7FEFD370
:103850003846FBF7A5FC304617B0BDE8F08F304680
:1038600017B0BDE8F08F0026304617B0BDE8F08FE6
:103870002DE9F04F81B042F2F823C2F200035C7DE3
:103880000E4605463CB11868A84204D19888B0425B
:1038900001D10020A2E093F82D0038B19969A94226
:1038A00004D1998BB14201D1012097E093F84510E2
:1038B00039B11F6BAF4204D19F8EB74201D10220B4
:1038C0008CE093F85DC0BCF1000F08D09F6CAF4254
:1038D00005D1B3F84C70B74201D103207EE093F8D4
:1038E00075E0BEF1000F08D01F6EAF4205D1B3F8EE
:1038F0006470B74201D1042070E093F88DB0BBF141
:10390000000F08D09F6FAF4205D1B3F87C70B7426B
:1039100001D1052062E093F8A580B8F1000F09D02D
:10392000D3F89070AF4205D1B3F89470B74201D18B
:10393000062053E093F8BD90B9F1000F09D0D3F8F9
:10394000A870AF4205D1B3F8AC70B74201D10720DF
:1039500044E093F8D5A0BAF1000F09D0D3F8C070B5
:10396000AF4205D1B3F8C470B74201D1082035E0A9
:10397000ACB1B0B1B9B1BCF1000F16D0BEF1000FBF
:1039800015D0BBF1000F14D0B8F1000F13D0B9F16E
:10399000000F12D0BAF1000F29D108200EE000204C
:1039A0000CE001200AE0022008E0032006E00420E9
:1039B00004E0052002E0062000E0072000EB4001C3
:1039C000002403EBC1074FF4807CC7E90144C7E939
:1039D0000344C7F814C043F83150BE8000EB4000E8
:1039E00003EBC004204610F8061F914202D101B03B
:1039F000BDE8F08F042A0270F9D840F6A660FA21DB
:103A0000DFE802F003140B1025002846314601229E
:103A100001B0BDE8F04FFAF795BF4FF4FA714FF4DB
:103A2000FA7003E040F2DC504FF4FA71C4E903107D
:103A300001202075FAF78CFFE16800220B18284658
:103A40003146A36001B0BDE8F04FFAF77BBF2846CE
:103A50003146002201B0BDE8F04FFAF773BF000015
:103A60002DE9F04381B04FF00009FAF771FF42F2FF
:103A7000F8260446C2F200064FF0010800270AE0CB
:103A80000022FAF75FFFE86885F814802044A860F8
:103A90001837D82F17D0F519687D0028F8D0A879E5
:103AA00040F004000428F3D0A8688442F0D32A7DB3
:103AB000F059A988002AE3D00122FAF743FF2869C8
:103AC00085F81490E2E701B0BDE8F083FEE700005E
:103AD000FEE700002DE9F04F81B00EF0ABF943F2A4
:103AE0003331C4F253010EF021FA4FF20001C4F257
:103AF0007F510EF055F8044640F60060C2F2000017
:103B000048F65C710460C4F2520120460DF0DFFFFC
:103B1000002848D14DF20A71C3F6234120460DF02A
:103B2000DDFF002840F0088144F20001C4F21C616E
:103B300020460EF0FBF9054643F23330C4F2530041
:103B400021460EF0EFFA014628460EF029F8044609
:103B500040F6F450C2F20000046040F6F850C2F2A1
:103B6000000048F680610460C4F2E37120460DF065
:103B7000AEFF002840F0E88044F20001C4F2574153
:103B800020460DF0ABFF002840F0D68042F26429B9
:103B9000C0F6030940F2000809F1240B4FF0000AB7
:103BA000C4F2D2280FE040F20008CCF2F0184046F0
:103BB00001B0BDE8F08F00BF0AF1090ABAF1870F22
:103BC0000BF1240BF3D05BF8240C0EF033F905460F
:103BD000204629460DF074FF60B909EB8A00406861
:103BE0000EF028F90746204639460DF069FF0028F7
:103BF00040F0C68009EB8A0670680EF01BF9054696
:103C0000204629460DF05CFF50B9B0680EF012F95D
:103C10000746204639460DF053FF002840F09C80AF
:103C2000B0680EF007F90546204629460DF048FF1A
:103C300050B9F0680EF0FEF80746204639460DF000
:103C40003FFF002840F08B80F0680EF0F3F8054647
:103C5000204629460DF034FF48B930690EF0EAF8E5
:103C60000746204639460DF02BFF00287AD13069EF
:103C70000EF0E0F80546204629460DF021FF48B930
:103C800070690EF0D7F80746204639460DF018FF48
:103C900000286AD170690EF0CDF805462046294605
:103CA0000DF00EFF48B9B0690EF0C4F80746204683
:103CB00039460DF005FF00285AD1B0690EF0BAF868
:103CC0000546204629460DF0FBFE48B9F0690EF086
:103CD000B1F80746204639460DF0F2FE00284AD1D9
:103CE000F0690EF0A7F80546204629460DF0E8FEDB
:103CF00040B9306A0EF09EF80746204639460DF06E
:103D0000DFFED8BB306A0EF095F8054620462946FE
:103D10000DF0D6FE00287FF44FAFDBF800000EF068
:103D200089F80746204639460DF0CAFE00283FF4C0
:103D300043AF0AF1080A23E040F20008C4F2D22897
:103D4000404601B0BDE8F08F40F20008CCF2F01818
:103D5000404601B0BDE8F08F0AF1010A10E00AF117
:103D6000020A0DE00AF1030A0AE00AF1040A07E078
:103D70000AF1050A04E00AF1060A01E00AF1070A5D
:103D8000AAF11E000EF03EF88046AAF11D000EF0CA
:103D900039F80646204639460EF0C4F90446304646
:103DA00041460EF0BFF921460EF0C0F80446284601
:103DB00039460EF0B7F9014620460DF0F1FE4146B6
:103DC0000DF00EFE804640F6FC50C2F20000C0F836
:103DD0000080404601B0BDE8F08F0000FBF704BB57
:103DE000704700002DE9F04140F21416C2F20006BF
:103DF000F07948B30120F070FAF7AAFDF1790139A2
:103E000006291ED80446F06A201ADFE801F0041FD4
:103E10005F71838D9B0040F60005C4F201052846C2
:103E200004210122FAF78EFD2846022101220225F3
:103E3000FAF788FD9520F5F7FDFAF462F571BDE813
:103E4000F0810020F071F070BDE8F0813228FBD3E2
:103E5000EEF760FD42F27620C2F200000021018000
:103E600042F27420C2F20000018042F27220C2F2DB
:103E70000000018042F27020C2F20000018040F296
:103E800040000022C2F20000C4F2C822026040F2E8
:103E9000DE10C2F200000122027040F2DF10C2F216
:103EA0000000017040F2E010C2F20000017040F228
:103EB000E210C2F20000017040F2E310C2F2000012
:103EC00001700320F462F071BDE8F0813228BBD3A9
:103ED00040F60000C4F2010000F500604FF400411C
:103EE0000122FAF72FFD0420F462F071BDE8F081A1
:103EF000C828A9D340F60000C4F2010000F5006014
:103F00004FF400410022FAF71DFD0520F462F07124
:103F1000BDE8F081642897D31220F5F78BFA0620CC
:103F2000F462F071BDE8F081642838BFBDE8F0812B
:103F3000F1F74EFB9A20F5F77DFA0720F462F07155
:103F4000BDE8F081B0F5FA7FFFF47EAF40F25A2071
:103F5000C2F200000078002818BFF1F733FA40F2EF
:103F6000DE17C2F200074FF0010887F80080F2F771
:103F700049FAF2F76DFD40F2A824C2F20004208055
:103F800002F0AEFF40F2A220C2F20000008842F22E
:103F90007621C2F20001088040F2A420C2F20000A3
:103FA000008842F27421C2F20001088040F2A6208B
:103FB000C2F20000008842F27221C2F200010880C1
:103FC000208842F27021C2F20001088040F2100005
:103FD000C2F20000006840F240010025C2F2000178
:103FE0003D700860F1F798FA40F20A20C2F2000032
:103FF000057040F20920C2F20000057040F20B206B
:10400000C2F20000057040F20D20C2F200000570FF
:1040100040F20C20C2F20000057040F20820C2F20B
:104020000000057040F20720C2F20000057040F267
:104030005920C2F20000057040F20E20C2F20000CA
:104040000570EEF7B5FF40F2E41040F60004C2F24E
:104050000000C4F2010480F8008020460421002200
:10406000FAF770FC204602210022FAF76BFCF5718A
:10407000F570BDE8F08100002DE9F04FADF5157D3C
:1040800040F2EF11C2F200010978012940F0E88006
:10409000814600208DF8530041F2FF000DF1100819
:1040A00040F26041ADF8100008F10200C2F20001D8
:1040B0002022ECF740FA40F2A04B0820C2F2000B9D
:1040C00000268DF83200DBE90005C4F22016DBE99A
:1040D000024A31460DF02AFF4BF20007C4F22A577C
:1040E00039460DF07DFC0DF051FEADF83300284649
:1040F00031460DF01BFF39460DF072FC0DF046FE07
:10410000ADF83500204631460DF010FF39460DF070
:1041100067FC0DF03BFEADF83700504631460DF020
:1041200005FF39460DF05CFC0DF030FE40F21C310D
:10413000C2F200010968ADF83900084631460DF0B9
:10414000F5FE39460DF04CFC0DF020FE40F220311A
:10415000C2F200010968ADF83B00084631460DF097
:10416000E5FE39460DF03CFC0DF010FEDBF81810B2
:10417000ADF83D00084631460DF0D8FE39460DF049
:104180002FFC0DF003FE40F21831C2F20001096865
:10419000ADF83F00084631460DF0C8FE39460DF037
:1041A0001FFC0DF0F3FD40F2A821C2F200010988C6
:1041B000ADF8410040F2A220C2F20000ADF8431079
:1041C000018840F21800C2F20000046840F21000BA
:1041D000C2F200000068ADF845100021C4F2C82109
:1041E0000DF0DEFC014620460DF0A0FE0DF0EAFDCC
:1041F000054620460DF0E6FD4FF0FF310422ADF8F4
:1042000047108DF8492040F20432ADF84A10290CCD
:10421000C2F200028DF84E10290A12688DF84F1074
:10422000010C8DF85110010A15ACADF84C208DF839
:1042300052108DF8530020464FF4007142468DF81D
:10424000505007F0BDF901280ADB87B2A020CDE964
:10425000000448462021FF224623029709F0B6FABF
:104260000DF5157DBDE8F08F80B584B08E46A2F1C6
:1042700042014FF0000C5429ADF80EC000F23F800F
:10428000DFE801F02B3D2B3D3D2B3D3D3D3D3D3DD0
:104290003D2B3D2B3D3D3D3D3D3D3D3D3D3D3D3D72
:1042A0003D3D3D3D3D3D3D3D3D3D3D3D3D3D3D3D3E
:1042B0003D3D3D3D3D3D3D3D3D3D3D3D3D3D3D3D2E
:1042C0003D3D3D3D3D3D3D3D3D3D3D3D3D3D3D3D1E
:1042D0003D3D3D3D2B2B2B2B2B0042F2386C4FEA02
:1042E0001E11C0F6030C0EF00F031CF801101CF891
:1042F00003304FF0020C8DF80E108DF80F300DF1D9
:104300000E01CDE90021202172464623CDF808C0D8
:1043100009F05CFA002004B080BD0000F0B593B055
:1043200003AE0C460546304640211746ECF76AF9C5
:10433000304640213A4608F059FA01280DDB87B291
:104340009420CDE9000628462021224646230297E4
:1043500009F03CFA002013B0F0BD012013B0F0BD0D
:1043600080B584B042F238638C461109C0F603036D
:1043700002F00F02595C9A5C8DF80E108DF80F2038
:104380000DF10E019A224FF0020ECDE900212021FD
:1043900062464623CDF808E009F018FA002004B080
:1043A00080BD000080B584B042F238630A09C0F6CF
:1043B000030301F00F019A5C595C8DF80E208DF813
:1043C0000F100DF10E0141224FF0020CCDE900213A
:1043D0002021FF224623CDF808C009F0F7F904B0E8
:1043E00080BD0000F0B581B044F21067C2F2000752
:1043F000F868002800F0A28040F25416F868C2F273
:1044000000063078E0B1F868B188884240F29680C2
:1044100044F2D05744F210644FF0FF35C2F2000767
:10442000C2F200047819C11D20460AF057FBB0887B
:1044300001358542F6D3002030800120F0707DE008
:104440007078B0B144F2D050C2F20000411D44F285
:104450001060C2F200000AF041FBB068418809BA5E
:10446000090CB1808188090409BAF1600121B17099
:1044700033E0F86806282CD344F2106444F2D05597
:10448000C2F20004C2F20005204629460AF026FBCB
:10449000691C20460AF022FBA91C20460AF01EFBDC
:1044A000E91C20460AF01AFB291D20460AF016FBDB
:1044B000691D20460AF012FBB068418809BA090C50
:1044C000B1808188090409BAF16001217170B1706D
:1044D00003E0B078012831D1B0680021B1700178D3
:1044E000552930D14078AA282DD1B089811E0229C2
:1044F00003D345F6A521884225D1F868B1888842C2
:1045000035D944F2D05744F210644FF0FF35C2F26F
:104510000007C2F2000400BF7819C11D20460AF04E
:10452000DDFAB08801358542F6D3002030800120C5
:10453000F07001B0BDE8F04000F024B801B0BDE873
:10454000F04000F01FB844F2D050C2F20000B0F8C2
:10455000011082880180C178A0F8032081704FF497
:104560008070308001B0BDE8F04000F00BB840F240
:10457000011030800020F07001B0BDE8F04000F084
:1045800001B800002DE9F04381B040F25418C2F2A6
:10459000000898F80300012840F0B88044F2CC44A9
:1045A0000020D8F80C20B8F80430C2F2000488F8D3
:1045B000030061A12046EBF733FE2046EBF79CFF9A
:1045C00082B242F2E010C2F2000021466423FCF7FE
:1045D000E5FFD8F808E0B8F804509EF804300EEB78
:1045E00005009EF8054082799EF802009EF803605F
:1045F0002344184430443DB36B1E032B05F0030CD9
:1046000001D200240FE0A5EB0C0500240EEB0406FC
:10461000B779F379317A3844767A18440844043407
:10462000A5423044F2D1BCF1000F0DD00EEB0401D5
:104630008B79BCF1010F184406D0CB79BCF1020F85
:10464000184401D0097A084444F2CC44C2F2000470
:10465000C3B241A12046EBF7E3FD2046EBF74CFF48
:1046600082B242F2E010C2F2000021466423FCF75D
:1046700095FFD8F80890B8F8042099F8043009EBB1
:10468000020099F8057090F806C099F8020099F8B0
:1046900003603B44184400EB06033AB3501E032862
:1046A00002F0030E01D2002010E0A2EB0E05002064
:1046B00009EB0007BE79FC79397A33447F7A2344C9
:1046C00019440430854207EB0103F1D1BEF1000F1C
:1046D0000CD048448179BEF1010F0B4406D0C1795A
:1046E000BEF1020F0B4401D0007A0344D8B28445D6
:1046F0000CD1D8F80C0045F6A52180B2884208D02C
:10470000032808D0022801D1012305E001B0BDE84B
:10471000F083002300E0022342F2146703EB43031B
:10472000C0F6030707EB83039B6809F1060101B09C
:10473000BDE8F043184700BF4865616465723A20E0
:104740003078253034582C204C656E6774683A20D8
:1047500025640D0A00000000435243205265636542
:10476000697665643A203078253032582C204352DF
:10477000432043616C63756C617465643A203078E2
:10478000253032580D0A000042F22000C2F200002B
:10479000FBF79EB9406A0021C187C186FBF796B935
:1047A0002DE9F04381B0089C984615460E46814697
:1047B000FAF7CEF8201A00EB0804FAF7C9F840F22D
:1047C0003801C2F200010968C1F3CB3161430091A5
:1047D000D9F800108A683240921BB2FA82F252096C
:1047E000AA423DD0074618F1010031D0FAF7B0F8DF
:1047F000C01BA04238D2009800990028A1F1010105
:104800000091D9F80010896808BF044601EA060043
:10481000801BB0FA80F04009A842E7D120E000BF39
:1048200088683040801BB0FA80F04009A84217D059
:1048300088683040801BB0FA80F04009A8420FD051
:1048400088683040801BB0FA80F04009A84207D049
:1048500088683040801BB0FA80F04009A842DFD160
:10486000002001B0BDE8F083D9E900014268B1F54C
:10487000827F22F0E00242600BD1D9F80810B1F536
:10488000004F02D0B1F5806F03D1016821F04001E3
:104890000160D9F82810B1F5005F07D1016821F453
:1048A00000510160016841F400510160012089F864
:1048B0005100002089F85000032001B0BDE8F083CA
:1048C000704700002DE9F041044640F2D830C2F2B2
:1048D000000000F110052846FAF762FC002C08BF22
:1048E000BDE8F08142F278074FF00008C2F20007FD
:1048F000002605E02846FAF753FC0136A64214D0FC
:104900003868C0F8248000BF416AB1F57A7FF1D2DF
:10491000416AC9087C29EDD8416AC9087C29E9D8CF
:10492000416AB1F57A7FEFD3E4E7BDE8F08100009A
:104930002DE9F04383B004460D460020270A022AE1
:104940000290ADF806008DF808408DF8097042D04D
:10495000012A00F09A80002A40F0D28002A93E206D
:104960000222FEF73BFB002840F0CA80F9F7F0FF77
:1049700042F27808054601AEE4B2C2F200084FF0F8
:10498000000905E0F9F7E4FF401B642800F2D98034
:104990003E2031460222FDF777FB002840F0B08030
:1049A0009DF80400A04204D19DF80500B84200F033
:1049B000CC80D8F80000C0F8249000BF416A642978
:1049C000E0D2416A6329DDD8416A6329DAD8416AB5
:1049D0006429F3D3D6E702A93E200422ADF80A5099
:1049E000FEF7FCFA002840F08B8040F2D830C2F28B
:1049F000000000F1100630464FEA1529FAF7D0FB07
:104A000042F27808C2F20008D8F8000000214162A2
:104A1000416AB1F57A7F0BD2416AC9087C2907D86F
:104A2000416AC9087C2903D8416AB1F57A7FEFD37E
:104A30003046FAF7B5FB381928444844C0438DF88E
:104A4000060006208DF807000DF106016020022205
:104A5000FEF7C4FA002853D13046FAF7A1FBD8F884
:104A600000000021416200BF416AB1F57A7F61D246
:104A7000416AC9087C295DD8416AC9087C2959D88E
:104A8000416AB1F57A7FEFD354E002A93E200322B8
:104A90008DF80A50FEF7A2FA90BB40F2D830C2F26D
:104AA000000000F110063046FAF77AFB42F278086F
:104AB000C2F20008D8F8000000214162416AB1F555
:104AC0007A7F0BD2416AC9087C2907D8416AC90894
:104AD0007C2903D8416AB1F57A7FEFD33046FAF7E3
:104AE0005FFB38192844C0438DF8060005208DF877
:104AF00007000DF1060160200222FEF76FFA10B1E7
:104B000003B0BDE8F0833046FAF74AFBD8F800005E
:104B100000214162416AB1F57A7F0BD2416AC9082E
:104B20007C2907D8416AC9087C2903D8416AB1F5B4
:104B30007A7FEFD33046FAF733FB002003B0BDE8AD
:104B4000F083032003B0BDE8F08340F24041C2F29D
:104B5000000140202022FDF797FA03B0BDE8F08362
:104B6000FAF724BBB0B596B0002409204FF4003109
:104B70001194CDE90F440C904FF480300E91012137
:104B800002250D9010911291CDE913504FF4C010F1
:104B900015900CA80B94CDE90944CDE90744CDE963
:104BA0000544CDE90344CDE90144FAF7C1FDC0B99C
:104BB0000F20CDE907054FF480600994CDE90A0480
:104BC00007A80221FAF7A8FC58B9022001904FF477
:104BD0004040039001A8FAF717FC002804BF16B064
:104BE000B0BDF7F77DFC00004EF608500021CEF274
:104BF0000000C0F6010101607047000042F2780039
:104C0000C2F20000FBF70ABE42F2C000C2F200008E
:104C1000FBF704BE10B540F6FF3E0368C4F2000E79
:104C200043F2004C7045C4F2010C20DCB0F1804F1F
:104C30002BD040F20042C4F20002904225D040F650
:104C40000002C4F2000290421FD0704523DCB0F194
:104C5000804F2ED040F20042C4F20002904228D091
:104C600040F60002C4F20002904222D025E040F655
:104C70000042C4F20002904207D0604505D042F6DF
:104C80000042C4F201029042DFD14A6823F070036F
:104C900013437045DBDD40F60042C4F2000290424F
:104CA00007D0604505D042F60042C4F201029042AE
:104CB00003D1CA6823F44073134323F080024B6985
:104CC000D1F800E08C681A4360450260C462C0F805
:104CD00028E005D042F60042C4F20102904201D120
:104CE00009690163012141610169C90708BF10BD5C
:104CF000016921F00101016110BD0000B0B540F271
:104D00001414C2F20004E078E179084318BFB0BD82
:104D10000125E571F9F71CFEE062E57041F200043F
:104D2000C4F20104A4F500604FF480710422FEF780
:104D30009FFD20464FF400710422FEF799FD2046A6
:104D40004FF480710422FEF793FD20468021042257
:104D5000FEF78EFD204640210422FEF789FD04F572
:104D6000806420464FF400510422FEF781FD204666
:104D70004FF480410422FEF77BFD20464FF40041B2
:104D80000422FEF775FD20464FF480510422BDE851
:104D9000B040FEF76DBD00002DE9F04F8DB040F240
:104DA000EF11C2F200010978002900F09C8404464A
:104DB00040F29220C2F20000008848F21F51C5F272
:104DC000EB11A0FB010240F29420C2F20000008827
:104DD00040F2C008A0FB0101500940F28E22C2F24D
:104DE00000021288ADF82C0002EB820040F2902203
:104DF000C2F2000212884000ADF82E0002EB8200E1
:104E00004000ADF83000480940F25C55C2F200089D
:104E1000ADF83200C2F20005002040F2513108F135
:104E200008062960C5E902000BA93046082205F0F2
:104E30008FFD2861F9F78CFD074600BF2046F8F783
:104E40006FFA28B9F9F784FDC01B0328F6D908E0EA
:104E500040F25C51C2F20001204632464346F8F768
:104E600003F940F2962940F29821C2F20009C2F2F9
:104E70000001B9F800000988ADF82800ADF82A1043
:104E8000002040F255312960C5E902000AA93046E8
:104E9000082205F0B7FD2861F9F75AFD074600BF63
:104EA0002046F8F73DFA28B9F9F752FDC01B032850
:104EB000F6D908E040F25C51C2F2000120463246C9
:104EC0004346F8F7D1F840F28C20C2F20000008887
:104ED0004CF6CD41CCF6CC41A0FB010140F2EC20D8
:104EE000C2F20000006846F26762C6F2666280FBAA
:104EF0000202C80840F29C21C2F20001ADF8200075
:104F00009008098800EBD270ADF8220001EB810017
:104F10004000ADF82400002040F256312960C5E978
:104F2000020008A93046082205F0B2FC2861F9F712
:104F30000FFD07462046F8F7F3F928B9F9F708FD01
:104F4000C01B0328F6D908E040F25C51C2F2000110
:104F5000204632464346F8F787F842F24E00C2F246
:104F60002000039045F65010C4F64C7002900020CB
:104F700040F25E312960C5E9020002A930460822EC
:104F800005F000FD2861F9F7E3FC07462046F8F735
:104F9000C7F980B9F9F7DCFCC01B0328F6D999F8EA
:104FA00000000196092814D841F63071C2F20001C0
:104FB0000122012015E040F25C51C2F200012046BE
:104FC00032464346F8F750F899F800000196092850
:104FD000EAD90C2808D941F63071C2F2000100224A
:104FE000002000900A7005E041F63070C2F2000027
:104FF0000078009040F21F2140F22022C2F200010E
:10500000C2F2000240F2272309781278C2F20003AC
:105010001B7811430B4340F22321C2F2000140F2FE
:105020002C2291F80090C2F2000240F22A27127856
:10503000C2F2000743EA09033F78134340F22426F3
:105040003B4340F22527C2F20006C2F20007367841
:105050003D7840F22827C2F200073343387840F207
:1050600014172B43C2F2000703433F78B3FA83F3CC
:105070005B09043F18BF012703EA070E40F21E2315
:1050800042EA0902C2F2000340F2212132431B78B6
:10509000C2F2000140F222282A430978C2F2000835
:1050A00040F2262B104398F80080C2F2000B40F229
:1050B000292A18439BF800B0C2F2000A40F22D2CB6
:1050C00008439AF800A0C2F2000C40EA08009CF8DD
:1050D00000C040EA0B0040F2FA1140EA0A00C2F2B6
:1050E000000140EA0C000978B0FA80F040098DF820
:1050F00018100099384040F25C5BDDF804A08DF890
:10510000191000218DF81B004FF45770C2F2000BEC
:105110008DF81A10CBF80000CBE9021106A9504611
:1051200008228DF81CE005F047FCCBF81000F9F7D9
:105130000FFC40F2C0050746C2F200052046F8F712
:10514000EFF828B9F9F704FCC01B0328F6D908E0EA
:1051500040F25C51C2F20001204652462B46F7F75E
:1051600083FF40F2FB19C2F2000999F8000040F2F7
:10517000FC1840F2FF11C2F20008C2F200018DF8E3
:10518000080098F8000009788DF809008DF80A10D9
:1051900040F2002040F2FE11C2F20000C2F2000113
:1051A000007809788DF80B008DF80C1040F2FD1096
:1051B00040F2472140F2F512C2F20000C2F20001B3
:1051C000C2F200020078097812788DF80D0052EAD8
:1051D000010040F20121C2F2000118BF012009784C
:1051E0008DF80E008DF80F1040F2022040F20521DC
:1051F000C2F20000C2F20001007809788DF81000B8
:105200008DF8111040F2062040F20421C2F2000095
:10521000C2F200010078097840F20326C2F20006CB
:105220008DF812008DF81310307840F2F611C2F2AA
:10523000000109788DF8140040F2F410C2F2000069
:10524000002918BF012100788DF815108DF816007F
:10525000002040F25931CBF80010CBE9020002A93E
:105260005046082205F02AFBCBF81000F9F770FB36
:10527000074600BF2046F8F753F828B9F9F768FB4E
:10528000C01B0328F6D908E040F25C51C2F20001CD
:10529000204652462B46F7F7E7FEF9F759FB40F256
:1052A000F021C2F200010968401A41F287318842B8
:1052B00000F21982F9F74CFB6968401AB0F5FA6FF1
:1052C000C0F01182F9F744FB686040F60460C2F256
:1052D000000000680021A9600028E9601CBFC02010
:1052E00028724FF45470CBF800000820CBF8081057
:1052F000CBF81000F9F72CFB074600BF2046F8F763
:105300000FF828B9F9F724FBC01B0328F6D908E0E9
:1053100040F25C51C2F20001204652462B46F7F79C
:10532000A3FE0220CAF600200021C5E9020199F877
:1053300000000622002808BF0A2298F80000402733
:1053400000284FF0100008BF2020024440F2FF1058
:10535000C2F2000003781021002B4FF0400308BF79
:105360006FF07F031A442A7240F20022C2F2000258
:1053700012782923002A40F2FE12C2F200021278AB
:1053800008BF2A23002A08BF6FF07F073B446B72D7
:1053900033780127002B40F60463C2F2000308BFF4
:1053A00002271B680426002B08BF0826002A40F2AB
:1053B000472240F2F513C2F20002C2F2000308BF16
:1053C000202112781B784020394431441A4308BF09
:1053D0006FF07F000844A87240F25A30CBF800000A
:1053E0000820CBF81000F9F7B3FA4CF6CD46074683
:1053F000CCF6CC462046F7F793FF28B9F9F7A8FA80
:10540000C01B0328F6D908E040F25C51C2F200014B
:10541000204652462B46F7F727FE002040F2F411B3
:10542000A860C2F20001E86040F2D3200978C2F21D
:1054300000004278297201788078002A18BF012282
:10544000002918BF0132002840F2723018BF013223
:10545000CBF800000820AA73CBF81000F9F778FA0F
:10546000074600BF2046F7F75BFF28B9F9F770FA47
:10547000C01B0328F6D908E040F25C51C2F20001DB
:10548000204652462B46F7F7EFFD40F20400C2F2E9
:10549000000040F2B0210088C2F200010988288192
:1054A00040F29E206981C2F2000040F29C210088F7
:1054B000C2F20001098800F2111001F211112873E3
:1054C000000A6873080AE87340F27330CBF80000F2
:1054D0000820A973CBF81000F9F73AFA074600BF85
:1054E0002046F7F71DFF28B9F9F732FAC01B032849
:1054F000F6D908E040F25C51C2F200012046524663
:105500002B46F7F7B1FD40F21520C2F200000078FB
:105510000023A0FB061243F23011C5E90213D108A3
:1055200001EB8101A0EB410040F030003023E87234
:105530004FF45D7003EBD202CBF800000820AA7292
:10554000CBF81000F9F704FA074600BF2046F7F73A
:10555000E7FE28B9F9F7FCF9C01B0328F6D908E0E3
:1055600040F25C51C2F20001204652462B46F7F74A
:105570007BFD40F21320C2F2000000780023A0FB64
:10558000061243F23011C5E90213D10801EB810183
:10559000A0EB4100302340F0300003EBD202E87270
:1055A00040F27530AA72CBF80000F9F7D1F907463E
:1055B0002046F7F7B5FE28B9F9F7CAF9C01B03284A
:1055C000F6D908E040F25C51C2F200012046524692
:1055D0002B46F7F749FD40F21920C2F2000000788F
:1055E0000023A0FB061243F23011C5E90213D108D3
:1055F00001EB8101A0EB4100302340F0300003EBD0
:10560000D202E87240F27630AA72CBF80000F9F7C5
:105610009FF907462046F7F783FE28B9F9F798F96E
:10562000C01B0328F6D908E040F25C51C2F2000129
:10563000204652462B46F7F717FD40F21720C2F2DC
:10564000000000780023A0FB061243F23011C5E9E8
:105650000213D10801EB8101A0EB4100302340F09F
:10566000300003EBD202E87240F27730AA72CBF836
:105670000000F9F76DF907462046F7F751FE28B903
:10568000F9F766F9C01B0328F6D908E040F25C512F
:10569000C2F20001204652462B46F7F7E5FC40F2E5
:1056A0003030C2F20000006844F6D351C1F262010A
:1056B000A0FB01010020C5E902008809688140F2D1
:1056C0007930CBF800000820CBF81000F9F740F94A
:1056D000074600BF2046F7F723FE38B9F9F738F937
:1056E000C01B0328F6D90DB0BDE8F08F40F25C5125
:1056F000C2F20001204652462B46F7F7B5FC0DB02A
:10570000BDE8F08F42F2E010C2F20000FBF7D4B91E
:1057100042F22820C2F20000FBF7CEB9406A002115
:10572000C185C184FBF758B981B090F84210222995
:1057300020D18368B3F5805F08D10169002964D066
:1057400000F128010A6803685B680AE0014651F825
:10575000282F13B90369002BF5D003685B6803F0A9
:105760007F0313700A6801320A60C18D01390A048F
:10577000C18501D001B070470168CA6822F02002DB
:10578000CA60CA6822F48072CA604A6922F00102C3
:105790004A61202280F8422000224263036B012BE1
:1057A0003CD1026351E8031F026821F0100142E876
:1057B00003130168DBB151E8031F026821F01001F7
:1057C00042E80313016893B151E8031F026821F016
:1057D000100142E8031301684BB151E8031F02684E
:1057E00021F0100142E803130168002BDAD10A68A6
:1057F000D20606D5002200920A68009249680091FC
:105800000099818D01B0FBF7C9B80168826A4968C7
:105810006FF35F2122F8021B8262A6E701B0FBF75B
:1058200087BE000010B582B043F60004C4F2010444
:105830002068800604D4206800070FD402B010BD91
:1058400060680DF107018DF8070044F21060C2F2A4
:10585000000009F06FF920680007EFD5206800907C
:1058600060680090009802B010BD000040F2C44093
:10587000C2F20000F7F768BDB0B582B041F2110086
:10588000ADF806000DF106013E200222FDF7A6FB51
:1058900040F2D830C2F2000000F110042046F9F7BF
:1058A0007FFC42F27805C2F20005286800214162BF
:1058B000416AB1F57A7F0BD2416AC9087C2907D8C1
:1058C000416AC9087C2903D8416AB1F57A7FEFD3D0
:1058D0002046F9F765FC286800214162416AB1F56C
:1058E0007A7F0BD2416AC9087C2907D8416AC90866
:1058F0007C2903D8416AB1F57A7FEFD32046F9F7C6
:105900004FFC2046F9F74CFC28680021416200BF9B
:10591000416AB1F57A7F0BD2416AC9087C2907D860
:10592000416AC9087C2903D8416AB1F57A7FEFD36F
:105930002046F9F735FC286800214162416AB1F53B
:105940007A7F0BD2416AC9087C2907D8416AC90805
:105950007C2903D8416AB1F57A7FEFD32046F9F765
:105960001FFC42F20100ADF806000DF106013E20D9
:105970000222FDF733FB2046F9F712FC28680021CC
:10598000416200BF416AB1F57A7F0BD2416AC90812
:105990007C2907D8416AC9087C2903D8416AB1F536
:1059A0007A7FEFD32046F9F7FBFB2868002141629C
:1059B000416AB1F57A7F0BD2416AC9087C2907D8C0
:1059C000416AC9087C2903D8416AB1F57A7FEFD3CF
:1059D0002046F9F7E5FB2046F9F7E2FB28680021AD
:1059E000416200BF416AB1F57A7F0BD2416AC908B2
:1059F0007C2907D8416AC9087C2903D8416AB1F5D6
:105A00007A7FEFD32046F9F7CBFB2868002141626B
:105A1000416AB1F57A7F0BD2416AC9087C2907D85F
:105A2000416AC9087C2903D8416AB1F57A7FEFD36E
:105A30002046F9F7B5FB44F64F40ADF806000DF1EE
:105A400006013E200222FDF7C9FA2046F9F7A8FB1D
:105A500028680021416200BF416AB1F57A7F0BD20C
:105A6000416AC9087C2907D8416AC9087C2903D83A
:105A7000416AB1F57A7FEFD32046F9F791FB2868A8
:105A800000214162416AB1F57A7F0BD2416AC908AF
:105A90007C2907D8416AC9087C2903D8416AB1F535
:105AA0007A7FEFD32046F9F77BFB2046F9F778FBA6
:105AB00028680021416200BF416AB1F57A7F0BD2AC
:105AC000416AC9087C2907D8416AC9087C2903D8DA
:105AD000416AB1F57A7FEFD32046F9F761FB286878
:105AE00000214162416AB1F57A7F0BD2416AC9084F
:105AF0007C2907D8416AC9087C2903D8416AB1F5D5
:105B00007A7FEFD32046F9F74BFB44F64760ADF8B8
:105B100006000DF106013E200222FDF75FFA204645
:105B2000F9F73EFB28680021416200BF416AB1F5E8
:105B30007A7F0BD2416AC9087C2907D8416AC90813
:105B40007C2903D8416AB1F57A7FEFD32046F9F773
:105B500027FB286800214162416AB1F57A7F0BD2A8
:105B6000416AC9087C2907D8416AC9087C2903D839
:105B7000416AB1F57A7FEFD32046F9F711FB204651
:105B8000F9F70EFB28680021416200BF416AB1F5B8
:105B90007A7F0BD2416AC9087C2907D8416AC908B3
:105BA0007C2903D8416AB1F57A7FEFD32046F9F713
:105BB000F7FA286800214162416AB1F57A7F0BD279
:105BC000416AC9087C2907D8416AC9087C2903D8D9
:105BD000416AB1F57A7FEFD32046F9F7E1FA40F256
:105BE0001440ADF806000DF106013E200222FDF73B
:105BF000F5F92046F9F7D4FA28680021416200BF80
:105C0000416AB1F57A7F0BD2416AC9087C2907D86D
:105C1000416AC9087C2903D8416AB1F57A7FEFD37C
:105C20002046F9F7BDFA286800214162416AB1F5C2
:105C30007A7F0BD2416AC9087C2907D8416AC90812
:105C40007C2903D8416AB1F57A7FEFD32046F9F772
:105C5000A7FA2046F9F7A4FA28680021416200BF9C
:105C6000416AB1F57A7F0BD2416AC9087C2907D80D
:105C7000416AC9087C2903D8416AB1F57A7FEFD31C
:105C80002046F9F78DFA286800214162416AB1F592
:105C90007A7F0BD2416AC9087C2907D8416AC908B2
:105CA0007C2903D8416AB1F57A7FEFD32046F9F712
:105CB00077FA43F27260ADF806000DF106013E205E
:105CC0000222FDF78BF92046F9F76AFA28680021CD
:105CD000416200BF416AB1F57A7F0BD2416AC908BF
:105CE0007C2907D8416AC9087C2903D8416AB1F5E3
:105CF0007A7FEFD32046F9F753FA286800214162F2
:105D0000416AB1F57A7F0BD2416AC9087C2907D86C
:105D1000416AC9087C2903D8416AB1F57A7FEFD37B
:105D20002046F9F73DFA2046F9F73AFA28680021AB
:105D3000416200BF416AB1F57A7F0BD2416AC9085E
:105D40007C2907D8416AC9087C2903D8416AB1F582
:105D50007A7FEFD32046F9F723FA286800214162C1
:105D6000416AB1F57A7F0BD2416AC9087C2907D80C
:105D7000416AC9087C2903D8416AB1F57A7FEFD31B
:105D80002046F9F70DFA4FF6FF70ADF806000DF159
:105D900006013E200222FDF721F92046F9F700FA1C
:105DA00028680021416200BF416AB1F57A7F0BD2B9
:105DB000416AC9087C2907D8416AC9087C2903D8E7
:105DC000416AB1F57A7FEFD32046F9F7E9F92868FF
:105DD00000214162416AB1F57A7F0BD2416AC9085C
:105DE0007C2907D8416AC9087C2903D8416AB1F5E2
:105DF0007A7FEFD32046F9F7D3F92046F9F7D0F9A7
:105E000028680021416200BF416AB1F57A7F0BD258
:105E1000416AC9087C2907D8416AC9087C2903D886
:105E2000416AB1F57A7FEFD32046F9F7B9F92868CE
:105E300000214162416AB1F57A7F0BD2416AC908FB
:105E40007C2907D8416AC9087C2903D8416AB1F581
:105E50007A7FEFD32046F9F7A3F94FF6FF70ADF83C
:105E600006000DF106013E200222FDF7B7F820469C
:105E7000F9F796F928680021416200BF416AB1F53F
:105E80007A7F0BD2416AC9087C2907D8416AC908C0
:105E90007C2903D8416AB1F57A7FEFD32046F9F720
:105EA0007FF9286800214162416AB1F57A7F0BD2FF
:105EB000416AC9087C2907D8416AC9087C2903D8E6
:105EC000416AB1F57A7FEFD32046F9F769F92046A8
:105ED000F9F766F928680021416200BF416AB1F50F
:105EE0007A7F0BD2416AC9087C2907D8416AC90860
:105EF0007C2903D8416AB1F57A7FEFD32046F9F7C0
:105F00004FF9286800214162416AB1F57A7F0BD2CE
:105F1000416AC9087C2907D8416AC9087C2903D885
:105F2000416AB1F57A7FEFD3204602B0BDE8B040B8
:105F3000F9F736B92DE9F04F91B040F2F911C2F2FC
:105F40000001097840F21419C2F20009002000296A
:105F5000C9F83B00C9F83000C9F83400C9F8380066
:105F600000F0CD82F0F752FDC00444BF042089F850
:105F7000000040F24600C2F2000040F26042018898
:105F800040F24800C2F20002C2F20000B2F800A0E3
:105F900000888A4524BF012389F8303082459CBFA0
:105FA000012389F83130B2F802C08C4524BF0123A7
:105FB00089F8303084459CBF012389F83130B2F82C
:105FC0000480884524BF012389F8303080459CBF78
:105FD000012389F83130D5888D4224BF012389F807
:105FE000303085429CBF012389F8313014898C42BE
:105FF00024BF012389F8303084429CBF012389F8F3
:10600000313057898F4224BF012389F830308742CD
:106010009CBF012389F8313096898E4224BF012329
:1060200089F8303086429CBF012389F83130B2F8BC
:106030000EB08B4524BF012389F830300A96834582
:106040009CBF012389F83130B2F810E08E4524BF9F
:10605000012389F830300DABCDE90B7483E82011B2
:1060600086459CBF012389F83130B2F812C08C45B7
:1060700024BF012389F83030CDF81CC084459CBF73
:10608000012389F83130B2F814C08C4524BF0123B4
:1060900089F8303084459CBF012389F83130D68A95
:1060A0008E4224BF012389F8303086429CBF0123F1
:1060B00089F83130158B8D4224BF012389F83030A7
:1060C00085429CBF012389F83130548B8C4224BF18
:1060D000012389F8303084429CBF012389F8313094
:1060E000978B8F4224BF012389F8303087429CBFB1
:1060F000012389F83130D28B8A4224BF012189F8EB
:10610000301082429CBF012089F8310040F2A22069
:1061100040F25401C2F20000C2F200010088098876
:10612000884224BF012189F8321040F25601C2F2A0
:106130000001098888429CBF012089F8330040F2A1
:10614000A820C2F20000B0F9008040F24C00C2F278
:106150000000B0F90010484610F8343B8845CDF8EF
:10616000408001DB022B0CD0032B0CD140F24E00FF
:10617000C2F20000B0F900001099814203DC09F17D
:10618000350001210170CDE908EB40F2A04B04A8D5
:10619000C2F2000BCDE9027480E860109BE8700148
:1061A00028462146CDE900320BF08AFC002827461C
:1061B0002846214618BF2F460BF097FC0028304692
:1061C000394618BF2C460BF07BFC00283046214690
:1061D00018BF37460BF089FC00284046394618BFE7
:1061E00034460BF06DFC00284046214618BF474658
:1061F0000BF07BFC002840F21C30C2F20000056866
:106200003946284618BF44460BF05AFC0028284659
:10621000214618BF2F460BF068FC002840F22030C2
:10622000C2F2000006683946304618BF2C460BF013
:1062300047FC00283046214618BF37460BF055FC76
:10624000002840F21830C2F20000D0F8008040F27E
:106250005000C2F2000090F90000DBF818B018BF3F
:1062600034460BF0CFFD014610980026332807DB9B
:1062700038460BF02CFC18B1089D09F1360018E0E7
:1062800040F25100C2F2000090F900000BF0BAFD9C
:10629000109911F1310FB8BF0126089D11F1320F8D
:1062A00009DC014638460BF020FC20B909F1370023
:1062B00001260121017040F25800C2F2000090F95D
:1062C00000000BF09FFD1099332908DB01462046A2
:1062D0000BF0F6FB002804BF012089F8380040F2DB
:1062E0005900C2F2000090F900000BF08BFD01464E
:1062F00020460BF0E5FB002818BF012086F00101C5
:10630000084304BF012089F8390040F24A00C2F274
:10631000000090F900000BF075FD014658460BF0A7
:10632000E4FB0028079E04BF012089F83A0040F2F0
:106330004B00C2F2000090F900000BF063FD014633
:1063400058460BF0BDFB002804BF012089F83B0034
:1063500040F25200C2F2000090F900000BF052FD32
:10636000014640460BF0C1FB002804BF012089F81C
:106370003C000098099C022810D040F2100040F226
:106380005C01C2F20000C2F20001096800680BF073
:106390009EFB002804BF012089F83D000F9950465C
:1063A000514588BF084638BF8A460E99814288BF4A
:1063B0000846514538BF8A460D99814288BF084634
:1063C000514538BF8A460C99814288BF08465145DD
:1063D00038BF8A460B99814288BF0846514538BF6D
:1063E0008A460A99814288BF0846514538BF8A4685
:1063F000844288BF2046544538BFA246854288BFA4
:106400002846554538BFAA46864288BF304656457D
:1064100038BFB2460699814288BF0846514538BF09
:106420008A460599814288BF0846514538BF8A4649
:106430000499814288BF0846514538BF8A4603996E
:10644000814288BF0846514538BF8A460299814239
:1064500088BF0846514538BF8A460199814288BFA6
:106460000846514538BF8A4640F24401C2F2000155
:106470000988A0EB0A00884205DD012089F83E006A
:106480004FF4804002E099F83E00800399F8301004
:1064900099F8312099F8323099F8337041EA420185
:1064A00041EA830199F8342041EAC70199F835306F
:1064B00041EA021199F8362041EA431199F8373040
:1064C00041EA821199F8382041EAC31199F839302C
:1064D00041EA022199F83A2041EA432199F83B30F8
:1064E00041EA822199F83C2041EAC32199F83D30E4
:1064F00041EA023141EA43310843A9F80810A9F8FA
:10650000080011B0BDE8F08F2DE9F04F81B0F8F729
:106510001FFA40F21411C2F20001CD6840F26F225E
:1065200040F27023C2F20002C2F20003002D18BF35
:10653000451B12781B78C86043EA020040F27122C2
:10654000C2F2000240F272231278C2F200031B78FA
:10655000104340EA030A40F26C2040F26D22C2F27E
:106560000000C2F2000240F26E2300781278C2F2FC
:1065700000031B78104340EA030840F2B220C2F245
:106580000000B0F900C040F2A820C2F20000B0F94B
:10659000009040F2A62340F2A220C2F20003C2F211
:1065A00000001A8809F1320300889EB2642E4FF071
:1065B000000440F2040788BF0124C2F20007B0F5CE
:1065C0002F4F4FF000034AF6C0003F8888BF0123D9
:1065D00082424FF0000088BF012044EA00024FF0E1
:1065E000000B58EA0A0043EA020E08BFBEF1000F92
:1065F0000AD04FF47A72C1E904BBC1E906B200289F
:106600004FF000000FD01AE0D1F810B04BF2FF723B
:10661000C0F64C2293459CBFAB44C1F810B0002893
:106620004FF000000BD140F64D42974207D8486921
:106630004EF67F62C0F23602904201D8284448618B
:1066400040F21E20C2F20000077847B1886942F28A
:10665000BF72C0F20902904203D8284400E0002033
:106660008861C86940F20D2240F22323401BC2F228
:106670000002C2F2000338BF002012781B7840F2FB
:106680002C24C2F200041A4340F230232478C2F2D0
:1066900000031B782243642E42EA030288BF4FF4B2
:1066A0007A7052EA0A02C86104D004240C7001B066
:1066B000BDE8F08F19F1320F4FF00304F6DB40F222
:1066C0002120C2F2000040F222220078C2F2000231
:1066D00040F226231278C2F2000338431B7810439D
:1066E00040F229221843C2F2000240F22423127819
:1066F000C2F200031B78104340F225221843C2F275
:10670000000240F228231278C2F200031B781043E3
:106710001843CBD1B9F1320F4FF00204C6DC40F27E
:106720001F20C2F2000000780028BFD16FF03200B5
:10673000B8F1000F00F1320018BF4FF00108844596
:106740004FF00000C8BF012040EA080045F60043B2
:10675000002240EA0E00C0F226539B4538BF0122BA
:106760001043087001B0BDE8F08F0000B0B540F2F2
:106770001414C2F20004A078002840F0868040F291
:106780003C00C2F20000007800287ED040F2472092
:1067900040F20D21C2F20000C2F200010078097837
:1067A000084302D001206070B0BD40F2202040F2CA
:1067B0001E21C2F20000C2F2000140F22122007844
:1067C0000978C2F200021278084340F222211043F5
:1067D000C2F2000140F223220978C2F200021278CC
:1067E000084340F227211043C2F2000140F2262262
:1067F0000978C2F200021278084340F224211043C3
:10680000C2F2000140F22A220978C2F20002127894
:10681000084340F229211043C2F2000140F228222D
:106820000978C2F200021278084340F22521104391
:10683000C2F2000140F230220978C2F2000212785E
:10684000084340F22F211043C2F2000140F22D22F2
:106850000978C2F200021278084340F22C2110435A
:10686000C2F2000140F22B220978C2F20002127833
:106870000843104302D002206070B0BD208920F090
:10688000050010B103206070B0BD40F60040002547
:10689000C4F20100012100226570F8F753F8A571D8
:1068A000B0BD0000F0B581B0F0F71EFA40F2E42769
:1068B000C2F20007FD6EFC69284600210BF0F2F8D9
:1068C00008B1FC661EE0204629460BF02BFC4DF279
:1068D0000A71CBF623410546F862FC660BF0F7F827
:1068E00038B9396F25F000400BF07AF80446386764
:1068F00000E03C6F45F20001C4F6750120460BF044
:10690000F4F808B101B0F0BD45F20006C4F6750612
:10691000204631460BF044F90BF054FA396A0D1851
:106920003D620BF087FA31460BF000FB0146204632
:106930000BF0F8FB40F2DC11C2F2000191F87E107E
:10694000386711B1EDF7B4F93D6A28460BF072FAD9
:1069500001B0BDE8F040F3F7E1BA0000B0B540F295
:106960001415C2F20005287840F24821C2F2000155
:1069700004380978B0FA80F040F600444009002954
:1069800018BF0121C4F2010440EA0102204604219B
:10699000F7F7D8FF95F83D202046002A18BF0122BE
:1069A0000221BDE8B040F7F7CDBF00002DE9F04F60
:1069B0008DB040F21610C2F20000007841F20008DB
:1069C000C4F20108C8B3A8F500604FF4807100223A
:1069D000FCF74EFF40464FF400710022FCF748FFE1
:1069E00040464FF480710022FCF742FF4046802170
:1069F0000022FCF73DFF404640210022FCF738FF13
:106A000008F5806420464FF400510022FCF730FF67
:106A100020464FF480410022FCF72AFF20464FF425
:106A200000410022FCF724FF20464FF48051002251
:106A30000DB0BDE8F04FFCF71BBFFFF765FDFFF79A
:106A400079FA40F21410C2F200000078042800F233
:106A5000498140F24411C2F20001CA7A91F80190D2
:106A60000C920A7B91F803A091F804C091F805B04C
:106A700091F806E0CD790C7A4F7A8E7A0B924A7BA8
:106A8000897B0A92099140F2242140F22522C2F228
:106A90000001C2F2000209781278DFE810F0050068
:106AA0000E005600CA000D0108F580604FF48051B9
:106AB00000220026FCF7DCFE06E108F580604FF4BA
:106AC00080510422CDE903647646CDE905E56446AC
:106AD000CDE907C7FCF7CCFE012208F580604FF432
:106AE0000041FCF7C5FE07994AEA090008430599E9
:106AF00040EA0B000843069908F5806408430499AE
:106B0000084308990843039908430C9908430B99D3
:106B100008430A990843099950EA010220464FF4B4
:106B2000804118BF0322FCF7A3FE40F21000C2F21E
:106B3000000006680021C4F2A62130460AF0C0FF1A
:106B4000002800F0F680062520E140F21F20CDE964
:106B50000364CDE905E5CDE907C7CDE901A9C2F296
:106B6000000090F8009042EA010040F22721C2F2B2
:106B70000001097840F22A22C2F20002084340F2E2
:106B800020211278C2F2000109781043084340F234
:106B90002821C2F20001644640F22E220978C2F296
:106BA000000208F580647646177840EA0105204621
:106BB0004FF4805104220426FCF75AFE002D40F0C9
:106BC000838020464FF40041042247EA0905FCF780
:106BD0004FFEDDE901A9002D85D020464FF480410C
:106BE0000022FCF745FEA8F500604FF480710422F6
:106BF000FCF73EFE40464FF400710422FCF738FEDD
:106C000040464FF480710422FCF732FE404680215A
:106C10000422FCF72DFE404640210422FCF728FE0A
:106C200020464FF4005104220DB0BDE8F04FFCF7B0
:106C30001FBE42EA010040F22621CDE90364CDE9FE
:106C400005E5CDE907C7CDE901A9C2F20001097840
:106C500040F22922C2F20002084340F221211278B8
:106C6000C2F200010978104340F22222C2F200026F
:106C7000084340F228211278C2F20001097810433B
:106C8000084340F22D21C2F2000140F21E22097891
:106C90006446C2F200027646147840EA010508F51F
:106CA00080604FF4805104220426FCF7E1FD5DB9B9
:106CB000002C5CD0002607E008F580604FF480517E
:106CC0000022FCF7D5FD042608F5806528464FF420
:106CD00000410022FCF7CCFD28464FF480413246AB
:106CE000FCF7C6FDA8F500604FF480710022FCF7A8
:106CF000BFFD40464FF400710022FCF7B9FD40464D
:106D00004FF480710022FCF7B3FD40468021002241
:106D1000FCF7AEFD404640210022FCF7A9FD08F536
:106D200080604FF4005100220DB0BDE8F04FFCF739
:106D30009FBD4CF6CD41C4F2842130460AF0C0FE1E
:106D400008B1052522E043F23331C4F24721304631
:106D50000AF0B6FE08B1042518E04CF6CD41C4F2A5
:106D6000042130460AF0ACFE28B103250EE0DDE92F
:106D700001A90322B1E64CF6CD41C4F2841130469C
:106D80000AF09EFE0125002818BF022540F21410CB
:106D9000C2F200000078022864D1681EB0FA80F0C8
:106DA0004009A8F50066420030464FF48071FCF7B8
:106DB0005FFD022D05D330464FF480710422FCF7AD
:106DC00057FDA81EB0FA80F04009420040464FF43B
:106DD0000071FCF74DFD032D05D340464FF40071C3
:106DE0000422FCF745FDE81EB0FA80F0400942009D
:106DF00040464FF48071FCF73BFD042D05D340461F
:106E00004FF480710422FCF733FD281FB0FA80F0A4
:106E10004009420040468021FCF72AFD052D04D39D
:106E2000404680210422FCF723FD681FB0FA80F061
:106E30004009420040464021FCF71AFD062D04D3CC
:106E4000404640210422FCF713FDA81FB0FA80F051
:106E50004009420020464FF400510DB0BDE8F04F0C
:106E6000FCF706BDA8F500604FF480710422FCF722
:106E7000FFFC40464FF40071012D1CD90422FCF7A1
:106E8000F7FC022D1AD040464FF480710422FCF723
:106E9000EFFC032D18D9404680210422FCF7E8FCC2
:106EA000042D16D0404640210422FCF7E1FC062DBB
:106EB000BFF4B6AE12E00022FCF7DAFC40464FF415
:106EC00080710022FCF7D4FC404680210022FCF7B0
:106ED000CFFC404640210022FCF7CAFC204620E7B8
:106EE0002DE9F04F83B0EFF7FFFEEFF745FF40F2DB
:106EF000441040F2DC1B40F2000AC2F20000C2F271
:106F0000000BC2F2000A807B9BF83110BAF8022015
:106F100040F2E42941EA0007B2F52F6FC2F20009FE
:106F200054D8002F40F0858082200026ADF8040060
:106F300001A93E200222CAF81060C9F81860FCF7C7
:106F40004DF840F2D830C2F2000000F110042046A3
:106F5000F8F726F942F27805C2F200052868466281
:106F6000416AB1F57A7F0BD2416AC9087C2907D8FA
:106F7000416AC9087C2903D8416AB1F57A7FEFD309
:106F80002046F8F70DF9286800214162416AB1F501
:106F90007A7F0BD2416AC9087C2907D8416AC9089F
:106FA0007C2903D8416AB1F57A7FEFD32046F8F700
:106FB000F7F80020DAF81810C9F81C00C9F84000EA
:106FC0000020C9F82810F3F7D5F832E09BF83F000D
:106FD00078B3DAF810400021C4F2A01120460AF07C
:106FE0007DFD30BB4DF20A71CBF6234120460AF0FD
:106FF000F7FC0021C4F2A01104460AF06FFD002145
:1070000000281CBF0024C4F2A014DAF81850CCF2F7
:10701000C8212046CAF81040C9F818400AF0C0FD3F
:107020004FF07E510AF0DCFC29460AF07FFFC9F8D8
:10703000280040F26828C2F20008B8F94000B0F514
:10704000FA7F0EDD98F80C0068BBDAF81000CAF879
:107050001C00F7F77DFCC9F87400012088F80C00CB
:1070600021E010F1C90F03DC002088F80C001AE0C1
:10707000002848BF4042092812DCD8F8740018B92B
:10708000F7F766FCC8F87400F7F762FCD8F87410DC
:10709000401A42F2C171C0F209018842E4D202E012
:1070A0000020C8F874009BF82B009BF8421008439E
:1070B00098F80D006FD0002871D1002F69D182207F
:1070C0000026ADF806000DF106013E200222CAF8A6
:1070D0001060C9F81860FBF781FF40F2D830C2F2A7
:1070E000000000F110042046F8F75AF842F2780543
:1070F000C2F2000528684662416AB1F57A7F0BD278
:10710000416AC9087C2907D8416AC9087C2903D883
:10711000416AB1F57A7FEFD32046F8F741F8286845
:1071200000214162416AB1F57A7F0BD2416AC908F8
:107130007C2907D8416AC9087C2903D8416AB1F57E
:107140007A7FEFD32046F8F72BF80020C9F81C000F
:10715000DAF81840DAF810000021C4F2C821C9F8A2
:107160007840C9F828400AF01BFD00210546C4F20A
:107170007A4120460AF014FD29460AF0D7FEC9F8E4
:107180004000F2F7F7FF9BF87E00002818BFECF7ED
:107190008FFD012001E010B1002088F80D009BF860
:1071A0002C009BF8431050EA010298F80E2075D08D
:1071B000002A77D1002F6BD1002040F2E426C4F2E0
:1071C000C820C2F20006CAF81000B0618220ADF8F3
:1071D000080002A93E200222FBF700FF40F2D8304F
:1071E000C2F2000000F110042046F7F7D9FF42F286
:1071F0007805C2F20005286800214162416AB1F5B4
:107200007A7F0BD2416AC9087C2907D8416AC9082C
:107210007C2903D8416AB1F57A7FEFD32046F7F78E
:10722000BFFF286800214162416AB1F57A7F0BD225
:10723000416AC9087C2907D8416AC9087C2903D852
:10724000416AB1F57A7FEFD32046F7F7A9FF002016
:10725000F061B067B062DAF810000021DAF8184087
:10726000C4F2C8210AF09CFC00210546C4F27A4110
:1072700020460AF095FC014628460AF057FE306485
:10728000F2F778FF9BF87E00002818BFECF710FD9E
:107290009BF82C009BF84310012201E012B1002260
:1072A00088F80E20B9469BF842709BF82B20394392
:1072B0009BF83F3011439BF840600843184330432C
:1072C0007CD1D04640F2E42AC2F2000ADAF81C402F
:1072D000DAF8780021460AF025FFD8F818504AF26B
:1072E000D731D8F810600746C3F6907128460AF0E7
:1072F0001DFE39460AF03BF800210AF024F8014649
:10730000CAF8280028460AF00DFF29460AF048FC72
:107310000021C4F2C8210AF009FE0746CAF8180085
:10732000304639460AF0FEFE4DF20A7120F0004068
:10733000C3F623410AF0D2FB80B9384631460AF041
:10734000F1FE4CF6CD41C3F64C510AF0EFFD01467B
:1073500030460AF045FB0646C8F810000021C24638
:1073600040F26828C4F2C8213046C2F2000809F091
:10737000FEFF002109F0E7FF0026C4F2A8163146FF
:10738000CAF810000AF0A3FBC0B9BAF80200B0F5C1
:10739000486F13D940F2E42743F67151C2F2000757
:1073A000C3F64A712846CAF81060BE610AF0BEFDF5
:1073B0000146B86220460AF013FBB867B8F83A00F5
:1073C0004DF6C0218842C0F0A381B8F840100139C1
:1073D000C72900F29D8140F26032C2F200021168BA
:1073E000013178291160C0F09981DAF81C00002180
:1073F000C4F2F0110AF072FB002840F0B581F7F7F3
:10740000A7FA40F2E426B9F1000FC2F2000630D12B
:10741000716F401A47F24071C0F21B01884228D3B5
:10742000DAF81840B16A20460AF07CFE21460AF0DC
:1074300079FE9BF801204CF6CD41C3F64C51002A51
:1074400004BF4DF20A71C3F623410AF06FFD0146F5
:1074500020460AF0C5FA45F28011C4F6B00109F0E1
:1074600086FF4FF60041C4F6370109F06CFFCAF8F9
:107470001800DAF8180045F20021C4F699010AF064
:107480008FFB40F24041C2F200010C8C4A8C8B8C85
:10749000A24238BF1446CA8CA34238BF1C460B8D8B
:1074A000A24238BF14464A8DA34238BF1C468B8D7A
:1074B000A24238BF1446A34238BF1C46CA8DA3B2AD
:1074C0009A4238BF14460A8EA3B29A4238BF144675
:1074D0004A8EA3B29A4238BF14468A8EA3B29A4209
:1074E00038BF1446CA8EA3B29A4238BF14460A8FD8
:1074F000A3B29A4238BF14464A8FA3B29A4238BF09
:1075000014468A8FA3B29A4238BF1446C98F40F2FC
:107510000009A2B2C4F2C829914238BF0C464946BC
:107520000AF004FD0546A0B20AF084FC0021C4F272
:107530007A410AF035FB49F69A11C4F259010AF072
:107540002FFB49460AF0F2FC366A074630460AF03D
:1075500071FC0021CCF2FA510AF022FB0021C4F2A6
:10756000A0110AF0E3FC49460AF03AFA394609F05C
:10757000FEFE0021C4F2A02109F0E5FE4CF6CD4448
:10758000C3F64C640746B6F5FA7F3CBF4CF6CD44D3
:10759000C3F6CC544FF07E5021460AF0C3FD01469D
:1075A00028460AF0C3FC0546204639460AF0BEFCD0
:1075B000014628460AF014FA40F2D834C2F2000418
:1075C000014604F11C004FF0804200F005FE4946E0
:1075D00009F0CDFE0021C4F2702109F0B4FE0021B3
:1075E000C4F2C4210546CAF814000AF070FAA0B922
:1075F0000021C4F2C82128460AF0D2FA45F200213F
:10760000C4F699010AF092FCDAF81810024608460E
:10761000114609F0ACFECAF8180040F2E4278220B7
:10762000C2F20007ADF80A000DF10A013E20022265
:10763000CAF81090C7F81890FBF7D0FC1034204619
:10764000F7F7AEFD42F27805C2F200052868002186
:107650003E464162416AB1F57A7F0BD2416AC90860
:107660007C2907D8416AC9087C2903D8416AB1F549
:107670007A7FEFD32046F7F793FD28680021416217
:10768000416AB1F57A7F0BD2416AC9087C2907D8D3
:10769000416AC9087C2903D8416AB1F57A7FEFD3E2
:1076A0002046F7F77DFD40F20009DAF81000C4F239
:1076B000C8290027DAF818504946F761B767B7625A
:1076C0000AF06EFA002134460646C4F27A41284692
:1076D0000AF066FA014630460AF028FC2064F2F708
:1076E00049FDDAF81400F2F7A7FD9BF87E0018B107
:1076F000ECF7DEFA8BF8017040F26031B8F83A002E
:10770000C2F20001CAF81C9088F80C700F6005E006
:1077100040F26031C2F2000100220A6040F2E42728
:10772000C2F20007BC6A0AF085FB0025C4F27A4564
:1077300029460AF035FA0646204631460AF0F6FB9D
:10774000DAF818100446084631460AF0EFFB2946DD
:107750000AF026FA214609F00AFE002109F0F3FD9D
:10776000786203B0BDE8F08F40F2E426B9F1000F73
:10777000C2F200067FF47DAE52E60000FEE7000094
:107780004EF60C50BFF34F8FCEF20000016804227A
:1077900001F4E061C0F2FA5211430160BFF34F8F70
:1077A00000BFFDE74EF60C50BFF34F8FCEF2000046
:1077B0000168042201F4E061C0F2FA521143016051
:1077C000BFF34F8F00BFFDE72DE9F04F93B00446A4
:1077D000C8B2C0F580700F921191984228BF184628
:1077E000109004F121000D9004F125001E460C902C
:1077F00004F126004FF001084FF000090DF1490B8C
:107800000DF14B0A04250B9094F820000E960028E9
:1078100056D0A7680620042100220023CDE908994C
:10782000CDE90099CDE90299CDE90499CDF81890F8
:10783000CDF81C90B847002840F02682207F012810
:1078400000F09A80002840F01382608B4EF617718A
:1078500088422DD91198A768000E8DF84900C520DF
:10786000042100220023CDE90895CDE90099CDE956
:107870000299CDE9049BCDF81880CDF81C90B8474B
:10788000002840F00B82A768062004210022002374
:10789000CDE90899CDE90099CDE90299CDE904999E
:1078A000CDF81890CDF81C90B847002840F0EC8136
:1078B0001098A76880B20321CDE908956AE000BF5F
:1078C000E07F002800F09E80A668062001210022AB
:1078D0000023CDE90899CDE90099CDE90299CDE9D8
:1078E0000499CDF81890CDF81C90B047002840F0CE
:1078F000CB81207F012800F0F380002840F0B88180
:10790000608B4EF6177188422DD91198A668000E2B
:107910008DF84900C520012100220023CDE90898F7
:10792000CDE90099CDE90299CDE9049BCDF8188005
:10793000CDF81C90B047002840F0B081A668062022
:10794000012100220023CDE90899CDE90099CDE974
:107950000299CDE90499CDF81890CDF81C90B04764
:10796000002840F091811098A66880B20321CDE9EB
:1079700008980091C0E000BF608B4EF617718842F6
:1079800040F276811098A768042180B2CDF820904B
:1079900009910425CDE900190F99119ACDE90299B1
:1079A000CDF81090CDE90510022004210423CDF874
:1079B0001C90B8474FF6D4660028CFF6FF7640F00B
:1079C000418100BFA7680520042100220023CDE9E2
:1079D0000885CDE90099CDE90299CDE90499CDF862
:1079E0001890CDF81CA0B847002840F02B819DF8D6
:1079F0004B00C00700F00C8121690A20884701363E
:107A0000E0D325E1A76806208DF849000020002179
:107A100000220023CDE90898CDE90099CDE902992B
:107A2000CDE9049BCDF81880CDF81C90B84700280C
:107A300040F02A81207F012800F09280002840F049
:107A40001781608B4EF61771884233D9C5208DF8A7
:107A500049001198A768000E8DF84A000220CDE970
:107A60000898CDE90099CDE90299CDE9049B0690EB
:107A70000020002100220023CDF81C90B8470028E8
:107A800040F00C81A76806208DF8490000200021F5
:107A900000220023CDE90898CDE90099CDE90299AB
:107AA000CDE9049BCDF81880CDF81C90B84700288C
:107AB00040F0EA801199022084F82100080C84F833
:107AC0002200080A84F82300109884F8241086B253
:107AD0000C980F993246E8F72EFDA768301D5DE03F
:107AE000608B4EF61771884240F2C2801098A668EB
:107AF00080B2CDE9089800950F99119ACDE90199C6
:107B0000CDE90399CDE90510022001210123CDF82B
:107B10001C90B0474FF6D4660028CFF6FF7640F0B1
:107B2000918000BFA7680520012100220023CDE934
:107B30000888CDE90099CDE90299CDE90499CDF8FD
:107B40001890CDF81CA0B84700287BD19DF84B00B9
:107B5000C0075DD021690A2088470136E2D377E06B
:107B6000608B4EF61771884240F282801199022094
:107B700084F82100080E84F82200080C84F8230001
:107B8000080A84F82400109884F8251086B20B980F
:107B90000F993246E8F7CFFCA768701D0D99CDE923
:107BA0000898CDE90099CDE90299CDF81090CDE97A
:107BB00005100020002100220023CDF81C90B847BA
:107BC0004FF6D466CFF6FF76E0BB00BFA76805206E
:107BD0008DF849000020002100220023CDE908880B
:107BE000CDE90099CDE90299CDE9049BCDF8188043
:107BF000CDF81CA0B847002840D19DF84B00C00725
:107C000006D021690A2088470136DFD320E000BF73
:107C100010980E9E80B286423CD00F99361A0144CD
:107C20000F911199B6F5807F01443046119128BF1C
:107C30004FF48070109094F820000E9600287FF486
:107C4000E8AD3DE6616942F2BE70C0F6030004E0B3
:107C5000616942F6FC10C0F603008847616942F290
:107C6000BE70C0F603008847012013B0BDE8F08F56
:107C7000616942F6BE00C0F60300EEE7616942F2B8
:107C80004960C0F60300E8E7616942F26870C0F637
:107C90000300E2E7002013B0BDE8F08F616942F60F
:107CA0000000C0F60300D8E70178A1F13002D3B29A
:107CB0000A2B0ED3A1F14102D2B2052A02D8A1F1BA
:107CC000370206E0A1F16102D2B2052A4ED8A1F135
:107CD00057025FFA82FC4278A2F13003D9B20A2936
:107CE0000ED3A2F14101C9B2062902D2A2F1370393
:107CF00006E0A2F16101C9B2052904D8A2F1570337
:107D0000D9B241EA0C1C8278A2F13003D9B20A2917
:107D10000ED3A2F14101C9B2062902D2A2F1370362
:107D200006E0A2F16101C9B2052904D8A2F1570306
:107D3000D9B241EA0C1CC078A0F13002D1B20A29B4
:107D40000ED3A0F14101C9B2062902D2A0F1370237
:107D500006E0A0F16101C9B2052904D8A0F15702DB
:107D6000D0B240EA0C1C0FFA8CF070474FF0000CB8
:107D7000B1E7000042F27801C2F200010968002276
:107D80004A6200BF4A6A824209D24A6A824206D2E5
:107D90004A6A824228BF70474A6A8242F2D37047D9
:107DA0007047000010B5C0B042F2E010C2F200000F
:107DB00017A112226423F9F7F1FB6C4604F10B00C2
:107DC000F521E8F7FDFB42F214414AF65520C2F2D4
:107DD0000001C0F20040496800904FF40070ADF817
:107DE000040001EB112000EB114000EB11600630A4
:107DF0008DF80A0042F20810CDF80610C2F2000019
:107E000021460B224FF47A73F9F7C8FB40B010BD3E
:107E100068616E646C655F6765745F696E666F72DA
:107E20000D0A000010B5C0B042F2E010C2F200002E
:107E30000FA113226423F9F7B1FB6C46E01DF92171
:107E4000E8F7BEFB4AF6552000904FF44070ADF8BD
:107E5000040003208DF8060042F20810C2F2000070
:107E6000214607224FF47A73F9F798FB40B010BD12
:107E700068616E646C655F70696E675F73746D33A3
:107E8000320D0A0070B540F25416C2F20006B06816
:107E900044F2CC44D0F8061042F61B257161D0F8AC
:107EA0000A10C2F20004B161817BC0F6030531778C
:107EB000C17B7177017CB177417CF177817C86F859
:107EC0002010C17C86F82110017D86F82210417DAA
:107ED00086F82310817D86F82410C17D86F8251050
:107EE000017E86F82610417E86F82710817E86F86E
:107EF0002810C17E86F82910017F86F82A10417F5C
:107F000086F82B10817F86F82C10C17F86F82D1003
:107F100090F8201086F82E1090F8211086F82F1077
:107F200090F8221086F8301090F8231086F831105F
:107F300090F8241086F8321090F8251086F8331047
:107F400090F8261086F8341090F8271086F835102F
:107F500090F8281086F8361090F8291086F8371017
:107F600090F82A1086F8381090F82B1086F83910FF
:107F700090F82C1086F83A1090F82D00294686F8D3
:107F80003B00327F2046E8F74BF9727FE01C294620
:107F9000E8F746F9B27FA01D2946E8F741F9F27FDC
:107FA00004F109002946E8F73BF996F8202004F18E
:107FB0000C002946E8F734F996F8212004F10F0067
:107FC0002946E8F72DF996F8222004F112002946F7
:107FD000E8F726F996F8232004F115002946E8F77A
:107FE0001FF996F8242004F118002946E8F718F93B
:107FF00096F8252004F11B002946E8F711F996F8B8
:10800000262004F11E002946E8F70AF996F82720F1
:1080100004F121002946E8F703F996F8282004F135
:1080200024002946E8F7FCF896F8292004F12700F7
:108030002946E8F7F5F896F82A2004F12A0029469F
:10804000E8F7EEF896F82B2004F12D002946E8F722
:10805000E7F896F82C2004F130002946E8F7E0F81C
:1080600096F82D2004F133002946E8F7D9F896F860
:108070002E2004F136002946E8F7D2F896F82F2092
:1080800004F139002946E8F7CBF896F8302004F1DE
:108090003C002946E8F7C4F896F8312004F13F0087
:1080A0002946E8F7BDF896F8322004F14200294647
:1080B000E8F7B6F896F8332004F145002946E8F7CA
:1080C000AFF896F8342004F148002946E8F7A8F8FC
:1080D00096F8352004F14B002946E8F7A1F896F808
:1080E000362004F14E002946E8F79AF896F8372032
:1080F00004F151002946E8F793F896F8382004F186
:1081000054002946E8F78CF896F8392004F1570016
:108110002946E8F785F896F83A2004F15A002946EE
:10812000E8F77EF896F83B2004F15D002946E8F771
:1081300077F82046E8F7E0F942F2E015C2F20005D0
:1081400082B2284621466423F9F728FA7269B36996
:108150000CA12046E8F764F82046E8F7CDF982B292
:10816000284621466423F9F719FA11A1284614225A
:108170006423F9F713FA012030747074F6F7E8FB02
:10818000F06370BD53544152545F4F5441207265A7
:108190006365697665643A2076657273696F6E3DD2
:1081A00025642C2073697A653D25640D0A00000062
:1081B00053544152545F4F54412072656365697650
:1081C00065640D0A000000004BF6957CC3F2563C36
:1081D00080E80610C36070472DE9F04104468846E8
:1081E000D0E90060A1681746E26009F0F9FB394662
:1081F000054609F0F5FB43F2BD71C3F2865107460F
:1082000009F073FC00281CBF43F2BD77C3F2865708
:108210002846394609F0C4FC07464046314609F075
:1082200081FF394609F082FE0146304609F0D8FB4D
:108230000021C4F2C821064609F042FC00281CBFF8
:108240000026C4F2C8263046002109F04EFC002862
:108250004FF07E50394618BF0026266009F062FFB5
:108260000146284609F062FE0021054609F03DFC62
:108270000028304618BF00256560BDE8F081000089
:1082800092B041F2180940F600040025C4F2020938
:10829000C4F201040595F6F797FFD9F80C00012107
:1082A000009040F2E040C4F242200160FCF75AFC2A
:1082B0000995D9F80000022240F00100C9F8000039
:1082C000D9F8000004F5006700F001001090109844
:1082D0000420C4F20100016862F31A610160D9F858
:1082E000000044F2C03140F01000C9F80000D9F895
:1082F0000000012200F0100010901098D9F8000042
:1083000040F00400C9F80000D9F8000000F00400B3
:1083100010901098D9F8000040F00800C9F800004B
:10832000D9F8000000F0080010901098D9F800006B
:1083300040F04000C9F80000D9F8000000F040000B
:1083400010901098D9F8000040F02000C9F8000003
:10835000D9F8000000F02000109010983846F6F789
:10836000F1FA384648F202010022F6F7EBFA20460D
:1083700048F276010022F6F7E5FA04F5806A5046E5
:1083800037210022F6F7DEFA50464FF480510122E1
:10839000F6F7D8FA04F5406B584640F60101002282
:1083A000F6F7D0FA58464FF470410122F6F7CAFAB0
:1083B00020464FF480710122F6F7C4FA4FF40050C2
:1083C00006ACCDE906050226384621460896F6F7A2
:1083D000B3F94CF2C23006904FF0010838462146FE
:1083E000CDE907850996F6F7A7F90820CDE9060536
:1083F0003846214608950497F6F79EF940F600079F
:10840000C4F2010738462146CDE906850895F6F7FE
:1084100093F94FF4BB70CDE9060802263846214691
:108420004FF0010808950996F6F786F9082006909E
:108430000020C1F21100CDE9070538462146F6F7C4
:108440007BF93720CDE9060850462146CDE908568C
:10845000F6F772F94FF47E5006A981E8210107F57D
:108460008058404621460126F6F766F94FF4004051
:1084700006900020C1F2110000F58010CDE907063A
:1084800040462146CDF80C804FF00108F6F754F92C
:108490004FF48050CDE90608032750462146089541
:1084A0000997F6F749F94FF47840CDE90608022616
:1084B0005846214608950996F6F73EF94FF40040D4
:1084C000CDE9060840F60000C4F201002146CDE9DE
:1084D0000857F6F731F958462146CDE90688CDE927
:1084E0000857F6F729F9082006A961C15046214628
:1084F000F6F722F9282005210022F6F7EBFE2820C6
:10850000F6F7D8FE59F8040C032140F0010049F8B1
:10851000040C59F8040C002200F0010006900698A3
:108520000B20F6F7D7FE0B20F6F7C4FE43F200004F
:1085300040F2A046C4F20000C2F20006044600F574
:108540005051304640F2001740F8241F04214FF4E8
:1085500040224FF48013C0F20117C0E90115C0E9B1
:108560000352C0E905378583F5F710F8002842F07B
:108570008D810E2006F12407CDE90C58CDE9065572
:10858000CDE90855CDE90A550F9006A93846CDF832
:108590003880F4F7B9FD002842F078813846F5F7C5
:1085A000F9FB002842F0728138460221A046F4F718
:1085B00045FD002842F06A8141F6787008F51051B7
:1085C000C2F2000041F6802200244FF48043C0F242
:1085D000060280E81600C0E90343C0E90544C0E98B
:1085E0000744F6F7D7F9002842F0508140F6000022
:1085F000C4F2010000F5105142F27800C2F200000E
:108600004FF6FF73CDE90844CDE90644CDE91044A7
:108610003F2280E81600C0E90334C0E90544F7F7BB
:1086200041FF002842F032814FF48050069042F220
:108630007800C2F2000006A9F8F720F8002842F0FE
:10864000258142F278000024C2F2000010A9CDE991
:108650001044F7F7DBFE002842F0188140F60000D6
:10866000C4F2010000F5E051304640F84C1F4FF4D1
:10867000807101254FF4602205730475C261C0E961
:10868000014104210894CDE906440161F4F71AFB85
:10869000002842F0FB800A2006F14C09CDE90605CE
:1086A000072406A948460894F4F7D6F9002842F0B2
:1086B000ED800220079006A948460694F4F7CCF90D
:1086C000002842F0E3800E2006900320079006A9C0
:1086D0004846F4F7C1F9002842F0D8800F200690F0
:1086E0000420079006A948460297F4F7B5F9002838
:1086F00042F0CC8042F2200008F50061C2F2000096
:108700004FF4827200244FF40073182780E816009B
:108710000A21C0E90344C0E90543C761C0E9084430
:10872000C0E90A41F7F754FA002842F0AF8042F25C
:10873000E01008F5E051C2F200004FF4E1360C25DC
:10874000C0E90016C0E90244C0E90445C0E9064496
:10875000F8F766FC002842F0998042F2282008F5DC
:108760000051C2F200000024C0E90016C0E9024432
:10877000C0E90445C0E90644F8F752FC42F2780724
:108780000028C2F2000742F0818042F2501008F542
:10879000A051C2F200004FF4E1360C25C0E90016EA
:1087A000C0E90244C0E90445C0E90644F8F738FCD2
:1087B000002842F06B8042F2981008F5C051C2F2D6
:1087C00000000024C0E90016C0E90244C0E90445E5
:1087D000C0E90644F8F724FC002842F0578041F62F
:1087E000CC7008F52051C2F2000048F2A0624FF4AC
:1087F0008043C0F2010280E81600C0E90343C0E9EB
:108800000544C0E90744F6F7C5F8002842F03E8069
:1088100040F2D830C2F2000040F8108F06214FF429
:108820009C72CDF80490C0E90112F6F78BFC002889
:1088300042F02C8040F60000C4F2010042F2081918
:1088400000F54050C2F200094FF4E13100240C223F
:1088500089E813004846C9E90344C9E90524C9F871
:108860001C40F8F7DDFB002842F0108042F2C00007
:10887000C2F200004FF080413F2240F2E73380E82F
:1088800016008021CDE90844CDE90644CDE9104425
:10889000C0E903348161F7F705FE002841F0F6874F
:1088A0004FF48050069042F2C000C2F2000006A9C8
:1088B000F7F7E4FE002841F0E9870020CDE9100039
:1088C00042F2C000C2F2000010A9F7F79FFD002895
:1088D00041F0DC87009810F0005042D058464FF429
:1088E00000610122F6F72EF840F2D830C2F2000003
:1088F000002600F110074EF65F254EF660244FF07B
:10890000000804E008F10108B8F1320F1FD0384622
:10891000F6F746FC06960698A842F3DC0698013066
:1089200006900698A042EDDA069801300690069867
:10893000A842E7DC0698013006900698A842E1DCE0
:108940000698013006900698A042E7DBDAE7584621
:108950004FF400610022F5F7F5FF42F27807C2F20A
:108960000007D9F80000C16841F02001C16005F09E
:1089700025F905F09DFA3846F7F7FCFD42F2C000F4
:10898000C2F20000F7F736FEF9F7F8F8F0F7F8FD55
:10899000029C2046F5F7FEF920460221F4F74EFB33
:1089A00040F2DC14C2F2000442F2E01004F10A01C9
:1089B000C2F200000122F8F791FD42F2282004F1F2
:1089C0000B01C2F200000122F8F788FD40F6000416
:1089D000C4F2010420464FF4004100220025F5F7BF
:1089E000B1FF584601210022F5F7ACFF049E4FF479
:1089F000004130460022F5F7A5FF20460421002261
:108A0000F5F7A0FF204602210022F5F79BFF504614
:108A100020210022F5F796FF30464FF480410122D5
:108A2000F5F790FF40F2D830C2F2000000F11009D3
:108A30004846F6F7B5FB3868456200BF416AB1F5B4
:108A40007A7F0BD2416AC9087C2907D8416AC908D4
:108A50007C2903D8416AB1F57A7FEFD34846F6F70F
:108A60009FFB386800214162416AB1F57A7F0BD2E1
:108A7000416AC9087C2907D8416AC9087C2903D8FA
:108A8000416AB1F57A7FEFD34846F6F789FB38683B
:108A900000214162416AB1F57A7F0BD2416AC9086F
:108AA0007C2907D8416AC9087C2903D8416AB1F5F5
:108AB0007A7FEFD34846F6F773FB386800214162AE
:108AC000416AB1F57A7F0BD2416AC9087C2907D87F
:108AD000416AC9087C2903D8416AB1F57A7FEFD38E
:108AE0004846F6F75DFB386800214162416AB1F5FE
:108AF0007A7F0BD2416AC9087C2907D8416AC90824
:108B00007C2903D8416AB1F57A7FEFD34846F6F75E
:108B100047FB386800214162416AB1F57A7F0BD288
:108B2000416AC9087C2907D8416AC9087C2903D849
:108B3000416AB1F57A7FEFD34846F6F731FB3868E2
:108B400000214162416AB1F57A7F0BD2416AC908BE
:108B50007C2907D8416AC9087C2903D8416AB1F544
:108B60007A7FEFD34846F6F71BFB38680021416255
:108B7000416AB1F57A7F0BD2416AC9087C2907D8CE
:108B8000416AC9087C2903D8416AB1F57A7FEFD3DD
:108B90004846F6F705FB386800214162416AB1F5A5
:108BA0007A7F0BD2416AC9087C2907D8416AC90873
:108BB0007C2903D8416AB1F57A7FEFD34846F6F7AE
:108BC000EFFA386800214162416AB1F57A7F0BD231
:108BD000416AC9087C2907D8416AC9087C2903D899
:108BE000416AB1F57A7FEFD34846F6F7D9FA1220F9
:108BF000ADF8180006A93E200222FAF7EFF9484620
:108C0000F6F7CEFA38680021416200BF416AB1F53B
:108C10007A7F0BD2416AC9087C2907D8416AC90802
:108C20007C2903D8416AB1F57A7FEFD34846F6F73D
:108C3000B7FA386800214162416AB1F57A7F0BD2F8
:108C4000416AC9087C2907D8416AC9087C2903D828
:108C5000416AB1F57A7FEFD34846F6F7A1FA484664
:108C6000F6F79EFA0025002606E000BF4846F6F714
:108C700097FA01363C2E12D038684562416AB1F548
:108C80007A7FF3D2416AC9087C29EFD8416AC908C2
:108C90007C29EBD8416AB1F57A7FEFD3E6E7ECF7B0
:108CA00097FC4846F6F77CFA0025002606E000BF50
:108CB0004846F6F775FA01363C2E12D03868456200
:108CC000416AB1F57A7FF3D2416AC9087C29EFD8AD
:108CD000416AC9087C29EBD8416AB1F57A7FEFD3A4
:108CE000E6E79A20ADF8180006A93E200222FAF71E
:108CF00075F94846F6F754FA38680021416200BF1A
:108D0000416AB1F57A7F0BD2416AC9087C2907D83C
:108D1000416AC9087C2903D8416AB1F57A7FEFD34B
:108D20004846F6F73DFA386800214162416AB1F5DC
:108D30007A7F0BD2416AC9087C2907D8416AC908E1
:108D40007C2903D8416AB1F57A7FEFD34846F6F71C
:108D500027FA4846F6F724FA0025002606E000BF69
:108D60004846F6F71DFA01363C2E12D038684562A7
:108D7000416AB1F57A7FF3D2416AC9087C29EFD8FC
:108D8000416AC9087C29EBD8416AB1F57A7FEFD3F3
:108D9000E6E74846F6F704FA0025002606E000BF9D
:108DA0004846F6F7FDF901363C2E12D03868456288
:108DB000416AB1F57A7FF3D2416AC9087C29EFD8BC
:108DC000416AC9087C29EBD8416AB1F57A7FEFD3B3
:108DD000E6E74846F6F7E4F90025002606E000BF7E
:108DE0004846F6F7DDF901363C2E12D03868456268
:108DF000416AB1F57A7FF3D2416AC9087C29EFD87C
:108E0000416AC9087C29EBD8416AB1F57A7FEFD372
:108E1000E6E74846F6F7C4F90025002606E000BF5D
:108E20004846F6F7BDF901363C2E12D03868456247
:108E3000416AB1F57A7FF3D2416AC9087C29EFD83B
:108E4000416AC9087C29EBD8416AB1F57A7FEFD332
:108E5000E6E740F268224EF20010039CC2F20002E4
:108E6000CAF600704FF07811C2E9071020464FF49F
:108E70000071F5F759FDB0FA80F0450920464FF42E
:108E80008061F5F751FD002820464FF4006108BFCE
:108E90000235F5F749FD002840F2DC10C2F200006F
:108EA00008BF04354574019840F2D831C2F2000180
:108EB0000422F4F737F84846F6F772F938680021CB
:108EC000416200BF416AB1F57A7F0BD2416AC9089D
:108ED0007C2907D8416AC9087C2903D8416AB1F5C1
:108EE0007A7FEFD34846F6F75BF938680021416294
:108EF000416AB1F57A7F0BD2416AC9087C2907D84B
:108F0000416AC9087C2903D8416AB1F57A7FEFD359
:108F10004846F6F745F9386800214162416AB1F5E3
:108F20007A7F0BD2416AC9087C2907D8416AC908EF
:108F30007C2903D8416AB1F57A7FEFD34846F6F72A
:108F40002FF9386800214162416AB1F57A7F0BD26E
:108F5000416AC9087C2907D8416AC9087C2903D815
:108F6000416AB1F57A7FEFD34846F6F719F93868C8
:108F700000214162416AB1F57A7F0BD2416AC9088A
:108F80007C2907D8416AC9087C2903D8416AB1F510
:108F90007A7FEFD34846F6F703F93868002141623B
:108FA000416AB1F57A7F0BD2416AC9087C2907D89A
:108FB000416AC9087C2903D8416AB1F57A7FEFD3A9
:108FC0004846F6F7EDF8386800214162416AB1F58C
:108FD0007A7F0BD2416AC9087C2907D8416AC9083F
:108FE0007C2903D8416AB1F57A7FEFD34846F6F77A
:108FF000D7F8386800214162416AB1F57A7F0BD217
:10900000416AC9087C2907D8416AC9087C2903D864
:10901000416AB1F57A7FEFD34846F6F7C1F8386870
:1090200000214162416AB1F57A7F0BD2416AC908D9
:109030007C2907D8416AC9087C2903D8416AB1F55F
:109040007A7FEFD34846F6F7ABF8386800214162E3
:10905000416AB1F57A7F0BD2416AC9087C2907D8E9
:10906000416AC9087C2903D8416AB1F57A7FEFD3F8
:109070004846F6F795F840F2D831C2F20001088868
:1090800040F27452C2F2000210804888108488882E
:10909000A2F84000C888A2F860000888508048887C
:1090A00050848888A2F84200C888A2F86200088824
:1090B0009080488890848888A2F84400C888A2F8E4
:1090C00064000888D0804888D0848888A2F8460048
:1090D000C888A2F8660008881081488810858888AA
:1090E000A2F84800C888A2F868000888508148881B
:1090F00050858888A2F84A00C888A2F86A000888C3
:109100009081488890858888A2F84C00C888A2F889
:109110006C000888D0814888D0858888A2F84E00E5
:10912000C888A2F86E00088810824888108688884F
:10913000A2F85000C888A2F87000088850824888B9
:1091400050868888A2F85200C888A2F87200088861
:109150009082488890868888A2F85400C888A2F82F
:1091600074000888D0824888D0868888A2F8560083
:10917000C888A2F8760008881083488810878888F5
:10918000A2F85800C888A2F8780008885083488858
:1091900050878888A2F85A00C888A2F87A00088800
:1091A0009083488890878888A2F85C00C888A2F8D5
:1091B0007C000888D0834888D0878888A2F85E0021
:1091C000C8884FF48051A2F87E0058460022FAF772
:1091D0004FFB58464FF400410022FAF749FB58462E
:1091E0004FF480410022FAF743FB58464FF40051F8
:1091F0000022FAF73DFB049C402120460022FAF7AA
:1092000037FB204680210022FAF732FB20464FF43C
:1092100080710022FAF72CFB20464FF400710022E7
:10922000FAF726FB40F60000C4F201004FF480710B
:109230000022FAF71DFB40F26034C2F2000404F190
:1092400068000390F0F7B6F994F86E001A2810D26F
:1092500041F21E6140F26030C0F20941C2F20000EA
:1092600040F8681F40F2036181801A218171F0F794
:109270002FFAE9F7E5FB40F2DC1140F2000540F27D
:10928000E422C2F200010028C2F20005C2F200028C
:10929000487001F07E8100210020116245F200211A
:1092A000C4F2C820C4F69901C5E90400A961ECF72D
:1092B00089F840F2DC14C2F20004E9F779FE0120DB
:1092C000A070EDF79FF8EDF7C3FB40F2682AC2F2F9
:1092D000000AAAF84000FDF703FE0025A570EDF78F
:1092E00003FDECF719F99620ADF8180006A93E2009
:1092F0000222F9F773FE06464846F5F751FF386833
:10930000456200BF416AB1F57A7F0BD2416AC90854
:109310007C2907D8416AC9087C2903D8416AB1F57C
:109320007A7FEFD34846F5F73BFF3868002141626A
:10933000416AB1F57A7F0BD2416AC9087C2907D806
:10934000416AC9087C2903D8416AB1F57A7FEFD315
:109350004846F5F725FF40F20005C2F200054EB978
:10936000F5F7F6FA40F2E421C2F20001C8650020E8
:1093700084F87D004846F5F713FF386840F2603BFB
:109380000021C2F2000B4162416AB1F57A7F0BD233
:10939000416AC9087C2907D8416AC9087C2903D8D1
:1093A000416AB1F57A7FEFD34846F5F7F9FE3868A0
:1093B00000214162416AB1F57A7F0BD2416AC90846
:1093C0007C2907D8416AC9087C2903D8416AB1F5CC
:1093D0007A7FEFD34846F5F7E3FE38680021416213
:1093E000416AB1F57A7F0BD2416AC9087C2907D856
:1093F000416AC9087C2903D8416AB1F57A7FEFD365
:109400004846F5F7CDFE386800214162416AB1F562
:109410007A7F0BD2416AC9087C2907D8416AC908FA
:109420007C2903D8416AB1F57A7FEFD34846F5F736
:10943000B7FE386800214162416AB1F57A7F0BD2EC
:10944000416AC9087C2907D8416AC9087C2903D820
:10945000416AB1F57A7FEFD34846F5F7A1FE386847
:1094600000214162416AB1F57A7F0BD2416AC90895
:109470007C2907D8416AC9087C2903D8416AB1F51B
:109480007A7FEFD34846F5F78BFE386800214162BA
:10949000416AB1F57A7F0BD2416AC9087C2907D8A5
:1094A000416AC9087C2903D8416AB1F57A7FEFD3B4
:1094B0004846F5F775FE386800214162416AB1F50A
:1094C0007A7F0BD2416AC9087C2907D8416AC9084A
:1094D0007C2903D8416AB1F57A7FEFD34846F5F786
:1094E0005FFE386800214162416AB1F57A7F0BD294
:1094F000416AC9087C2907D8416AC9087C2903D870
:10950000416AB1F57A7FEFD34846F5F749FE3868EE
:1095100000214162416AB1F57A7F0BD2416AC908E4
:109520007C2907D8416AC9087C2903D8416AB1F56A
:109530007A7FEFD34846F5F733FE41F21801C4F2C3
:109540000201486840F080504860486800F0805050
:10955000069006980320C0F201000790E0200690D4
:1095600006A8F5F7F3FEF5F737FF02E04846F5F7F2
:1095700017FE4846F5F714FE05F0F4F9F5F7E8F99B
:10958000DBF840108046401A0A2823D3CBF84080ED
:10959000E9F7B0FDEFF7AAFDFAF724FCE8F760FB66
:1095A00040F2D833C2F200031888617940F2745255
:1095B000C2F2000222F81100588802EB4102108426
:1095C0009888A2F84000D888A2F86000481C00F0F3
:1095D0000F006071EAF716F8E17E084340F010874B
:1095E000DBF844000026A8EB00001428C0F08C80B3
:1095F000E07CCBF84480012840F086802878217DEB
:10960000884204BF01302870C1B205295AD89AF89F
:109610001420052A56D8DFE812F00600450026007F
:1096200036001600A40740F2D100C2F20000067016
:1096300042F22820C2F200004222FAF715FE012071
:10964000CBF848803CE040F2D100C2F20000067046
:1096500042F22820C2F200009222FAF705FECBF86F
:10966000488005202CE040F2D100C2F200000670D4
:1096700042F22820C2F200004422FAF7F5FDCBF8AE
:10968000488003201CE040F2D100C2F200000078C4
:10969000012805D0DBF84800A8EB0000282811D3EA
:1096A00004200DE040F2D100C2F200000078012851
:1096B00005D0DBF84800A8EB00003C2802D30220CC
:1096C0008AF814002878C0B206281DD39AF814002E
:1096D00064280ED0C0B9E7F7B3FA42F22820C2F2EC
:1096E0000000FAF7C9FC6420CBF848808AF814001F
:1096F0000AE0DBF84800A8EB0000322822BF032074
:1097000028708AF8146000BFDBF84C00A8EB00005A
:10971000FA28C0F0B5810AF1380112200222CBF8F4
:109720004C80F8F7B1FC08B100200CE09AF8380042
:109730009AF8391040EA0120C909AAF85800AAF895
:109740004A0084F84110AAF85800ECF75BFEEDF7E8
:109750007FF9AAF84000E7F79DF9FDF7C1FBEAF7AA
:10976000D5FEE8F759FBEAF78DFCF5F7F1F840F282
:10977000E421C2F20001C96D401A40F6B8318842B6
:10978000C0F03E81EDF7F8FA94F82E0088BB9AF805
:10979000040010F01001C0F3001594F82D0014D04F
:1097A00094F82F208AB9013084F82D00F5F7D0F80D
:1097B00094F82D100A2940F2E421C2F20001486415
:1097C00024BF012084F82E000FE071B968B1F5F7CD
:1097D000BFF840F2E421C2F20001496C401A4EF693
:1097E0006121884228BF84F82D6094F82E0084F807
:1097F0002F5050B1BAF940006FF0C7016431884270
:1098000003DAA4F82D60EBF787FE40F2E420C2F201
:109810000000466B00213046C4F2E62108F065F9ED
:1098200094F87D50002808BF002D18D00021304644
:10983000C4F2AA2108F044F94FF00006D0B9CDB126
:10984000F5F786F840F2E421C2F20001896C401A73
:1098500047F23051884228BF84F87D600AE0012039
:1098600084F87D00F5F774F840F2E421C2F20001BB
:109870008864002640F24410C2F20000807B08B3E6
:1098800094F8300010AD0130C1B2052940F200015A
:1098900084F83000C2F2000124BF012084F83100B6
:1098A000BAF83A004EF22042904218D3012084F8D0
:1098B0002C00CBF8606084F82B6094F82E00002810
:1098C00050D148E040F20001C2F2000110AD84F82E
:1098D0003060BAF83A004EF220429042E6D24DF2A1
:1098E000F122904226D308690021C4F2C02108F079
:1098F000EEF8F8B1BAF940006FF0C701884280F283
:109900000586DBF8600018B9F5F722F8CBF860009F
:10991000F5F71EF8DBF86010401AB0F5FA7F28BFA3
:1099200084F82C60BAF83A004AF6C00188420AD995
:1099300000F0F5BD84F82C60BAF83A004AF6C00190
:10994000884200F2EC85012084F82B00CBF85C60A3
:1099500094F82E0030B994F8310094F87D1001434A
:1099600009065AD0F4F7F4FFDBF86410401AB0F59A
:109970007A7F3AD99520ADF840003E202946022250
:10998000F9F72CFB4846F5F70BFC3868466200BF38
:10999000416AB1F57A7F0BD2416AC9087C2907D8A0
:1099A000416AC9087C2903D8416AB1F57A7FEFD3AF
:1099B0004846F5F7F5FB3868466200BF416AB1F5E5
:1099C0007A7F0BD2416AC9087C2907D8416AC90845
:1099D0007C2903D8416AB1F57A7FEFD34846F5F781
:1099E000DFFBF4F7B5FFCBF8640040F60000C4F2EB
:1099F000010002210122F4F7A5FF012084F83200C2
:109A0000BAF85800C00437D4A671DBF85000A8EBB0
:109A10000000B0F57A7F3AD23DE068B994F83200A0
:109A2000012809D140F60000C4F201000221002201
:109A3000F4F788FF84F8326094F8440094F84620E4
:109A400094F84510104394F8512094F84730084397
:109A5000104394F850101843084340F60000C4F235
:109A600001004FF040010CBF00220122F4F76AFF11
:109A7000BAF85800C004C7D5A079002800F0338593
:109A8000DBF85000A8EB0000B0F57A7F03D3CBF8E9
:109A90005080EAF763F8207840F2A04540F2E427CE
:109AA0000028C2F20005C2F2000700F02E8200205A
:109AB0002070039E3046EFF77DFD3046F1F79AFCAB
:109AC0007869132805D801301428786104BF012073
:109AD0006077FCF7E7FE40F27453C2F20003188887
:109AE0005988DA88084499880844198910445A89A1
:109AF000084499891044DA890844198A10445A8A1A
:109B00000844998A1044DA8A0844198B10445A8B05
:109B10000844998B1044DA8B08441044000908F07B
:109B200071F943F23331C4F2530108F0FFF94FF2F7
:109B30000001C4F27F5108F033F80021C4F2A011F3
:109B400008F0F4F938630120F2F74AFF7863022045
:109B5000F2F746FFB8630320F2F742FF0AF1380636
:109B6000F863702031460222F8F78EFA0027C4F21B
:109B7000C817002838460FD1BAF8380008F042F963
:109B80004CF6CD41C3F6CC5108F0D0F949F233314F
:109B9000CCF2883107F024FF28607220314602227F
:109BA000F8F772FA002838460FD1BAF8380008F0F2
:109BB00029F94CF6CD41C3F6CC5108F0B7F949F27A
:109BC0003331CCF2883107F00BFF686074203146E6
:109BD0000222F8F759FA002838460FD1BAF83800AF
:109BE00008F010F94CF6CD41C3F6CC5108F09EF9BF
:109BF00049F23331CCF2883107F0F2FEA8607620CA
:109C000031460222F8F740FA002838460FD1BAF858
:109C1000380008F0F7F84CF6CD41C3F6CC5108F007
:109C200085F949F23331CCF2883107F0D9FEE8608A
:109C3000762031460222F8F727FA002838460FD15D
:109C4000BAF8380008F0DEF84CF6CD41C3F6CC5136
:109C500008F06CF949F23331CCF2883107F0C0FEDC
:109C60006861682031460222F8F70EFA002838466B
:109C70000FD1BAF8380008F0C5F84CF6CD41C3F65C
:109C8000CC5108F053F949F23331CCF2883107F066
:109C9000A7FEA8617F2031460222F8F7F5F910BB34
:109CA0009AF8380000F001018AF8000084F86E107C
:109CB000C0F3400184F86F10C0F3800184F86D1088
:109CC000C0F3C00184F87010C0F3001184F8711063
:109CD000C0F3401184F87210C0F38011C00984F8F9
:109CE000731084F8740010AF49F208303946EFF76A
:109CF000EFFB40F20005C2F2000510BB9DF84000EA
:109D000000F001018AF80B0084F87C10C0F34001D8
:109D100084F87B10C0F3800184F87A10C0F3C0018E
:109D200084F87910C0F3001184F87810C0F3401162
:109D300084F87710C0F38011C00984F8761084F895
:109D40007500EFF755F93846EFF734FC9DF84400FD
:109D50009DF846109DF8452040F26D1301FB03006D
:109D6000C2EB021100EB41012869A1F11F0500219E
:109D7000C4F2C22107F0B9FEDBF8141088B1681AEA
:109D80001D2840F2E427C2F2000786BF0120A07719
:109D9000A07F90B19AF8181079B9E9F789FFA07FF0
:109DA0000BE040F2E4278D42C2F2000703D0CBF86B
:109DB0001450E9F77DFF0020A0778AF81800FCF71F
:109DC000F5FDFCF7D3FCFCF7C9FDE07C012802D1CE
:109DD0000298FAF7E1FFF4F7BBFDF968401A41F287
:109DE0008931884224BF0120A0769AF815000130FD
:109DF000C1B20A298AF81500C0F0878075200021B9
:109E00000022FAF795FD30B940F24040C2F200005E
:109E10000088AAF81A00A02000210022FAF788FD85
:109E200038B940F24041C2F20001D1E90001CBE96A
:109E30001C01122031460222F8F726F9BAF8380040
:109E40003146AAF86200002002220025F8F71CF92A
:109E5000BAF83810002818BF2946AAF84C1012206A
:109E600031460222F8F710F960B99AF838009AF8EA
:109E7000391040EA0125C809AAF85850AAF84A50F2
:109E800084F84100622031460222AAF84E50F8F7C9
:109E9000FBF8BAF8381000284FF0000518BF294623
:109EA000AAF85010642031460222F8F7EDF8BAF80B
:109EB0003810002818BF2946AAF8521066203146EB
:109EC00002220025F8F7E0F8BAF83810002818BF89
:109ED0002946AAF85410572000210022FAF728FD3D
:109EE00040F24041C2F20001002894F87300098852
:109EF00018BF29460128AAF8561004D194F87D000D
:109F000008B9EBF709FB8AF8155040F20005C2F2D8
:109F10000005D5E9047B0026C4F2C8263846314640
:109F200008F004F807F037FA07F030FF04905846BD
:109F3000314607F0FBFF07F02EFA07F027FFA27962
:109F4000BAF94010BAF83AA006463AB1E0790028CA
:109F50004CD140F20110A4F807004BE06FF0C702AB
:109F6000E888C73292B290424FF00002E2711FD0EF
:109F7000049A101A00B2002848BF4042092817DC92
:109F80002889301A00B2002848BF404209280FDC57
:109F9000B5F90A00081A48BF4042132808DCA8890E
:109FA000AAEB000000B2002848BF4042142805DB9D
:109FB00040F2DC10C2F200000122027240F2603076
:109FC000C2F20000406D41F28832A8EB000040F27E
:109FD000DC149042C2F2000408D30120207240F247
:109FE0006030C2F20000C0F8548003E0207A0028FC
:109FF00000F0988140F26820C2F20000807D0528C0
:10A0000000F28A818DB2DFE810F006004801BC0042
:10A01000180199005C0140F24044C2F20004208C17
:10A0200007F008FF0025C4F27A45294607F0B8FD7D
:10A03000618C374640F21C56C2F20006306008467A
:10A0400007F0F8FE294607F0ABFDA18C70600846CA
:10A0500007F0F0FE294607F0A3FDE18CB06008464A
:10A0600007F0E8FE294607F09BFD218DF0600846C9
:10A0700007F0E0FE294607F093FD618D3061084648
:10A0800007F0D8FE294607F08BFDA18D70610846C8
:10A0900007F0D0FE294607F083FDE18DB061084648
:10A0A00007F0C8FE294607F07BFD218EF0610846C7
:10A0B00007F0C0FE294607F073FD618E3062084646
:10A0C00007F0B8FE294607F06BFDA18E70620846C6
:10A0D00007F0B0FE294607F063FDE18EB062084646
:10A0E00007F0A8FE294607F05BFD218FF0620846C5
:10A0F00007F0A0FE294607F053FD618F3063084644
:10A1000007F098FE294607F04BFDA18F70630846C3
:10A1100007F090FE294607F043FDE18FB063084643
:10A1200007F088FE294607F03BFDF06340F2682007
:10A13000C2F2000001213E468175BDE040F2A0451B
:10A14000C2F200052868F1F735F86868F1F756F8AB
:10A15000A868F1F777F8E868F1F798F840F2E42496
:10A16000C2F20004A06BF1F7B5F8E06BF1F7D6F896
:10A17000606BF1F7F7F8A869F1F718F9F0F776FDD9
:10A1800093E0504607F056FE0021C4F27A4107F0F2
:10A1900007FD074628B207F035FE0021C4F2C821AA
:10A1A00007F0FEFC05463846EFF7C0FF40F2A0403E
:10A1B000C2F200000068F0F7DFFF2846EFF772FEFA
:10A1C00040F20005C2F200052869F0F715F8686949
:10A1D000F0F732F82869F1F771F92869EFF7F2FA28
:10A1E000F0F7C0F9F0F7FCF8F0F7A2FBF0F78EFCFF
:10A1F000F0F734FAF0F770F9F1F79EF9EFF720FB7A
:10A20000F0F7CAFAF0F788FFF0F7E6FDF0F7C4FDC3
:10A21000F0F7A2FDF0F750FFF1F7C2FAEFF75EFC9E
:10A22000F0F726FFF0F7F8FDF0F782FE40F2682124
:10A23000C2F20001887D013073E00024C4F2C8241A
:10A240003846214607F0ACFC05465846214607F043
:10A25000A7FC0146284607F069FE0021C4F29D31A3
:10A2600007F064FE40F2E4244CF6CD41C2F2000453
:10A27000C4F24C21206407F059FE0021C4F27A4157
:10A2800007F08EFCEFF794FF206CEFF773FF206A66
:10A2900007F0D0FDEFF742FE07E040F21C50C2F29B
:10A2A0000000EFF7C3FDEFF7E5FF40F26821C2F2CF
:10A2B0000001887D0130887540F20005C2F200057A
:10A2C00030E0F1F769FCF1F705FBF1F7A7FCF1F7D6
:10A2D00041FFF1F79DFAF2F7C7F8EFF73BFEF1F710
:10A2E000FBFEF1F7BFFCEFF731FC40F200000499F0
:10A2F000C2F20000C180068145810546A0F80CA08D
:10A3000040F26820C2F200000021817540F2DC10AA
:10A31000C2F20000017205E040F268210130C2F291
:10A320000001887540F2603BC2F2000BDBF8580078
:10A3300040F21411002804BFCBF858804046C2F206
:10A340000001097842F2780740F2DC1440F2682AF2
:10A350000429C2F20007C2F20004C2F2000A4FD080
:10A36000BAF86410049B94F83F20591A09B20029E6
:10A3700048BF4942002A4FF4FA7208BF6422914252
:10A38000BAF8662040F2E423A6EB0202C2F2000310
:10A390004FF0000112B2A8BF0121002A48BF52426B
:10A3A0001B6ADBF81870632A4FF00002C8BF012255
:10A3B000DB1B47F24077A8EB0000C0F21B0718BF79
:10A3C0000123B84227BFCBF85880012041EA0200A0
:10A3D000184394F840109AF8172042F27807C2F216
:10A3E0000007914206D000294FF0010218BF104625
:10A3F0008AF8171020B194F87E0008B1E9F758FCEC
:10A400004846F4F7CDFE386800264662416AB1F549
:10A410007A7F0BD2416AC9087C2907D8416AC908EA
:10A420007C2903D8416AB1F57A7FEFD34846F4F727
:10A43000B7FE3868466200BF416AB1F57A7F0BD239
:10A44000416AC9087C2907D8416AC9087C2903D810
:10A45000416AB1F57A7FEFD34846F4F7A1FE386838
:10A46000466200BF416AB1F57A7F0BD2416AC908E2
:10A470007C2907D8416AC9087C2903D8416AB1F50B
:10A480007A7FEFD34846F4F78BFE3868466200BF08
:10A49000416AB1F57A7F0BD2416AC9087C2907D895
:10A4A000416AC9087C2903D8416AB1F57A7FEFD3A4
:10A4B0004846F4F775FE3868466200BF416AB1F558
:10A4C0007A7FBFF453A8416AC9087C293FF64EA899
:10A4D000416AC9087C293FF649A8416AB1F57A7FEB
:10A4E000ECD3FFF743B840F214100121C2F2000090
:10A4F0000422A17102702172DBF85000A8EB000069
:10A50000B0F57A7FBFF4C3AAFFF7C5BACBF8606095
:10A51000BAF83A004AF6C00188427FF614AA4BF610
:10A5200060018842BFF4C7A9BAF940006528FFF668
:10A530000DAADBF85C0018B9F4F70AFACBF85C0056
:10A54000F4F706FADBF85C10401AB0F5FA7F28BF82
:10A5500084F82B6094F82E0000287FF403AAFFF7FC
:10A56000FAB940F2D101C2F200010978012906D0FE
:10A57000DBF84810A8EB01011E29FFF4A3A8013065
:10A580008AF814602870C0B20628BFF49FA8FFF7AD
:10A59000BBB840F260310020C2F200010862E9F766
:10A5A00037F80646992801D0002E70D14FF2E87096
:10A5B000C1F6FF70D0E900128068514040F2E422F9
:10A5C000484040F24621C2F20002C4F6D54112686A
:10A5D0004840B2EBF06F40F0CE80EAF7F3FE40F275
:10A5E000DC144FF0000B992EC2F2000484F801B085
:10A5F0007EF463AEE9F75CFB40F2641840F608664F
:10A60000C2F20008C2F200060DF1180A002505E0AA
:10A61000B5F5704F05F5805580F02C8198F8000055
:10A62000012800F0278105F50031304605F084FB54
:10A63000002706E04846F4F7B3FD0137B7F57A7F07
:10A64000E6D03046514604F007FE0028E0D19DF8E0
:10A650001800C007DCD04846F4F7A2FD42F27800AB
:10A66000C2F200000068C0F824B000BF416AB1F532
:10A670007A7FDFD2416AC9087C29DBD8416AC908E0
:10A680007C29D7D8416AB1F57A7FEFD3D2E7002091
:10A69000C4F2C82040F2E42645F200210DF1180A68
:10A6A0000024C2F20006C4F69901C5E90400504630
:10A6B0003462A961EEF77EFF9DF81C009DF81E2014
:10A6C0009DF81D1040F26D1302FB0300C1EB011158
:10A6D00000EB410040F2603B40F2641840F608672E
:10A6E0001F38C2F2000BC2F20008C2F200070025B8
:10A6F000CBF81400B467346706E000BFB5F5704FBF
:10A7000005F5805580F0A38098F80000012800F03E
:10A710009E8005F50031384605F00EFB002606E068
:10A720004846F4F73DFD0136B6F57A7FE6D0384667
:10A73000514604F091FD0028E0D19DF81800C007B3
:10A74000DCD04846F4F72CFD42F27800C2F200005B
:10A7500000684462416AB1F57A7FE1D2416AC90872
:10A760007C29DDD8416AC9087C29D9D8416AB1F56C
:10A770007A7FEFD3D4E740F214110420C2F2000133
:10A7800008709520ADF8180006A93E200222F8F7BF
:10A7900025FC4846F4F704FD38680021416200BFFB
:10A7A000416AB1F57A7F0BD2416AC9087C2907D882
:10A7B000416AC9087C2903D8416AB1F57A7FEFD391
:10A7C0004846F4F7EDFC386800214162416AB1F572
:10A7D0007A7F0BD2416AC9087C2907D8416AC90827
:10A7E0007C2903D8416AB1F57A7FEFD34846F4F764
:10A7F000D7FC002502E000BF04F0B4F858464FF43F
:10A800000061F4F797F8504601210122F4F79AF815
:10A810004846F4F7C5FC002606E000BF4846F4F7BA
:10A82000BFFC0136C82EE7D038684562416AB1F5F1
:10A830007A7FF3D2416AC9087C29EFD8416AC908F6
:10A840007C29EBD8416AB1F57A7FEFD3E6E70020A7
:10A85000CBF82000EAF7B6FDE9F72AFA40F2DC145B
:10A860000520C2F2000442F278076070C2F20007CD
:10A87000FEF723BD40F260310020C2F2000142F237
:10A8800078070862C2F20007FEF713BDF1F728FE51
:10A89000082A3CBF6FF0150070470022426002603A
:10A8A0000A7802704A7842708A788270CA78C270D8
:10A8B0000A7902714979417108207047082A3CBF22
:10A8C0006FF0150070470022426002600A784FF076
:10A8D000020C0CEA420202704B7863F382020270AF
:10A8E0008B7863F3C3020270CB7863F304120270B7
:10A8F0000B7942EAC31202704A7902F001024270F7
:10A900008B7963F3C3024270CA790CEA4202827007
:10A910000B7A63F3820282704B7A63F3C302827014
:10A920008B7A63F304128270CB7A42EAC31282708C
:10A930000A7B02F00102C2704B7B63F3C302C27058
:10A94000897B017144F65061A0F80510082070471A
:10A95000082A3CBF6FF01500704700224260026079
:10A960000A7802704A7842708A788270CA78C27017
:10A970000A7902714A7942718A798271C979C17101
:10A9800008207047082A3CBF6FF01500704700226E
:10A99000426002600A7802704A7842708A78827057
:10A9A000CA78C2700A7902714A7942718A798271D1
:10A9B000C979C17108207047082A3CBF6FF01500A3
:10A9C000704784460020CCF80400CCF800000B78D7
:10A9D000082000EAC3038CF800304A7862F30413BD
:10A9E0008CF800308A7862F345138CF80030CA780E
:10A9F00062F386138CF80030097943EAC1118CF8B0
:10AA000000107047082A3CBF6FF015007047002205
:10AA1000426002600A7802704A7842708A788270D6
:10AA2000C978C170082070474A293CBF4FF0FF30F9
:10AA30007047F0B543F2300CA0F800C0117842F234
:10AA4000386E0B09C0F6030E01F00F011EF803303B
:10AA50001EF801108370C17051780B0901F00F01CD
:10AA60001EF803301EF80110037141715178B9B11D
:10AA7000931C00216FF001045D5C06192F0905F09D
:10AA80000F051EF807701EF805503772757255785D
:10AA90000131A94204F10204EED304F1080100E0FF
:10AAA0000621937C8CB21E0903F00F031EF80330BD
:10AAB00005191EF806606B708B1C9BB2065520F8BA
:10AAC00003C0937C002B01F1040316D002F1130C98
:10AAD000002100BF1CF801409DB2270904F00F04BB
:10AAE0001EF807701EF80440461947557470947C90
:10AAF0000131A14203F10203ECD3D17E9FB20D09D3
:10AB000001F00F011EF805501EF80110C619C555B9
:10AB10007170177F991C3D0907F00F0789B21EF865
:10AB200005501EF80770461845547770577F191D59
:10AB30003D0907F00F0789B21EF805501EF807708F
:10AB400046184554777092F91E109F1D01F0770644
:10AB5000002948BF8036350906F00706B9B21EF84D
:10AB600005501EF80660471845547E70D67F03F1E5
:10AB7000080106F00F0689B21EF806604718302556
:10AB800045547E7092F9201003F10A0701F079060E
:10AB9000002948BF8036350906F00906B9B21EF80B
:10ABA00005501EF80660471845547E7092F9211032
:10ABB00003F10C0701F07F06002948BF41F0800631
:10ABC000F5B22D0906F00F06B9B21EF805501EF8B1
:10ABD0000660471845547E7092F9221003F10E0268
:10ABE00001F07F07002948BF41F08007FEB2360917
:10ABF0001EF8066091B207F00F0742181EF80770A2
:10AC0000465403F1100080B25770F0BD2DE9F047B3
:10AC10008AB0002800F0E8829046002A00F0E48222
:10AC200089464A29C0F0E08201AF82463846232196
:10AC3000E5F7E8FC9AF80200A0F13001CAB20A2A4E
:10AC40000FD3A0F14101C9B2052902D8A0F1370103
:10AC500007E0A0F16101C9B2052900F2B680A0F1B8
:10AC60005701C8B29AF80310A1F13002D3B20A2BEF
:10AC70000ED3A1F14102D2B2062A02D2A1F13702CB
:10AC800006E0A1F16102D2B2052A04D8A1F157026F
:10AC9000D1B241EA00109AF804108DF80400A1F135
:10ACA0003002D3B20A2B0FD3A1F14100C0B2052864
:10ACB00002D8A1F1370207E0A1F16100C0B2052876
:10ACC00000F28580A1F15702D0B29AF80510A1F1E7
:10ACD0003002D3B20A2B0ED3A1F14102D2B2062A1E
:10ACE00002D2A1F1370206E0A1F16102D2B2052A37
:10ACF00004D8A1F15702D1B241EA0010C4B2002C2D
:10AD00008DF8050046D0BA1C002506218FB20846F2
:10AD1000B91C49453FD81AF807005744A0F130063E
:10AD2000F3B20A2B10D3A0F14103DBB2052B03D8F9
:10AD3000A0F1370608E000BFA0F16103DBB2052BEC
:10AD400026D8A0F1570600BFF0B27F78A7F13006F1
:10AD5000F3B20A2B10D3A7F14103DBB2062B03D2C7
:10AD6000A7F1370608E000BFA7F16103DBB2052BAE
:10AD700005D8A7F1570600BFF3B243EA00106B1CD9
:10AD8000A34250551BD20F2D1D460846BED302E0EC
:10AD90000020DAE7062082B2911C494548D81AF80B
:10ADA00002005244A0F13003DFB20A2F19D3A0F100
:10ADB0004103DBB2052B0CD8A0F1370311E00846A4
:10ADC00082B2911C4945EAD932E000204AE70020CE
:10ADD0007BE7A0F16103DBB2052B00F20882A0F152
:10ADE0005703D8B25278A2F13003DFB20A2F0ED344
:10ADF000A2F14103DBB2062B02D2A2F1370306E037
:10AE0000A2F16103DBB2052B04D8A2F15703DAB239
:10AE100042EA00108AB202324A4588BF0A46C1B2ED
:10AE20008DF8160019B193B2981C484514D91046F4
:10AE300082B2911C494547D81AF802005244A0F149
:10AE40003003DFB20A2F21D3A0F14103DBB2052B7F
:10AE500014D8A0F1370319E01AF803205344A2F1E3
:10AE60003007FEB20A2EC0F0D581A2F14107FFB231
:10AE7000052F00F2C881A2F13707CBE1A0F16103F1
:10AE8000DBB2052B00F2B581A0F15703D8B252789E
:10AE9000A2F13003DFB20A2F0ED3A2F14103DBB2DD
:10AEA000062B02D2A2F1370306E0A2F16103DBB266
:10AEB000052B04D8A2F15703DAB242EA00108AB295
:10AEC0008DF81F000846911C494535D81AF8020034
:10AED0005244A0F13003DFB20A2F0FD3A0F1410397
:10AEE000DBB2052B02D8A0F1370307E0A0F1610324
:10AEF000DBB2052B00F27F81A0F15703D8B2527864
:10AF0000A2F13003DFB20A2F0ED3A2F14103DBB26C
:10AF1000062B02D2A2F1370306E0A2F16103DBB2F5
:10AF2000052B04D8A2F15703DAB242EA00108AB224
:10AF30008DF820000846911C494534D81AF80200C3
:10AF40005244A0F13003DFB20A2F0FD3A0F1410326
:10AF5000DBB2052B02D8A0F1370307E0A0F16103B3
:10AF6000DBB2052B00F24981A0F15703D8B2527829
:10AF7000A2F13003DFB20A2F0ED3A2F14103DBB2FC
:10AF8000062B02D2A2F1370306E0A2F16103DBB285
:10AF9000052B04D8A2F15703DAB242EA00108DF86B
:10AFA00021008AB208461AF802105244A1F1300377
:10AFB000DFB20A2F0FD3A1F14103DBB2052B02D878
:10AFC000A1F1370307E0A1F16103DBB2052B00F229
:10AFD000AB80A1F15703D9B25278A2F13003DFB2AE
:10AFE0000A2F0ED3A2F14103DBB2062B02D2A2F14B
:10AFF000370306E0A2F16103DBB2052B04D8A2F10E
:10B000005703DAB242EA01119DF82220831C02F0B4
:10B01000080201F0F70111449AB21AF802308DF8D3
:10B020002210A3F13001CFB20A2F52440FD3A3F163
:10B030004101C9B2052902D8A3F1370107E0A3F104
:10B040006101CFB20021062F38BFA3F1570152781A
:10B05000A2F13003DFB20A2F0FD3A2F14103DBB21A
:10B06000062B02D2A2F1370307E0A2F16103DBB2A3
:10B07000062B38BFA2F157010B469DF82310021D85
:10B0800001F0F00192B20B431AF802108DF8233050
:10B09000A1F13003DFB20A2F52440ED3A1F14103D4
:10B0A000DBB2052B02D8A1F1370306E0A1F1610361
:10B0B000DBB2052B3AD8A1F15703D9B25278A2F1ED
:10B0C0003003DFB20A2F0ED3A2F14103DBB2062B0D
:10B0D00002D2A2F1370306E0A2F16103DBB2052B35
:10B0E00004D8A2F15703DAB242EA01119DF82420F4
:10B0F000831D02F0060201F0F90111449AB2131DFA
:10B100004B458DF824106AD81AF802105244A1F168
:10B110003003DFB20A2F12D3A1F14103DBB2052BBA
:10B1200006D8A1F137030AE0002155E70021C5E761
:10B13000A1F16103DBB2052B61D8A1F15703D9B2AC
:10B140005278A2F13003DFB20A2F0ED3A2F14103ED
:10B15000DBB2062B02D2A2F1370306E0A2F16103B3
:10B16000DBB2052B04D8A2F15703DAB242EA01118F
:10B17000083083B21AF803008DF82510A0F13002D0
:10B18000D1B20A290AEB03010ED3A0F14102D2B2D7
:10B19000052A02D8A0F1370206E0A0F16102D2B27E
:10B1A000052A2ED8A0F15702D0B24978A1F1300279
:10B1B000D3B20A2B0ED3A1F14102D2B2062A02D297
:10B1C000A1F1370206E0A1F16102D2B2052A04D84A
:10B1D000A1F15702D1B241EA00108DF8260001A971
:10B1E00040462322E5F7A7F90AB0BDE8F087002022
:10B1F000F8E500204BE6002081E60020B7E60021BC
:10B200009EE70020D1E7A2F16107FFB2052F34D8F5
:10B21000A2F15707FAB25B78A3F13007FEB20A2E0B
:10B220000ED3A3F14107FFB2062F02D2A3F13707D5
:10B2300006E0A3F16107FFB2052F04D8A3F1570779
:10B24000FBB243EA021201298DF817207FF6F0AD18
:10B2500082B2931C4B453FF6EBAD1AF80200524404
:10B26000A0F13007FEB20A2E10D3A0F14107FFB2C1
:10B27000062F04D2A0F1370708E00022CBE7A0F1A7
:10B280006107FFB2052F37D8A0F15707F8B25278FF
:10B29000A2F13007FEB20A2E0ED3A2F14107FFB28F
:10B2A000062F02D2A2F1370706E0A2F16107FFB232
:10B2B000052F04D8A2F15707FAB242EA00108DF820
:10B2C000180003291846FFF4B3AD9EB2B21C4A45DC
:10B2D00018463FF6ADAD1AF80600A0F13007FBB2F4
:10B2E0000A2B0AEB060310D3A0F14107FFB2062F89
:10B2F00004D2A0F1370708E00020C8E7A0F16107F9
:10B30000FFB2052F37D8A0F15707F8B25B78A3F149
:10B310003007FEB20A2E0ED3A3F14107FFB2062F6B
:10B3200002D2A3F1370706E0A3F16107FFB2052FB0
:10B3300004D8A3F15707FBB243EA00108DF81900B7
:10B3400004291046FFF474AD96B2B31C4B45104669
:10B350003FF66EAD1AF80600A0F13007FAB20A2ADD
:10B360000AEB060210D3A0F14107FFB2062F04D268
:10B37000A0F1370708E00020C8E7A0F16107FFB29D
:10B38000052F37D8A0F15707F8B25278A2F130074D
:10B39000FEB20A2E0ED3A2F14107FFB2062F02D24F
:10B3A000A2F1370706E0A2F16107FFB2052F04D82A
:10B3B000A2F15707FAB242EA00108DF81A000529E7
:10B3C0001846FFF435AD9EB2B21C4A4518463FF60A
:10B3D0002FAD1AF80600A0F13007FBB20A2B0AEBDA
:10B3E000060310D3A0F14107FFB2062F04D2A0F14B
:10B3F000370708E00020C8E7A0F16107FFB2052F7A
:10B4000037D8A0F15707F8B25B78A3F13007FEB246
:10B410000A2E0ED3A3F14107FFB2062F02D2A3F1E9
:10B42000370706E0A3F16107FFB2052F04D8A3F1A7
:10B430005707FBB243EA00108DF81B00062910469F
:10B44000FFF4F6AC96B2B31C4B4510463FF6F0AC99
:10B450001AF80600A0F13007FAB20A2A0AEB06022F
:10B4600010D3A0F14107FFB2062F04D2A0F1370795
:10B4700008E00020C8E7A0F16107FFB2052F37D828
:10B48000A0F15707F8B25278A2F13007FEB20A2EA7
:10B490000ED3A2F14107FFB2062F02D2A2F1370765
:10B4A00006E0A2F16107FFB2052F04D8A2F1570709
:10B4B000FAB242EA00108DF81C0007291846FFF482
:10B4C000B7AC9EB2B21C4A4518463FF6B1AC1AF86A
:10B4D0000600A0F13007FBB20A2B0AEB060310D3DB
:10B4E000A0F14107FFB2062F04D2A0F1370708E010
:10B4F0000020C8E7A0F16107FFB2052F37D8A0F1FF
:10B500005707F8B25B78A3F13007FEB20A2E0ED3CC
:10B51000A3F14107FFB2062F02D2A3F1370706E0DD
:10B52000A3F16107FFB2052F04D8A3F15707FBB2BF
:10B5300043EA00108DF81D0008291046FFF478AC8E
:10B5400097B2B91C494510463FF672AC1AF807008D
:10B55000A0F13003DAB20A2A0AEB070210D3A0F1F5
:10B560004103DBB2062B04D2A0F1370308E0002030
:10B57000C8E7A0F16103DBB2052B1FD8A0F1570388
:10B58000D8B25278A2F13003DFB20A2F0ED3A2F163
:10B590004103DBB2062B02D2A2F1370306E0A2F18F
:10B5A0006103DBB2052B04D8A2F15703DAB242EAF9
:10B5B00000108DF81E000846FFF73ABC0020E0E7B7
:10B5C0008A293CBF4FF0FF30704770B543F230011D
:10B5D0000180117842F2386C0B09C0F6030C01F0BF
:10B5E0000F011CF803301CF801108370C1705178F2
:10B5F0000B0901F00F011CF803301CF80110037156
:10B600004171517809B302F1020E0623002100BFF7
:10B610003EF81140C618250B1CF805500131C554E1
:10B62000C4F303251CF8055004337570E5B22D09E9
:10B6300004F00F041CF805501CF80440B570F470B9
:10B6400054789BB2A142E3D300E0062392F8221083
:10B6500000EB030E0C0901F00F011CF804401CF86C
:10B660000110C4548EF8011092F82210023301B375
:10B6700002F1230E002100BF3EF811409EB2250BBF
:10B680001CF8055001318555C4F303251CF80550FD
:10B6900006447570E5B22D0904F00F041CF805503E
:10B6A0001CF80440B570F47092F822400433A142B3
:10B6B000E2D3B2F833109DB20E0B1CF8066046556B
:10B6C000C1F303261CF8066005446E70CEB236093D
:10B6D00001F00F011CF806601CF80110AE70E97053
:10B6E000B2F835101E1D0D0B1CF80550B6B285556D
:10B6F000C1F303251CF8055006447570CDB22D0921
:10B7000001F00F011CF805501CF80110B570F17024
:10B7100092F83910042903F1080119D189B24FF0C8
:10B72000463E40F801E092F8391003F10C060D098D
:10B7300001F00F01B6B21CF8011084191CF8055075
:10B74000617003F10E0189B2855540F801E03DE0DA
:10B75000B2F8376089B2350B1CF805504554C6F372
:10B7600003251CF8055001444D70F5B22D0906F073
:10B770000F061CF805501CF806608D70CE7092F80C
:10B78000396003F10C01340906F00F0689B21CF888
:10B7900004401CF80660451844546E70518F03F144
:10B7A0000E060D0B1CF80550B6B28555C1F30325E6
:10B7B0001CF8055006447570CDB22D0901F00F013B
:10B7C0001CF805501CF80110B570F170918F03F151
:10B7D00012060D0B1CF80550B6B28555C1F30325B2
:10B7E0001CF8055006447570CDB22D0901F00F010B
:10B7F0001CF805501CF80110B570F17092F8391062
:10B80000042903F1160159D192F83E6089B2340936
:10B8100006F00F061CF804401CF806604518445456
:10B820006E7092F83F6003F11801340906F00F06BC
:10B8300089B21CF804401CF80660451844546E7028
:10B8400092F8406003F11A01340906F00F0689B23C
:10B850001CF804401CF80660451844546E7092F8B9
:10B86000416003F11C01340906F00F0689B21CF88F
:10B8700004401CF80660451844546E7092F842600B
:10B8800003F11E01340906F00F0689B21CF80440CA
:10B890001CF80660451844546E7092F8432003F17A
:10B8A000200115091CF8055002F00F0289B21CF89E
:10B8B00002204618455403F12201727088B270BD0F
:10B8C0002DE9F04F91B0002800F08D849146002AB8
:10B8D00000F089848A468A29C0F085846D468346B3
:10B8E00028464421E4F78EFE9BF80200A0F13001C7
:10B8F000CAB20A2A0FD3A0F14101C9B2052902D860
:10B90000A0F1370107E0A0F16101C9B2052900F2F9
:10B91000ED80A0F15701C8B29BF80310A1F13002ED
:10B92000D3B20A2B0ED3A1F14102D2B2062A02D21F
:10B93000A1F1370206E0A1F16102D2B2052A04D8D2
:10B94000A1F15702D1B241EA00109BF804108DF822
:10B950000000A1F13002D3B20A2B0FD3A1F14100B4
:10B96000C0B2052802D8A1F1370207E0A1F16100B9
:10B97000C0B2052800F2BC80A1F15702D1B29BF8F9
:10B980000500A0F13002D3B20A2B0ED3A0F1410280
:10B99000D2B2062A02D2A0F1370206E0A0F161027B
:10B9A000D2B2052A04D8A0F15702D0B240EA011160
:10B9B000C8B200288DF8011000F08180AC46A91CA7
:10B9C00000224FF0060800BF0BEB8204A379A3F11D
:10B9D0003006F5B20A2D0FD3A3F14106F6B2052EBB
:10B9E00002D8A3F1370607E0A3F16106F6B2052EEF
:10B9F0005DD8A3F1570600BFF3B2E679A6F1300592
:10BA0000EFB20A2F10D3A6F14107FFB2062F03D2DF
:10BA1000A6F1370508E000BFA6F16107FFB2052FC8
:10BA200005D8A6F1570500BFEFB247EA0313267AFF
:10BA3000A6F13005EFB20A2F10D3A6F14107FFB2ED
:10BA4000062F03D2A6F1370508E000BFA6F1610773
:10BA5000FFB2052F05D8A6F1570500BFEFB247EAA0
:10BA60000313667AA6F13005EFB20A2F10D3A6F1C0
:10BA70004107FFB2062F03D2A6F1370508E000BF49
:10BA8000A6F16107FFB2052F05D8A6F1570500BF43
:10BA9000EFB247EA031321F81230531C834208F136
:10BAA000040806D20F2A1A46FFF48EAF01E00023E5
:10BAB000A3E7654608F10200504506D952E04FF071
:10BAC000060808F1020050454CD81BF80810A1F1F7
:10BAD0003003DAB20A2A0BEB080213D3A1F14103B7
:10BAE000DBB2052B06D8A1F137030BE0002013E7EA
:10BAF000002144E7A1F16103DBB2052B00F23382A0
:10BB0000A1F15703D9B25278A2F13003DFB20A2F64
:10BB10000ED3A2F14103DBB2062B02D2A2F137030E
:10BB200006E0A2F16103DBB2052B04D8A2F15703B2
:10BB3000DAB242EA0111CCB28DF822108CB105F1D3
:10BB40002307002685B20BEB0500FCF7ADF8711C4E
:10BB500027F81600A14205F1040002D2072E0E4676
:10BB6000F0D380461FFA88F000F10C01514505D949
:10BB700000F10A01514540F2DB802FE35844FCF705
:10BB800093F808F1040189B21BF80120ADF83300E5
:10BB9000A2F13000C3B20A2B59440FD3A2F14100E5
:10BBA000C0B2052802D8A2F1370007E0A2F1610077
:10BBB000C0B2052800F2D981A2F15700C0B24A787C
:10BBC000A2F13003DFB20A2F0ED3A2F14103DBB2A0
:10BBD000062B02D2A2F1370306E0A2F16103DBB229
:10BBE000052B04D8A2F15703DAB242EA00108A7892
:10BBF000A2F13003DFB20A2F0ED3A2F14103DBB270
:10BC0000062B02D2A2F1370306E0A2F16103DBB2F8
:10BC1000052B04D8A2F15703DAB242EA0010C97822
:10BC2000A1F13002D3B20A2B0ED3A1F14102D2B25C
:10BC3000062A02D2A1F1370206E0A1F16102D2B2D6
:10BC4000052A04D8A1F15702D1B241EA001008F147
:10BC5000080189B21BF80120ADF83500A2F13000CF
:10BC6000C3B20A2B59440FD3A2F14100C0B2052838
:10BC700002D8A2F1370007E0A2F16100C0B20528A6
:10BC800000F27581A2F15700C0B24A78A2F13003E8
:10BC9000DFB20A2F0ED3A2F14103DBB2062B02D290
:10BCA000A2F1370306E0A2F16103DBB2052B04D851
:10BCB000A2F15703DAB242EA00108A78A2F1300307
:10BCC000DFB20A2F0ED3A2F14103DBB2062B02D260
:10BCD000A2F1370306E0A2F16103DBB2052B04D821
:10BCE000A2F15703DAB242EA0010C978A1F130029A
:10BCF000D3B20A2B0ED3A1F14102D2B2062A02D24C
:10BD0000A1F1370206E0A1F16102D2B2052A04D8FE
:10BD1000A1F15702D1B241EA001008F10C08ADF8C8
:10BD200037001FFA88F000F10A01514500F25682EF
:10BD30001BF80020A2F13003D9B20A290BEB000155
:10BD40000FD3A2F14100C0B2052802D8A2F13703F7
:10BD500007E0A2F16100C0B2052800F20A81A2F159
:10BD60005703D8B24978A1F13002D3B20A2B0ED3CF
:10BD7000A1F14102D2B2062A02D2A1F1370206E0B5
:10BD8000A1F16102D2B2052A04D8A1F15702D1B2C1
:10BD900041EA001008F102018AB21BF802105A446D
:10BDA000A1F13003DFB20A2F8DF839000FD3A1F1D2
:10BDB0004103DBB2052B02D8A1F1370307E0A1F163
:10BDC0006103DBB2052B00F2D680A1F15703D9B293
:10BDD0005378A3F13006F7B20A2F0ED3A3F141072F
:10BDE000FFB2062F02D2A3F1370606E0A3F16107E6
:10BDF000FFB2052F04D8A3F15706F3B243EA0111AD
:10BE00009378A3F13006F7B20A2F0ED3A3F14107BE
:10BE1000FFB2062F02D2A3F1370606E0A3F16107B5
:10BE2000FFB2052F04D8A3F15706F3B243EA01117C
:10BE3000D278A2F13003DFB20A2F0ED3A2F1410370
:10BE4000DBB2062B02D2A2F1370306E0A2F16103B6
:10BE5000DBB2052B04D8A2F15703DAB242EA011192
:10BE600008F1060292B21BF80230ADF83A10A3F1C5
:10BE70003001CFB20A2F5A440ED3A3F14101C9B207
:10BE8000052902D8A3F1370106E0A3F16101C9B287
:10BE9000052972D8A3F15701C9B25378A3F130062E
:10BEA000F7B20A2F0ED3A3F14107FFB2062F02D239
:10BEB000A3F1370606E0A3F16107FFB2052F04D80E
:10BEC000A3F15706F3B243EA01119378A3F13006C8
:10BED000F7B20A2F0ED3A3F14107FFB2062F02D209
:10BEE000A3F1370606E0A3F16107FFB2052F04D8DE
:10BEF000A3F15706F3B243EA0111D278A2F130035D
:10BF0000DFB20A2F0ED3A2F14103DBB2062B02D21D
:10BF1000A2F1370306E0A2F16103DBB2052B04D8DE
:10BF2000A2F15703DAB242EA0111C0B20328ADF818
:10BF30003C1040F2538108F10A0081B201F10C007B
:10BF4000504500F24B811BF801005944A0F130022A
:10BF5000D3B20A2B1BD3A0F14102D2B2052A0ED8CC
:10BF6000A0F1370213E00021CDE5002027E60020F4
:10BF70008BE60020F6E600212AE700218DE7A0F1FC
:10BF80006102D2B2052A00F23181A0F15702D0B28B
:10BF90004978A1F13002D3B20A2B0ED3A1F14102AC
:10BFA000D2B2062A02D2A1F1370206E0A1F1610263
:10BFB000D2B2052A04D8A1F15702D1B241EA001049
:10BFC00008F10C0189B21BF801208DF83E00A2F1A6
:10BFD0003000C3B20A2B59440FD3A2F14100C0B2C2
:10BFE000052802D8A2F1370007E0A2F16100C0B233
:10BFF000052800F2FD80A2F15700C0B24978A1F1F6
:10C000003002D3B20A2B0ED3A1F14102D2B2062ADA
:10C0100002D2A1F1370206E0A1F16102D2B2052AF3
:10C0200004D8A1F15702D1B241EA001008F10E0183
:10C0300089B21BF801208DF83F00A2F13000C3B295
:10C040000A2B59440FD3A2F14100C0B2052802D8EF
:10C05000A2F1370007E0A2F16100C0B2052800F2AA
:10C06000C980A2F15700C0B24978A1F13002D3B221
:10C070000A2B0ED3A1F14102D2B2062A02D2A1F1BB
:10C08000370206E0A1F16102D2B2052A04D8A1F17B
:10C090005702D1B241EA001008F1100189B21BF831
:10C0A00001208DF84000A2F13000C3B20A2B5944A0
:10C0B0000FD3A2F14100C0B2052802D8A2F1370087
:10C0C00007E0A2F16100C0B2052800F29580A2F15C
:10C0D0005700C0B24978A1F13002D3B20A2B0ED377
:10C0E000A1F14102D2B2062A02D2A1F1370206E042
:10C0F000A1F16102D2B2052A04D8A1F15702D1B24E
:10C1000041EA001008F1120189B21BF801208DF8F4
:10C110004100A2F13000C3B20A2B59440ED3A2F160
:10C120004100C0B2052802D8A2F1370006E0A2F112
:10C130006100C0B2052861D8A2F15700C0B24978A9
:10C14000A1F13002D3B20A2B0ED3A1F14102D2B237
:10C15000062A02D2A1F1370206E0A1F16102D2B2B1
:10C16000052A04D8A1F15702D1B241EA001008F122
:10C17000140189B21BF801208DF84200A2F13000B1
:10C18000C3B20A2B59440ED3A2F14100C0B2052814
:10C1900002D8A2F1370006E0A2F16100C0B2052882
:10C1A0002ED8A2F15700C0B24978A1F13002D3B223
:10C1B0000A2B0ED3A1F14102D2B2062A02D2A1F17A
:10C1C000370206E0A1F16102D2B2052A04D8A1F13A
:10C1D0005702D1B241EA00108DF843006946484643
:10C1E0004422E4F7A8F911B0BDE8F08F0020CFE6B3
:10C1F000002003E7002037E700206BE700209EE7E0
:10C200000020D1E740293CBF4FF0FF307047F0B528
:10C21000117842F2386C002908BF20210B09C0F6C2
:10C22000030C01F00F011CF803301CF8011003701F
:10C23000417051784FF0180E002908BF20210B09DA
:10C2400001F00F011CF803301CF801108370C1705D
:10C250009178002908BF20210B0901F00F011CF87B
:10C2600003301CF8011003714171D178002908BF17
:10C2700020210B0901F00F011CF803301CF80110FC
:10C280008371C1711179002908BF20210B0901F0C8
:10C290000F011CF803301CF8011003724172517930
:10C2A000002908BF20210B0901F00F011CF8033001
:10C2B0001CF801108372C1729179002908BF2021F6
:10C2C0000B0901F00F011CF803301CF80110037377
:10C2D0004173D179002908BF20210B0901F00F011A
:10C2E0001CF803301CF801108373C173117A002904
:10C2F00008BF20210B0901F00F011CF803301CF8C6
:10C30000011003744174517A002908BF20210B09E0
:10C3100001F00F011CF803301CF801108374C17484
:10C3200051890B0B1CF803300375C1F303231CF870
:10C3300003304375CBB201F00F011B091CF801104B
:10C340001CF80330C1750021837500BF5418257B8C
:10C350001FFA8EF6002D08BF20252F0905F00F05C6
:10C360001CF807701CF80550831987555D70657BB4
:10C370000531002D08BF20252E0905F00F051CF8FA
:10C3800006601CF805509E70DD70A57B0EF10A0E4C
:10C39000002D08BF20252E0905F00F051CF80660AA
:10C3A0001CF805501E715D71E57B002D08BF20252E
:10C3B0002E0905F00F051CF806601CF805509E714B
:10C3C000DD71247C002C08BF2024250904F00F0413
:10C3D0001CF805501CF8044014291D725C72B5D17C
:10C3E0004020F0BD1429C0F0F181002800F0EE815A
:10C3F000002A08BF7047F0B50178A1F13003DEB222
:10C400000A2E0FD3A1F14103DBB2052B02D8A1F113
:10C41000370307E0A1F16103DBB2052B00F2D781FE
:10C42000A1F157035FFA83FC4178A1F13003DEB23A
:10C430000A2E0ED3A1F14103DBB2062B02D2A1F1E9
:10C44000370306E0A1F16103DBB2052B04D8A1F1AB
:10C450005703D9B241EA0C1C8178A1F13003DFB255
:10C460000A2F0FD3A1F14103DBB2052B02D8A1F1B2
:10C47000370307E0A1F16103DBB2052B00F2AA81CB
:10C48000A1F157035FFA83FEC178A1F13003DCB25A
:10C490000A2C0ED3A1F14103DBB2062B02D2A1F18B
:10C4A000370306E0A1F16103DBB2052B04D8A1F14B
:10C4B0005703D9B241EA0E1E0179A1F13003DCB273
:10C4C0000A2C0ED3A1F14103DBB2062B02D2A1F15B
:10C4D000370306E0A1F16103DBB2052B04D8A1F11B
:10C4E0005703D9B241EA0E1E4179A1F13003DCB203
:10C4F0000A2C0ED3A1F14103DBB2062B02D2A1F12B
:10C50000370306E0A1F16103DBB2052B04D8A1F1EA
:10C510005703D9B241EA0E1E8179A1F13003DCB292
:10C520000A2C0FD3A1F14103DBB2052B02D8A1F1F4
:10C53000370307E0A1F16103DBB2052B00F24D8167
:10C54000A1F15703D9B2C379A3F13004E5B20A2DA2
:10C550000ED3A3F14104E4B2062C02D2A3F13704B6
:10C5600006E0A3F16104E4B2052C04D8A3F157045A
:10C57000E3B243EA0111037AA3F13004E5B20A2DD4
:10C580000ED3A3F14104E4B2062C02D2A3F1370486
:10C5900006E0A3F16104E4B2052C04D8A3F157042A
:10C5A000E3B243EA0111437AA3F13004E5B20A2D64
:10C5B0000ED3A3F14104E4B2062C02D2A3F1370456
:10C5C00006E0A3F16104E4B2052C04D8A3F15704FA
:10C5D000E3B243EA0111837AA3F13004E5B20A2DF4
:10C5E0000FD3A3F14104E4B2052C02D8A3F1370420
:10C5F00007E0A3F16104E4B2052C00F2F080A3F19E
:10C600005704E3B2C47AA4F13005EEB20A2E0ED379
:10C61000A4F14105EDB2062D02D2A4F1370506E0E2
:10C62000A4F16105EDB2052D04D8A4F15705ECB2D3
:10C6300044EA0313047BA4F13005EEB20A2E0ED3B4
:10C64000A4F14105EDB2062D02D2A4F1370506E0B2
:10C65000A4F16105EDB2052D04D8A4F15705ECB2A3
:10C6600044EA0313447BA4F13005EEB20A2E0ED344
:10C67000A4F14105EDB2062D02D2A4F1370506E082
:10C68000A4F16105EDB2052D04D8A4F15705ECB273
:10C6900044EA0313847BA4F13005EEB20A2E0FD3D3
:10C6A000A4F14105EDB2052D02D8A4F1370507E04C
:10C6B000A4F16105EDB2052D00F29380A4F15705B8
:10C6C000ECB2C57BA5F13006F7B20A2F0ED3A5F167
:10C6D0004106F6B2062E02D2A5F1370606E0A5F114
:10C6E0006106F6B2052E04D8A5F15706F5B245EA63
:10C6F0000414057CA5F13006F7B20A2F0ED3A5F17C
:10C700004106F6B2062E02D2A5F1370606E0A5F1E3
:10C710006106F6B2052E04D8A5F15706F5B245EA32
:10C720000414457CA5F13006F7B20A2F0ED3A5F10B
:10C730004106F6B2062E02D2A5F1370606E0A5F1B3
:10C740006106F6B2052E04D8A5F15706F5B245EA02
:10C750000414857CA5F13006F7B20A2F0ED3A5F19B
:10C760004106F6B2052E02D8A5F1370606E0A5F17E
:10C770006106F6B2052E36D8A5F15706F5B2C07C93
:10C78000A0F13006F7B20A2F0ED3A0F14106F6B29F
:10C79000062E02D2A0F1370606E0A0F16106F6B23D
:10C7A000052E04D8A0F15706F0B240EA051505F0B1
:10C7B000FC0082F800C0A2F801E0A2F80310A2F881
:10C7C0000530A2F807405072BDE8F04070474FF0C6
:10C7D000000C29E64FF0000E56E60021B3E60023D8
:10C7E00010E700246DE70025C9E7000014293CBFCD
:10C7F0004FF0FF30704780B5137842F2386E4FEA41
:10C80000131CC0F6030E03F00F031EF80CC01EF835
:10C81000033080F800C04370B2F80130190B1EF8E5
:10C8200001108170C3F303211EF80110C170D9B249
:10C83000090903F00F031EF801101EF803300171FF
:10C840004371B2F803100B0B1EF803308371C1F370
:10C8500003231EF80330C371CBB21B0901F00F0193
:10C860001EF803301EF8011003724172B2F8051071
:10C870000B0B1EF803308372C1F303231EF8033041
:10C88000C372CBB21B0901F00F011EF803301EF872
:10C89000011003734173B2F807100B0B1EF803303D
:10C8A0008373C1F303231EF80330C373CBB21B0998
:10C8B00001F00F011EF803301EF8011003744174DB
:10C8C00092F9091001F07C02002948BF8032110959
:10C8D00002F00C021EF801101EF802208174C274CE
:10C8E000142080BD2DE9F04381B01429C0F03A81B5
:10C8F0000546002800F036811446002A00F03281F7
:10C900002878A0F13001CAB20A2A0FD3A0F1410160
:10C91000C9B2052902D8A0F1370107E0A0F16101F1
:10C92000C9B2052900F22181A0F157015FFA81F80F
:10C930006878A0F13001CAB20A2A0ED3A0F14101F1
:10C94000C9B2062902D2A0F1370106E0A0F16101C7
:10C95000C9B2052904D8A0F15701C8B240EA0818A5
:10C96000A878A0F13001CAB20A2A0FD3A0F1410180
:10C97000C9B2052902D8A0F1370107E0A0F1610191
:10C98000C9B2052900F2F480A0F15701CFB2E878CE
:10C99000A0F13001CAB20A2A0ED3A0F14101C9B2F6
:10C9A000062902D2A0F1370106E0A0F16101C9B267
:10C9B000052904D8A0F15701C8B240EA0717287921
:10C9C000A0F13001CAB20A2A0ED3A0F14101C9B2C6
:10C9D000062902D2A0F1370106E0A0F16101C9B237
:10C9E000052904D8A0F15701C8B240EA07176879B1
:10C9F000A0F13001CAB20A2A0ED3A0F14101C9B296
:10CA0000062902D2A0F1370106E0A0F16101C9B206
:10CA1000052904D8A0F15701C8B240EA0717A87940
:10CA2000A0F13001CAB20A2A0FD3A0F14101C9B264
:10CA3000052902D8A0F1370107E0A0F16101C9B2D0
:10CA4000052900F29780A0F15701CEB2E879A0F154
:10CA50003001CAB20A2A0ED3A0F14101C9B2062997
:10CA600002D2A0F1370106E0A0F16101C9B20529A7
:10CA700004D8A0F15701C8B240EA0616287AA0F1FE
:10CA80003001CAB20A2A0ED3A0F14101C9B2062967
:10CA900002D2A0F1370106E0A0F16101C9B2052977
:10CAA00004D8A0F15701C8B240EA0616687AA0F18E
:10CAB0003001CAB20A2A0ED3A0F14101C9B2062937
:10CAC00002D2A0F1370106E0A0F16101C9B2052947
:10CAD00004D8A0F15701C8B240EA061605F10A00D1
:10CAE000FBF7E2F8814605F10E00FBF7DDF8A97CC3
:10CAF000A1F13002D3B20A2B0ED3A1F14102D2B27E
:10CB0000052A02D8A1F1370206E0A1F16102D2B2F2
:10CB1000052A31D8A1F15702D1B2EA7CA2F1300343
:10CB2000DDB20A2D0ED3A2F14103DBB2062B02D2F5
:10CB3000A2F1370306E0A2F16103DBB2052B04D8B2
:10CB4000A2F15703DAB242EA011101F0FC0184F8C4
:10CB50000080A4F80170A4F80360A4F80590A4F87C
:10CB60000700617201B0BDE8F0834FF00008DFE616
:10CB700000270CE7002669E70021CEE722293CBF09
:10CB80004FF0FF30704780B5137842F2386E4FEAAD
:10CB9000131CC0F6030E03F00F031EF80CC01EF8A2
:10CBA000033080F800C043705378002B08BF202367
:10CBB000190903F00F031EF801101EF803308170ED
:10CBC000C3709178002908BF20210B0901F00F01E3
:10CBD0001EF803301EF8011003714171D17800294D
:10CBE00008BF20210B0901F00F011EF803301EF8C9
:10CBF00001108371C1711179002908BF20210B092F
:10CC000001F00F011EF803301EF80110037241728B
:10CC10005179002908BF20210B0901F00F011EF8EE
:10CC200003301EF801108372C1729179002908BF88
:10CC300020210B0901F00F011EF803301EF801102E
:10CC400003734173D179002908BF20210B0901F03A
:10CC50000F011EF803301EF801108373C173117A9F
:10CC6000002908BF20210B0901F00F011EF8033035
:10CC70001EF8011003744174517A002908BF202165
:10CC80000B0901F00F011EF803301EF80110837428
:10CC9000C174917A002908BF20210B0901F00F010E
:10CCA0001EF803301EF8011003754175D17A002972
:10CCB00008BF20210B0901F00F011EF803301EF8F8
:10CCC00001108375C175117B002908BF20210B0954
:10CCD00001F00F011EF803301EF8011003764176B3
:10CCE000517B002908BF20210B0901F00F011EF81C
:10CCF00003301EF801108376C176917B002908BFAE
:10CD000020210B0901F00F011EF803301EF801105D
:10CD100003774177D17B002908BF20210B0901F05F
:10CD20000F011EF803301EF801108377C177117CC4
:10CD3000002908BF20210A0901F00F011EF8022076
:10CD40001EF8011080F8202080F82110222080BDDC
:10CD500062293CBF4FF0FF30704710B5B2F800E0D9
:10CD600042F238644FEA1E3CC0F6030414F80C305B
:10CD70000370CEF30323E35C43705FFA8EF31B0969
:10CD800014F803C00EF00F03E35C80F802C0C37018
:10CD90005388190B615C0171C3F30321615C41711C
:10CDA000D9B2090903F00F03615CE35C8171C371BF
:10CDB00011790B0901F00F01E35C615C03724172B0
:10CDC000B2F805100B0BE35C8372C1F30323E35C41
:10CDD000C372CBB21B0901F00F01E35C615C03730A
:10CDE0004173B2F807100B0BE35C8373C1F30323A9
:10CDF000E35CC373CBB21B0901F00F01E35C615C20
:10CE000003744174517A0B0901F00F01E35C615C1A
:10CE10008374C174917A0B0901F00F01E35C615CCA
:10CE200003754175B2F80B100B0BE35C8375C1F30E
:10CE30000323E35CC375CBB21B0901F00F01E35C74
:10CE4000615C03764176B2F80D100B0BE35C8376E0
:10CE5000C1F30323E35CC376CBB21B0901F00F01DE
:10CE6000E35C615C03774177B2F80F100B0BE35C76
:10CE70008377C1F30323E35CC377CBB21B0901F0D3
:10CE80000F01E35C615C80F8203080F82110B2F87B
:10CE900011100B0BE35C80F82230C1F30323E35C39
:10CEA00080F82330CBB21B0901F00F01E35C615C19
:10CEB00080F8243080F82510B2F813100B0BE35CD7
:10CEC00080F82630C1F30323E35C80F82730CBB22F
:10CED0001B0901F00F01E35C615C80F8283080F8E9
:10CEE0002910B2F815100B0BE35C80F82A30C1F35F
:10CEF0000323E35C80F82B30CBB21B0901F00F0158
:10CF0000E35C615C80F82C3080F82D10B2F81710CB
:10CF10000B0BE35C80F82E30C1F30323E35C80F855
:10CF20002F30CBB21B0901F00F01E35C615C80F88C
:10CF3000303080F83110B2F819100B0BE35C80F838
:10CF40003230C1F30323E35C80F83330CBB21B09EA
:10CF500001F00F01E35C615C80F8343080F835103B
:10CF6000B2F81B100B0BE35C80F83630C1F30323DF
:10CF7000E35C80F83730CBB21B0901F00F01E35CB2
:10CF8000615C80F8383080F83910B2F81D100B0B56
:10CF9000E35C80F83A30C1F30323E35C80F83B3074
:10CFA000CBB21B0901F00F01E35C615C80F83C30FF
:10CFB00080F83D10B2F81F100B0BE35C80F83E3098
:10CFC000C1F30323E35C80F83F30CBB21B0901F0CF
:10CFD0000F01E35C615C80F8403080F84110B2F8EA
:10CFE00021100B0BE35C80F84230C1F30323E35CB8
:10CFF00080F84330CBB21B0901F00F01E35C615CA8
:10D0000080F8443080F84510B2F823100B0BE35C35
:10D0100080F84630C1F30323E35C80F84730CBB29D
:10D020001B0901F00F01E35C615C80F8483080F877
:10D030004910B2F825100B0BE35C80F84A30C1F3BD
:10D040000323E35C80F84B30CBB21B0901F00F01E6
:10D05000E35C615C80F84C3080F84D10B2F827102A
:10D060000B0BE35C80F84E30C1F30323E35C80F8E4
:10D070004F30CBB21B0901F00F01E35C615C80F81B
:10D08000503080F85110B2F829100B0BE35C80F897
:10D090005230C1F30323E35C80F85330CBB21B0959
:10D0A00001F00F01E35C615C80F8543080F85510AA
:10D0B000B2F82B100B0BE35C80F85630C1F303235E
:10D0C000E35C80F85730CBB21B0901F00F01E35C41
:10D0D000615C80F8583080F85910B2F82D100B0BB5
:10D0E000E35C80F85A30C1F30323E35C80F85B30E3
:10D0F000CBB21B0901F00F01E35C615C80F85C308E
:10D1000080F85D10B2F82F100A0BA25C80F85E2048
:10D11000C1F30322A25C80F85F20CAB2120901F0B9
:10D120000F01A25C615C80F8602080F861106220D1
:10D1300010BD0000F0B592F82030422404EB4313F8
:10D140008B4284BF4FF0FF30F0BD117842F2386C53
:10D15000002908BF20210B09C0F6030C01F00F01C4
:10D160001CF803301CF801100370417051784FF027
:10D17000140E002908BF20210B0901F00F011CF833
:10D1800003301CF801108370C1709178002908BF2A
:10D1900020210B0901F00F011CF803301CF80110CD
:10D1A00003714171D178002908BF20210B0901F0DA
:10D1B0000F011CF803301CF801108371C171117943
:10D1C000002908BF20210B0901F00F011CF80330D2
:10D1D0001CF80110037241725179002908BF202107
:10D1E0000B0901F00F011CF803301CF801108372C9
:10D1F000C1729179002908BF20210B0901F00F01AC
:10D200001CF803301CF8011003734173D179002915
:10D2100008BF20210B0901F00F011CF803301CF896
:10D2200001108373C173117A002908BF20210B09F3
:10D2300001F00F011CF803301CF801100374417455
:10D24000517A002908BF20210B091CF8033001F096
:10D250000F011CF8011083740023C174D418A57A3F
:10D260001FFA8EF6002D08BF20252F0905F00F05A7
:10D270001CF807701CF80550811987554D70E57A28
:10D280000533002D08BF20252E0905F00F051CF8D9
:10D2900006601CF805508E70CD70257B0EF10A0ECD
:10D2A000002D08BF20252E0905F00F051CF806608B
:10D2B0001CF805500E714D71657B002D08BF2025AF
:10D2C0002E0905F00F051CF806601CF805508E713C
:10D2D000CD71A47B002C08BF2024250904F00F0485
:10D2E0001CF805501CF80440142B0D724C72B5D17B
:10D2F000D18B0B0B1CF8033080F83C30C1F30323B7
:10D300001CF8033080F83D30CBB21B0901F00F014F
:10D310001CF803301CF8011080F83E3080F83F10F4
:10D3200092F820100B0901F00F011CF803301CF8D3
:10D33000011080F8403080F8411092F82010002948
:10D3400000F0308102F1300142234FF0000E00BFA7
:10D3500011F80F4C9DB2002C08BF2024270904F0BF
:10D360000F041CF807701CF80440461947557470E8
:10D3700011F80E4C9D1C002C08BF2024270904F036
:10D380000F04ADB21CF807701CF80440461947554D
:10D39000747011F80D4C1D1D002C08BF20242709A6
:10D3A00004F00F04ADB21CF807701CF804404619D5
:10D3B0004755747011F80C4C9D1D002C08BF20249B
:10D3C000270904F00F04ADB21CF807701CF80440E4
:10D3D00046194755747011F80B4C03F10805002CE1
:10D3E00008BF2024270904F00F04ADB21CF8077011
:10D3F0001CF8044046194755747011F80A4C03F1A3
:10D400000A05002C08BF2024270904F00F04ADB240
:10D410001CF807701CF8044046194755747011F841
:10D42000094C03F10C05002C08BF2024270904F047
:10D430000F04ADB21CF807701CF80440461947559C
:10D44000747011F8084C03F10E05002C08BF20245D
:10D45000270904F00F04ADB21CF807701CF8044053
:10D4600046194755747011F8074C03F11005002C4C
:10D4700008BF2024270904F00F04ADB21CF8077080
:10D480001CF8044046194755747011F8064C03F116
:10D490001205002C08BF2024270904F00F04ADB2A8
:10D4A0001CF807701CF8044046194755747011F8B1
:10D4B000054C03F11405002C08BF2024270904F0B3
:10D4C0000F04ADB21CF807701CF80440461947550C
:10D4D000747011F8044C03F11605002C08BF2024C9
:10D4E000270904F00F04ADB21CF807701CF80440C3
:10D4F00046194755747011F8034C03F11805002CB8
:10D5000008BF2024270904F00F04ADB21CF80770EF
:10D510001CF8044046194755747011F8024C03F189
:10D520001A05002C08BF2024270904F00F04ADB20F
:10D530001CF807701CF8044046194755747011F820
:10D54000014C03F11C05002C08BF2024270904F01E
:10D550000F04ADB21CF807701CF80440461947557B
:10D5600074700C7803F11E05002C08BF20242709D5
:10D5700004F00F04ADB21CF807701CF80440461903
:10D58000BEF10E0F03F120034755747008D892F8CE
:10D5900020400EF1010EA64501F11001FFF4D8AEB6
:10D5A00098B2F0BD4220F0BD32293CBF4FF0FF30B1
:10D5B000704780B543F230010180138842F2386E23
:10D5C0004FEA133CC0F6030E1EF80C108170C3F333
:10D5D00003211EF80110C170D9B2090903F00F032D
:10D5E0001EF801101EF803300171437151880B0BB6
:10D5F0001EF803308371C1F303231EF80330C37197
:10D60000CBB21B0901F00F011EF803301EF8011008
:10D610000372417291880B0B1EF803308372C1F3C1
:10D6200003231EF80330C372CBB21B0901F00F01B4
:10D630001EF803301EF8011003734173D1880B0BE1
:10D640001EF803308373C1F303231EF80330C37342
:10D65000CBB21B0901F00F011EF803301EF80110B8
:10D660000374417411890B0B1EF803308374C1F3EA
:10D6700003231EF80330C374CBB21B0901F00F0162
:10D680001EF803301EF801100375417551890B0B0C
:10D690001EF803308375C1F303231EF80330C375EE
:10D6A000CBB21B0901F00F011EF803301EF8011068
:10D6B0000376417691890B0B1EF803308376C1F314
:10D6C00003231EF80330C376CBB21B0901F00F0110
:10D6D0001EF803301EF8011003774177D1890B0B38
:10D6E0001EF803308377C1F303231EF80330C3779A
:10D6F000CBB21B0901F00F011EF803301EF8011018
:10D7000080F8203080F82110118A0B0B1EF80330AE
:10D7100080F82230C1F303231EF8033080F8233051
:10D72000CBB21B0901F00F011EF803301EF80110E7
:10D7300080F8243080F82510518A0B0B1EF8033036
:10D7400080F82630C1F303231EF8033080F8273019
:10D75000CBB21B0901F00F011EF803301EF80110B7
:10D7600080F8283080F82910918A0B0B1EF80330BE
:10D7700080F82A30C1F303231EF8033080F82B30E1
:10D78000CBB21B0901F00F011EF803301EF8011087
:10D7900080F82C3080F82D10D18A0A0B1EF8022058
:10D7A00080F82E20C1F303221EF8022080F82F20DB
:10D7B000CAB2120901F00F011EF802201EF8011072
:10D7C00080F8302080F83110322080BD2DE9F047FC
:10D7D00042F210590D468246C2F200097E2042F202
:10D7E000386889F800002809C0F6030805F00F051D
:10D7F00018F8057018F80050100918F80000DDE955
:10D8000008C189F8030002F00F001A0918F8022075
:10D810000A9E18F8000089F805204FEA1C1218F833
:10D82000022089F8040003F00F0006EB161389F8B4
:10D83000072006F4706203EB162318F80000A2EB31
:10D84000033292B289F806000CF00F00130B18F89F
:10D85000000018F8033089F8027089F8015089F83F
:10D86000080089F80930C2F3032018F80000F2B26A
:10D87000120989F80A0006F00F0018F8022018F8BB
:10D88000000089F80B2089F80C00A1B1701E80B24D
:10D890004008F2280FD809F10D00324606F10D07B5
:10D8A000E2F749FE06F10C0108041FFA87FE05D1D4
:10D8B0000021002238E04FF00D0E0C218AB2012A1F
:10D8C0002ED0511E931E032B01F0030C04D2012213
:10D8D000BCF1000F17D123E0ACEB0202A9F1040662
:10D8E0004FF0FF33B779F179307A3D44747A2944A7
:10D8F0000844043B05199A4206F10406F2D15A4243
:10D90000BCF1000F0CD04A445378BCF1010F1D4408
:10D9100006D09078BCF1020F054401D0D0780544C0
:10D9200069428AB2120AC9B2130918F8033002F028
:10D930000F0218F8022009EB0E0009F80E300B094F
:10D9400042700EF1020018F8033001F00F0180B2AE
:10D9500018F8011009EB000209F800300EF104007C
:10D96000517080B20D2109F80010EFF31085EFF32C
:10D97000108072B6DAF8000044F60046C4F20006E1
:10D980000122B0420EF1050719BF06F548400121FA
:10D9900006F53C404FF40041F0F7D4FF42F210513D
:10D9A00085F31088BAB2C2F2000150464FF47A7380
:10D9B000F3F7F4FDF0F7CCFF054600BFDAF80000FE
:10D9C0000068400604D4F0F7C3FF401B3328F5D3AA
:10D9D000EFF31085EFF3108072B6DAF80000002242
:10D9E000B04207BF06F53C404FF4004106F5484001
:10D9F0000121F0F7A7FF85F31088BDE8F08700004C
:10DA000090F800C042788378C17862441A44114487
:10DA100002794379114482791944C3791144027A15
:10DA20001944437A1144827A1944C37A1144027B1F
:10DA30001944437B1144827B1944C37B1144027C0B
:10DA40001944437C1144827C1944C37C1144027DF7
:10DA50001944437D1144827D1944C37D1144027EE3
:10DA60001944437E1144827E1944C37E1144027FCF
:10DA70001944437F1144827F1944C37F114490F8B5
:10DA80002020194490F82130114490F822201944A4
:10DA900090F82330114490F82420194490F8253050
:10DAA000114490F82620194490F82730114490F83A
:10DAB0002820194490F82930114490F82A2019445C
:10DAC00090F82B30114490F82C20194490F82D3008
:10DAD000114490F82E20194490F82F30114490F8FA
:10DAE0003020194490F83130114490F83220194414
:10DAF00090F83330114490F83420194490F83530C0
:10DB0000114490F83620194490F83730114490F8B9
:10DB10003820194490F83930114490F83A201944CB
:10DB200090F83B30114490F83C20194490F83D3077
:10DB3000114490F83E20194490F83F30114490F879
:10DB40004020194490F84130114490F84220194483
:10DB500090F84330114490F84420194490F845302F
:10DB6000114490F84620194490F84730114490F839
:10DB70004820194490F84930114490F84A2019443B
:10DB800090F84B30114490F84C20194490F84D30E7
:10DB9000114490F84E20194490F84F30114490F8F9
:10DBA0005020194490F85130114490F852201944F3
:10DBB00090F8530011440844704700002DE9F04FDD
:10DBC0009DB04FF20A0742F21441C0F60007002050
:10DBD000C2F20001C21912F80A3C0B5412F8096C87
:10DBE0000B185E7012F8086C9E7012F8076CDE70ED
:10DBF00012F8066C1E7112F8056C5E7112F8046C56
:10DC00009E7112F8036CDE7112F8026C1E7212F82B
:10DC1000016C5E72C65D16309E7256785828DE72B0
:10DC200096781E73D6785E7316799E735679DE7376
:10DC300096791E74D6795E74167A9E74567ADE745E
:10DC4000967A1E75D27A5A75C4D142F21449C2F23C
:10DC5000000900264846C0F60106FFF7D1FE3268EB
:10DC6000716802F16043B3F5803F804642D8501C92
:10DC700018BF11F101003DD001F1774000F57F00A0
:10DC80000021B0F55E3F40F294124FEAD02038BF39
:10DC90000121C2F200026E28117031D8D9F808B003
:10DCA000684601F011F8BBF1000F19D040F2E835D9
:10DCB000EA46C2F2000500BF5C46BBF5806F28BF94
:10DCC0004FF4806450463146224601F055F928460B
:10DCD0002644ABEB040BF1F763FABBF1000FEBD179
:10DCE00040F29410C2F2000000F10801684600F012
:10DCF0004DFF05E040F29410C2F2000000210170D7
:10DD0000D9F8000045F65A24CAF2A554A0420DD114
:10DD1000D9F85400404509D142F2E010C2F20000A7
:10DD20004BA11E226423F3F739FC3AE042F2E010E3
:10DD3000C2F200003EA11C226423F3F72FFC09F17C
:10DD400004005021C9F80040E2F75CFC4846FFF7A8
:10DD500057FEC9F85400A7F10A004FF48051EEF7BE
:10DD600085FDF0F7E1FB6FF0010400BF09EB040053
:10DD700045883819A0F10806012031462A460023BB
:10DD8000F0F76EFB40B93088A84208D10234552C18
:10DD9000ECD9F0F75BFB04E0F0F758FB01E0F0F79B
:10DDA00055FB44F2CC45D9E90123C2F2000530A16C
:10DDB0002846E2F735FA2846E2F79EFB42F2E016E3
:10DDC000C2F2000682B2304629466423F3F7E6FB2E
:10DDD000D9E90B232EA12846E2F722FA2846E2F7DA
:10DDE0008BFB82B2304629466423F3F7D7FB47F218
:10DDF0004100C2F27000286042F24100C7F2525066
:10DE0000686046F66E60C6F66960A86040F66750C6
:10DE1000C0F20A00E8602846E2F76EFB82B23046A4
:10DE200029466423F3F7BAFB1DB0BDE8F08F00BFAD
:10DE3000496E76616C6964204F544120696E666F4B
:10DE40002C207363616E206170700D0A0000000069
:10DE50004F544120696E666F206C6F616465642069
:10DE60007375636365737366756C6C790D0A000076
:10DE700041707020412076657273696F6E3A20257B
:10DE8000752C2073697A653A2025750D0A0000000B
:10DE900041707020422076657273696F6E3A20255A
:10DEA000752C2073697A653A2025750D0A000000EB
:10DEB00010B5C0B044F21060C2F200004FF48051BF
:10DEC000012200F0F7FD40F2541044F2D051C2F2AA
:10DED0000000C2F20001816000216C46017404F16F
:10DEE0000B00F521E2F76CFB42F214414AF6552093
:10DEF000C2F20001C0F20040496800904FF4007087
:10DF0000ADF8040001EB112000EB114000EB1160B3
:10DF100006308DF80A0042F20810CDF80610C2F261
:10DF2000000021460B224FF47A73F3F737FB40B021
:10DF300010BD00002DE9F04F83B0F0F709FD40F26D
:10DF40006419C2F20009D9F82C1040F25C2883460B
:10DF50008142C2F2000802D9C9F82CB024E0D9F8F5
:10DF60002C0041F28931ABEB000088421CD344F213
:10DF7000CC450020C2F2000589F80000C9F82CB099
:10DF800088F800000FF6401128462022E2F7D3FA65
:10DF90002846E2F7B1FA82B242F2E010C2F2000083
:10DFA00029466423F3F7FAFA98F80000072800F2EC
:10DFB000BA82DFE810F00800C5006E00B802B802AF
:10DFC000B802F900BB0299F8010000B3002089F8FB
:10DFD0000100002045F6A521002200F003FD44F2D7
:10DFE000CC45C2F2000542F60031C0F603012846D6
:10DFF0001122E2F7A0FA2846E2F77EFA82B242F254
:10E00000E010C2F2000029466423F3F7C7FA44F295
:10E010001060C2F20000C0680528C0F0848244F29B
:10E020001066C2F200060DF107053046294600F0E1
:10E0300055FD691C304600F051FDA91C304600F02A
:10E040004DFDE91C304600F049FD291D304600F029
:10E0500045FD40F22800C2F20000C11C28460522FE
:10E06000E2F71EFA002840F0998042F2081042F6CA
:10E07000F821C2F20000C0F6030106226423F3F780
:10E080008DFA0120A8F80000C9F82CB003B0BDE853
:10E09000F08F44F21066C2F2000644F2CC45F268FA
:10E0A000C2F2000542F64921C0F603012846E2F714
:10E0B000B7F82846E2F720FA82B242F2E010C2F244
:10E0C000000029466423F3F769FAF068002800F09D
:10E0D000C380F06840F60301884200F2BD80B06959
:10E0E0000078F168D8F80420914240F0B280D8F866
:10E0F000081040F2DD52ABEB01019142C0F0AC8060
:10E10000EFF3108172B671690128B1614FF000011F
:10E11000F16062B603D0D8F8040002280CD340F2B4
:10E120002800C2F20000411C42F20810C2F20000B6
:10E1300001226423F3F732FA0020C8F804008BE0D0
:10E1400044F21060C2F20000C0680528C0F0EB8104
:10E1500044F21066C2F200060DF10205304629466F
:10E1600000F0BCFC691C304600F0B8FCA91C30462D
:10E1700000F0B4FCE91C304600F0B0FC291D30462C
:10E1800000F0ACFC40F22806C2F2000606F10801DD
:10E1900028460522E2F784F9002849D0012088F8B2
:10E1A000010003B0BDE8F08F44F21060C2F200003D
:10E1B000C068002800F0B78144F21060C2F200008D
:10E1C0000DF1010100F08AFC40F22800C2F20000CB
:10E1D0009DF801108278914240F0578342F2081076
:10E1E00040F22801C2F20000C2F2000101226423C1
:10E1F000F3F7D4F944F2CC45C2F200050FF2FC610A
:10E2000028461422E2F797F92846E2F775F982B218
:10E2100042F2E010C2F2000029466423F3F7BEF98F
:10E220000720C9F82CB088F8000003B0BDE8F08FD3
:10E2300042F20810711CC2F2000001226423F3F7BD
:10E24000ADF9022088F80000C9F82CB003B0BDE891
:10E25000F08FF068C8E9010BF06840F604018842CD
:10E26000C0F0618140F2E830C2F20000F0F798FFA0
:10E2700042F2107AC2F2000A44F2106540F6040736
:10E28000C2F20005564600BF2846314600F026FC83
:10E29000013F06F10106F7D140F2E830C2F200007A
:10E2A000F0F77EFF9AF80000012869D19AF801C0C2
:10E2B0009AF802108CF0FF02914240F08180002118
:10E2C000002300BF0AEB0102D778167950793B444E
:10E2D000947933441844D37920441844137A577AF4
:10E2E0001844937A3844D77A1844137B3844577BC0
:10E2F0001844937B3844D77B1844137C3844577CAC
:10E3000018443844927CC0B210441031B1F5006F0B
:10E31000C3B2D7D19AF80308984240F07180D9F877
:10E320000820D9F80810BCF1000F09D0C80A01264E
:10E33000520518BF06EBD120C0B2604580F0918035
:10E3400040F22800C2F20000411C42F20810C2F262
:10E35000000001226423F3F721F9EFF3108072B675
:10E36000686942F65B21A8610020E86042F2E01093
:10E37000C2F20000C0F603012722642362B66BE0FC
:10E3800040F22800C2F20000411C42F20810C2F222
:10E39000000001226423F3F701F9EFF3108072B655
:10E3A000686944F2CC44A8610020E86062B69AF83B
:10E3B000012042F6AA21C2F20004C0F603013EE0A9
:10E3C00040F22800C2F20000411C42F20810C2F2E2
:10E3D000000001226423F3F7E1F8EFF3108072B636
:10E3E000686944F2CC44A8610020E86062B69AF8FB
:10E3F000012042F6E021C2F20004C0F603011EE053
:10E4000040F22800C2F20000411C42F20810C2F2A1
:10E41000000001226423F3F7C1F8EFF3108072B615
:10E42000686944F2CC44A8610020E86062B69AF8BA
:10E43000012042F6C621C2F20004C0F603012046C4
:10E44000E1F7EEFE2046E2F757F882B242F2E01022
:10E45000C2F200002146642303B0BDE8F04FF3F799
:10E460009DB84FF20000C0F6000000EBCC2000F594
:10E4700060300AF10301EEF77DFA42F2081040F233
:10E480002801C2F20000C2F2000101226423C9F88F
:10E490002CB0F3F783F844F2CC449AF80120C2F28E
:10E4A000000442F68321C0F603012046E1F7B8FEDE
:10E4B0002046E2F721F882B242F2E010C2F20000F8
:10E4C00021466423F3F76AF840F2E830C2F2000014
:10E4D000F0F766FED9F80800D9F8081040054FEAB1
:10E4E000D12318BF06EBD1239AF80120D8B290426D
:10E4F00019D144F2CC44C2F2000442F69721C0F68E
:10E5000003012046E1F78CFE2046E1F7F5FF82B2D9
:10E5100042F2E010C2F2000021466423F3F73EF815
:10E52000062088F8000003B0BDE8F08F6420EFF704
:10E5300001FF98F80100002840F05381D9F8040049
:10E5400042F21445D9F80810C2F200054FF2000457
:10E55000C5E90B01C0F60004D9F8081004F56230D3
:10E5600005F13402EAF71AFD95F8340099F80C1019
:10E57000884240F05E8195F8350099F80D10884288
:10E5800040F0578195F8360099F80E10884240F017
:10E59000508195F8370099F80F10884240F0498172
:10E5A00095F8380099F81010884240F0428195F8AB
:10E5B000390099F81110884240F03B8195F83A00F3
:10E5C00099F81210884240F0348195F83B0099F890
:10E5D0001310884240F02D8195F83C0099F81410F2
:10E5E000884240F0268195F83D0099F81510884240
:10E5F00040F01F8195F83E0099F81610884240F0CF
:10E60000188195F83F0099F81710884240F0118161
:10E6100095F8400099F81810884240F00A8195F862
:10E62000410099F81910884240F0038195F84200A2
:10E6300099F81A10884240F0FC8095F8430099F848
:10E640001B10884240F0F58095F8440099F81C10A2
:10E65000884240F0EE8095F8450099F81D108842F8
:10E6600040F0E78095F8460099F81E10884240F087
:10E67000E08095F8470099F81F10884240F0D98053
:10E6800095F8480099F82010884240F0D28095F81B
:10E69000490099F82110884240F0CB8095F84A0053
:10E6A00099F82210884240F0C48095F84B0099F800
:10E6B0002310884240F0BD8095F84C0099F8241052
:10E6C000884240F0B68095F84D0099F825108842B0
:10E6D00040F0AF8095F84E0099F82610884240F03F
:10E6E000A88095F84F0099F82710884240F0A18043
:10E6F00095F8500099F82810884240F09A8095F8D3
:10E70000510099F82910884240F0938095F8520002
:10E7100099F82A10884240F08C8095F8530099F8B7
:10E720002B10884240F0858044F2CC46C2F20006AD
:10E7300042F61431C0F6030130461322E1F7FBFE26
:10E740003046E1F7D9FE42F2E017C2F2000782B28A
:10E75000384631466423F2F721FF2846FFF750F987
:10E76000686520464FF48051EEF780F82046294630
:10E770005822EEF7BDF842F62831C0F603013046C4
:10E780001622E1F7D8FE3046E1F7B6FE82B23846EF
:10E7900031466423F2F702FF6EA00C2100F080F9ED
:10E7A0004FF49670EFF7C6FD2220EAF743FE40F6DD
:10E7B0000004C4F20104204604210122F0F7C2F84B
:10E7C000204602210122F0F7BDF804F580602021E7
:10E7D0000022F0F7B7F84FF49670EFF7ABFDF8F7BB
:10E7E000E1FF4BA00B2100F05BF944F2CC44C2F2F4
:10E7F00000044AA120461422E1F79DFE2046E1F7DD
:10E800007BFE82B242F2E010C2F200002146642395
:10E81000F2F7C4FE002089F80000EFF3108172B611
:10E8200044F21061C2F200014A698A61C86062B6AE
:10E8300044E03FA00E2100F033F944F2CC44C2F290
:10E8400000043FA120461322E1F775FE2046E1F7C0
:10E8500053FE82B242F2E010C2F20000214664236D
:10E86000F2F79CFE002089F80000EFF3108172B6E9
:10E8700044F21061C2F200014A698A61C860C8208E
:10E8800062B6EFF757FDF8F78DFF0130012100F078
:10E8900007F944F2CC44C2F2000413A1204611222D
:10E8A000E1F749FE2046E1F727FE82B242F2E0108E
:10E8B000C2F2000021466423F2F770FE6420EFF7F5
:10E8C00039FDF8F76FFF00BF4F5441207570646148
:10E8D0007465206661696C6564202D2D2054696D16
:10E8E00065206F75740D0A00456E64206279746549
:10E8F000206572726F720D0A00000000456E642080
:10E90000627974652072656365697665640D0A00D5
:10E910004552524F525F4F54410D0A004F5441200F
:10E92000757064617465206661696C65640D0A00C8
:10E930004552524F525F5348413235360D0A00005E
:10E9400043524320636865636B206661696C65644C
:10E950000D0A00004F4B4F4B5243313838780D0AA7
:10E9600000000000B0B540F2E830C2F20000F0F75D
:10E9700017FC40F25415C2F20005287C18B1BDE81E
:10E98000B040FFF7D7BA687CE8B111A144F2CC449B
:10E99000DFF83CC0D1E90123C868C2F20004097C59
:10E9A000C4E900C2E0602046A3602174E1F7A4FD41
:10E9B00082B242F2E010C2F2000021466423F2F774
:10E9C000EDFD00206874BDE8B040F5F70BBD00BF59
:10E9D00073746F70207374617274204F54410D0A08
:10E9E000000000002DE9F047C0B0E84608F1060A33
:10E9F0000E4681465046FA211546E1F7E1FD4AF6FA
:10EA000055202F0A340AB9F1000FADF800008DF837
:10EA100002708DF803508DF804408DF8056018BF22
:10EA2000002D04D0504649462A46E1F784FD05F101
:10EA3000060C31190CF0030E3944AEEB05072944DE
:10EA4000A8F10402063F00BF967AD47A107B3144C5
:10EA5000537B214408441918043702F10402F3D10E
:10EA6000BEF1000F0BD0907ABEF1010F014406D029
:10EA7000D07ABEF1020F01441CBF107B0144E81D97
:10EA800082B242F2081008F80C10C2F200004146AF
:10EA90004FF47A73F2F782FD40B0BDE8F0870000D2
:10EAA0000A46014642F20810C2F200006423F2F75F
:10EAB00075BD000042F6147CC2F2000C034602FB56
:10EAC00001C0C3E900C000209960D86001201A612C
:10EAD000C3F814C0C3F818C07047000010B504464E
:10EAE000C06808B32269A36908461946E1F723FD07
:10EAF00060682169A2691144A161A169814201D1C3
:10EB00002068A0616269A3696069A1699A420DD217
:10EB1000884224BF012010BD6069A169401A00F538
:10EB20008050E060012010BD002010BD401AE06060
:10EB3000012010BD10B504468068E268824204BF1F
:10EB4000002010BD22696069E1F7F5FC6068216969
:10EB50006269114461616169814201D1206860612B
:10EB60006269A3696069A1699A420BD2884224BF95
:10EB7000012010BD6069A169401A00F58050E06075
:10EB8000012010BD401AE060012010BDB0B5026C3C
:10EB900004460D46501C8021382AA15407D237283C
:10EBA00014D82044C2F13701E1F70AFD0EE03F28F6
:10EBB00004D82044C2F13F01E1F702FD204621467E
:10EBC00000F0B0F820463821E1F71CFD206CD4E9B4
:10EBD000121211EBC00042F10001C4E9120184F8E5
:10EBE0003F00030A020C000E4FEA112C84F83E305D
:10EBF0000B0C84F83D200A0E84F83C0084F83B108E
:10EC00002046214684F83AC084F8393084F8382008
:10EC100000F088F894F85300287094F85700287191
:10EC200094F85B00287294F85F00287394F86300EE
:10EC3000287494F86700287594F86B00287694F887
:10EC40006F002877B4F852006870B4F85600687105
:10EC5000B4F85A006872B4F85E006873B4F86200E1
:10EC60006874B4F866006875B4F86A006876B4F839
:10EC70006E006877206D000AA870606D000AA871A8
:10EC8000A06D000AA872E06D000AA873206E000A49
:10EC9000A874606E000AA875A06E000AA876E06EDF
:10ECA000000AA877206DE870606DE871A06DE872C9
:10ECB000E06DE873206EE874606EE875A06EE8762B
:10ECC000E06EE877B0BD0000B0B500214EF267629B
:10ECD0000164C6F609224AF685634FF2723C4FF290
:10ECE0003A5EC0E9121100F15001CBF66733C3F66A
:10ECF0006E4CCAF24F5E45F27F2446F68C0581E8E1
:10ED00000C504DF6AB114CF61952C5F20E14C9F663
:10ED10000535C1F68371C5F6E032C0E91845C0E992
:10ED20001A12B0BD2DE9F04FCBB0814608684B6890
:10ED30008F68CE6802BA18BA0C9038BA0B690D9079
:10ED400030BA0E9018BA4B690F9018BA8B691090B0
:10ED500018BACB69119018BA0B6A129018BA4B6A9C
:10ED6000139018BA8B6A149018BACB6A159018BA17
:10ED70000B6B169018BA4B6B179018BA8B6BC96B4C
:10ED8000189018BA199008BA00230DF12C0C0B92A8
:10ED90001A9000BF0CEB0307B86B07F104084FEAA9
:10EDA000F04698E8220186EA90267C6A86EA704E50
:10EDB0004FEAB140144480EAD10080EAF110744473
:10EDC0002044FC6B38644FEAF44686EA942686EACF
:10EDD000744EBC6A4FEAB54686EAD506214486EAF7
:10EDE000F516714431444FEAF04686EA902686EAE9
:10EDF0007040FE6A4FEAB84484EAD8042E4484EA9C
:10EE0000F81430442044B8644FEAF1403A6980EA8B
:10EE10009120796480EA7140396B4FEAB24686EA04
:10EE2000D206414486EAF216084410333044C02B1F
:10EE3000F864AFD109F1500E42F214509EE85041EF
:10EE4000C0F60300A0F1040A0CF10400D9E918B3DC
:10EE5000D9F86C1009902046D9F868503046084619
:10EE6000284618465846CDF820906FF007022746EE
:10EE70007046F14607940696009101950293CDF8ED
:10EE80000CB0CDF810E04046CDF814809E464FEA15
:10EE9000BB1383EAFB2383EA7B6319440EEA0B036B
:10EEA00025EA0B005C4618435AF808BF099B084442
:10EEB0005AF8041C03EB020CDCF8043008440A97EF
:10EEC000C71807EB09034FEAB31080EAF32080EA82
:10EED0007360284404EA03012EEA03052943084429
:10EEE000DCF808105844B146084486EA080609EAE6
:10EEF000080100EB080BDDF82880083206EA080656
:10EF000071404FEAB80686EA783686EAB856314448
:10EF1000CE1988EA0901314008EA090569404FEA3B
:10EF2000B60585EA763585EAB65529440F18F82ADC
:10EF300071462546AAD1079807EB000C06983118B0
:10EF4000059808EB0002049809EB000703980BEB07
:10EF50000006029803440198251800980EEB00045F
:10EF60000898C0E914C1C0E91627C0E91863C0E9D0
:10EF70001A544BB0BDE8F08F70B5002A08BF70BDC1
:10EF80000646006C14460D4604E000BF013C05F146
:10EF9000010515D029783154306C01304028306497
:10EFA000F4D130463146FFF7BDFED6E9120110F527
:10EFB000007041F10001C6E9120100203064E5E76C
:10EFC00070BD0000B0B58CB018B30446007E0128B7
:10EFD00023D194F8200020B3D4F808C0002566207F
:10EFE000042100220023CDE90855CDE90055CDE9E3
:10EFF0000255CDE9045506950795E04730B16169A2
:10F0000042F65300C0F603008847012528460CB09D
:10F01000B0BD022528460CB0B0BD032528460CB073
:10F02000B0BDE07F98B1D4F808C00025662001216A
:10F0300000220023CDE90855CDE90055CDE9025560
:10F04000CDE9045506950795E047D0B9DEE766207F
:10F05000D4F808C08DF82F00012000250DF12F01F4
:10F06000CDE90850CDE90055CDE90255CDE904516F
:10F07000069000200021002200230795E047002889
:10F08000C4D0616942F65300C0F6030088470125E9
:10F0900028460CB0B0BD0000B0B58CB018B3044623
:10F0A000007E012823D194F8200020B3D4F808C0B2
:10F0B00000250620042100220023CDE90855CDE9D2
:10F0C0000055CDE90255CDE9045506950795E04771
:10F0D00030B1616942F26870C0F6030088470125CB
:10F0E00028460CB0B0BD022528460CB0B0BD0325A3
:10F0F00028460CB0B0BDE07F98B1D4F808C0002518
:10F100000620012100220023CDE90855CDE9005554
:10F11000CDE90255CDE9045506950795E047D0B9EC
:10F12000DEE70620D4F808C08DF82F000120002566
:10F130000DF12F01CDE90850CDE90055CDE902557B
:10F14000CDE90451069000200021002200230795FC
:10F15000E0470028C4D0616942F26870C0F603003D
:10F160008847012528460CB0B0BD0000F0B58BB033
:10F1700040B30646007E012827D196F820001746A6
:10F180000D4628B304200321B468CDE908100020FF
:10F190000DF1280CCDE90000CDE90200CDE9040015
:10F1A00006909F20042100220023CDF81CC0A04718
:10F1B00048B3716942F2BB60C0F603008847012082
:10F1C0000BB0F0BD02200BB0F0BD03200BB0F0BDC2
:10F1D000F07F08B301200321D6F808C0CDE908105C
:10F1E00000200DF1280ECDE90000CDE90200CDE9A7
:10F1F000040006909F20012100220023CDF81CE08E
:10F20000E0470028D5D19DF82800BDF829102870C6
:10F21000398000200BB0F0BD9F208DF82B0001201D
:10F220000321D6F808C0CDE908100DF12B0100220A
:10F230000DF1280ECDE90022CDE90222CDE904210D
:10F2400006900020002100220023CDF81CE0E047BA
:10F250000028AED1D7E70000B0B58CB028B3044683
:10F26000007E012825D194F8200030B3D4F808C0DE
:10F27000042001220025CDE90820CDE90055CDE983
:10F280000255CDE9045507910520042100220023F1
:10F290000695E04730B1616942F24960C0F603006B
:10F2A0008847012528460CB0B0BD022528460CB081
:10F2B000B0BD032528460CB0B0BDE07FA0B1D4F8A6
:10F2C00008C001200025CDE90800CDE90055CDE9B1
:10F2D0000255CDE9045507910520012100220023A4
:10F2E0000695E047D0B9DDE70520D4F808C08DF8D1
:10F2F0002F0001200DF12F020025CDE90800CDE9F6
:10F300000055CDE90255CDE90520079100200021E7
:10F31000002200230495E0470028C3D0616942F22F
:10F320004960C0F603008847012528460CB0B0BDEF
:10F330002DE9F0438DB0F8B1064656F8141F044687
:10F34000B9B32068E0B1254655F8042FEAB1A268A8
:10F3500002B322691AB3E26832B394F8207080478E
:10F360005FB3B0B3316842F68B00C0F60300884744
:10F3700001200DB0BDE8F08302200DB0BDE8F083A0
:10F3800042F65610C0F6030012E042F67610C0F6C0
:10F3900003000DE042F6FA00C0F6030008E042F672
:10F3A0003B10C0F6030003E042F62010C0F6030055
:10F3B000884703200DB0BDE8F083002871D0316884
:10F3C00042F67100C0F60300884701200DB0BDE889
:10F3D000F0830120D4F808C0CDE908000DF12A001F
:10F3E00000271821CDE90077CDE90277CDE9041790
:10F3F0000790AB200121002200230697E047002858
:10F4000040F0D580D4F808C06620012100220023F6
:10F41000CDE90877CDE90077CDE90277CDE904772A
:10F4200006970797E047002840F0E380D4F808C02B
:10F4300000279920012100220023CDE90877CDE99A
:10F440000077CDE90277CDE90477CDE906774FF073
:10F450000108E047002840F0EA80E1680A20884778
:10F46000D4F808C00DF1330E35200121002200230D
:10F47000CDE90888CDE90077CDE90277CDE90477B9
:10F480000697CDF81CE0E047002800F0DC803168EA
:10F490000FF2344088472868804705200DB0BDE84A
:10F4A000F083E07F002863D00120D4F808C0CDE9C4
:10F4B00008000DF12A0000271821CDE90077CDE9D9
:10F4C0000277CDE904170790AB2001210022002329
:10F4D0000697E04700286AD1D4F808C066200121C9
:10F4E00000220023CDE90877CDE90077CDE9027746
:10F4F000CDE9047706970797E047002879D1D4F83B
:10F5000008C000279920012100220023CDE90877B7
:10F51000CDE90077CDE90277CDE90477CDE906772B
:10F520004FF00108E047002840F08180E1680A20A0
:10F5300088470220D4F808C0CDE9080803200DF15F
:10F540002D0ECDE900079020012100220123CDE9F5
:10F550000277CDE904770697CDF81CE0E047002854
:10F5600000F0B780316842F2D960C0F6030023E0B2
:10F570006FF05400D4F808C0CDF82F004FF0010907
:10F580000DF12A0004210027CDE908990DF12F087B
:10F59000CDE90077CDE902770497CDE90610002088
:10F5A000002100220023CDF81480E04758B13168D3
:10F5B00042F2DC70C0F603008847286880470120CB
:10F5C0000DB0BDE8F0836620D4F808C08DF82F0098
:10F5D0000020002100220023CDE90879CDE9007741
:10F5E000CDE902770497CDE90697CDF81480E0477E
:10F5F00028B1316842F65300C0F603001CE09920A0
:10F60000D4F808C08DF82F004FF00109002704A896
:10F61000CDE90879CDE90077CDE9027780E880036C
:10F6200000200021002200230797E04740B3316803
:10F6300042F20570C0F6030088472868804707201B
:10F640000DB0BDE8F0839DF83300800700F1B48071
:10F65000D4F808C000275020012100220023CDE962
:10F660000877CDE90077CDE90277CDE904770697F1
:10F670000797E047002800F08A8031689AA009E7E0
:10F68000E1680A2088479020CDF82F000220D4F8A6
:10F6900008C0CDE908090DF12D000421CDE900775E
:10F6A000CDE902770497CDE9061000200021002261
:10F6B0000023CDF81480E047A8B3316842F2D96046
:10F6C000C0F6030088472868804704200DB0BDE8D5
:10F6D000F083BDF82D00618B000400BA8842ADF8BC
:10F6E0002A0040F0DD804EF61771884240F2E48037
:10F6F000D4F808C00027E9200121CDE90877CDE939
:10F700000077CDE90277CDE9047706970022002340
:10F710000797E047002800F0CF80316842F223705D
:10F72000C0F6030048E7BDF82D00618B000400BA65
:10F730008842ADF82A0040F0B3804EF61771884237
:10F7400040F2BA80E920D4F808C08DF82F000120DB
:10F750000027CDE90870CDE90077CDE90277CDE942
:10F760000478069000200021002200230797E0473C
:10F77000002800F0A180316842F24670C0F6030014
:10F7800088472868804708200DB0BDE8F083D4F88A
:10F7900008C03120012100220023CDE90877CDE9FE
:10F7A0000077CDE90277CDE9047706970797E04720
:10F7B00010B1316856A06DE6D4F808C00027382093
:10F7C000012100220023CDE90877CDE90077CDE9BA
:10F7D0000277CDE90477CDE906774FF00108E047DD
:10F7E00010B1316852A055E6E1680A208847302000
:10F7F0008DF82F004FF40360D4F808C0A4F81D0062
:10F800000DF12F004FF004090897CDE90077CDE9FD
:10F810000277CDE90470C020042100220023CDE945
:10F820000687CDF82490E04728B1316842F62E00D3
:10F83000C0F603002EE60220A768CDE908090020E3
:10F8400003210DF12D0CCDE90010CDE90200CDE929
:10F85000040006909020042100220423CDF81CC04F
:10F86000B84700287FF47EAEBDF82D00618B000400
:10F8700000BA8842ADF82A0012D14EF617718842BC
:10F880001AD9D4F808C00027CDE90877CDE9007768
:10F89000CDE90277CDE904770697E920042135E721
:10F8A000316842F6A600C0F6030088472868804702
:10F8B00006200DB0BDE8F0830020012120772176DD
:10F8C0000DB0BDE8F08300BF7732357178783A200B
:10F8D000726561642073746174757320322066618F
:10F8E000696C65642E0A00007732357178783A20A9
:10F8F00073657420737220777269746520656E6118
:10F90000626C65206661696C65642E0A0000000007
:10F910007732357178783A2077726974652073741C
:10F92000617475732032206661696C65642E0A000B
:10F930007732357178783A20656E7465722071730C
:10F940007069206661696C65642E0A002DE9F047D4
:10F950008CB098B30446007E012834D194F820007E
:10F960001F4690460E4698B3207F012845D00028B8
:10F970007CD1608B4EF618718842C0F00D81D4F8AE
:10F9800008C000250620042100220023CDE90855E7
:10F99000CDE90055CDE90255CDE90455CDE906552F
:10F9A0004FF00409E047002800F0D880616942F276
:10F9B0006870C0F60300884701254FE102252846FC
:10F9C0000CB0BDE8F087032528460CB0BDE8F087F1
:10F9D000E17F207FF1B1002853D0012846D1608B10
:10F9E0004EF61871884241D30120D4F808C0CDE901
:10F9F00008700025082004217FE0608B4EF6187106
:10FA0000884233D3A07FD4F808C004210025CDE973
:10FA10000871C9E000287BD0012827D1608B4EF601
:10FA20001871884222D30B208DF82A00300E8DF8F1
:10FA30002B00300C8DF82C00300A8DF82D000120A1
:10FA40008DF82E600025A668CDE9087006200DF11E
:10FA50002A01CDE90055CDE90255CDE90510002078
:10FA60000021002200238DF82F50F1E0616942F659
:10FA7000BE00C0F603008847042528460CB0BDE848
:10FA8000F087608B4EF6187188422ED3D4F808C0E8
:10FA900000250620012100220023CDE90855CDE9EB
:10FAA0000055CDE90255CDE90455CDE906554FF095
:10FAB0000109E04700284BD1300ED4F808C08DF87A
:10FAC0002A000DF12A00CDE90859CDE90055CDE90C
:10FAD0000255CDE90450C520012100220023CDF8B4
:10FAE00018900795E047002850D10120D4F808C0AD
:10FAF000CDE90870002508200321CDE90015CDE9E6
:10FB00000255CDE904050B2001213246012355E0C1
:10FB1000608B4EF6187188427BD30620D4F808C05B
:10FB20008DF82A004FF0010A002504A8CDE9085AF3
:10FB30000DF12A09CDE90055CDE9025580E82006EE
:10FB400000200021002200230795E047002846D02E
:10FB5000616942F26870C0F603003AE0300ED4F8F2
:10FB600008C08DF82A0001200DF12A01CDE90859BD
:10FB7000CDE90055CDE90255CDE904510690C520E7
:10FB80000421002200230795E04728B1616942F66D
:10FB90000000C0F603001CE0A07F0421D4F808C0D8
:10FBA000CDE9087100250321CDE90015CDE9025505
:10FBB000CDE904050B20042132460423CDF81C8036
:10FBC0000695E047002849D0616942F2A060C0F67E
:10FBD00003008847012528460CB0BDE8F087C52002
:10FBE0008DF82A00300ED4F808C08DF82B000220C2
:10FBF000CDE9085ACDE90055CDE90255CDE90459C2
:10FC0000069000200021002200230795E0470028ED
:10FC1000BCD10B208DF82A00300C8DF82B00300A57
:10FC20008DF82C0001208DF82D600025A668CDE907
:10FC3000087005200DF12A01CDE90055CDE90255E6
:10FC4000CDE9051000200021002200238DF82E5060
:10FC5000CDF81C800495B0470028B5D128460CB0DB
:10FC6000BDE8F087B0B58CB018B30446007E01281B
:10FC700023D194F8200020B3D4F808C0002599209F
:10FC8000042100220023CDE90855CDE90055CDE936
:10FC90000255CDE9045506950795E04730B16169F5
:10FCA00042F20570C0F603008847012528460CB0D3
:10FCB000B0BD022528460CB0B0BD032528460CB0C7
:10FCC000B0BDE07F98B1D4F808C00025992001218B
:10FCD00000220023CDE90855CDE90055CDE90255B4
:10FCE000CDE9045506950795E047D0B9DEE79920A0
:10FCF000D4F808C08DF82F00012000250DF12F0148
:10FD0000CDE90850CDE90055CDE90255CDE90451C2
:10FD1000069000200021002200230795E0470028DC
:10FD2000C4D0616942F20570C0F60300884701251E
:10FD300028460CB0B0BD00002DE9F04F8DB080B169
:10FD40000446007E012810D10D46080511D06169D6
:10FD500042F6E000C0F60300884704200DB0BDE87D
:10FD6000F08F02200DB0BDE8F08F03200DB0BDE88C
:10FD7000F08F94F82000002852D0A76800260620B3
:10FD8000042100220023CDE90866CDE90066CDE913
:10FD90000266CDE9046606960796B847002840F04B
:10FDA000AC80207F012800F0B280002840F08281E2
:10FDB000608B4EF6187188422CD3280E8DF82E00D9
:10FDC00004200026A768CDE9086001200DF12E016E
:10FDD000CDE90066CDE90266CDE904610690C52053
:10FDE0000421002200230796B847002840F0FC8039
:10FDF000A7680620042100220023CDE90866CDE98A
:10FE00000066CDE90266CDE9046606960796B84716
:10FE1000002872D1A76800260320CDE9086681E09A
:10FE2000E07F00284FD0A76800260620012100228D
:10FE30000023CDE90866CDE90066CDE90266CDE98B
:10FE4000046606960796B847002856D1207F0128F9
:10FE500000F0D480002840F02D81608B4EF61871A0
:10FE600088422AD3280EA7688DF82E00012000268C
:10FE70000DF12E01CDE90860CDE90066CDE90266FD
:10FE8000CDE904610690C5200121002200230796D8
:10FE9000B847002840F0A880A7680620012100226A
:10FEA0000023CDE90866CDE90066CDE90266CDE91B
:10FEB000046606960796B847F8B9A7680026032097
:10FEC000CDE90866A4E00620A7688DF82E00012081
:10FED0000021CDE908100DF12E0ACDE90011CDE980
:10FEE00002110491CDE90601002000210022002327
:10FEF000CDF814A0B84700284ED0616942F268706E
:10FF0000C0F60300884701200DB0BDE8F08F608B7C
:10FF10004EF618718842C0F0CD80A7680026CDE962
:10FF200008660420CDE90006202004212A46042387
:10FF3000CDE90266CDE9046606960796B847002823
:10FF400040F0F9804FF67065CFF6FF754FF004086A
:10FF50004FF001090DF1330A0027A668052004219E
:10FF600000220023CDE90898CDE90077CDE902779A
:10FF7000CDE904770697CDF81CA0B047002840F0E3
:10FF800016819DF83300C00700F01B81E168012055
:10FF900088470135E1D300E1207F012870D0002897
:10FFA00040F08880608B4EF618718842C0F0A380C4
:10FFB000C5208DF82E00280EA6688DF82F004FF072
:10FFC000010800270220CDE90878CDE90077CDE9C6
:10FFD0000277CDE9047A0690002000210022002358
:10FFE0000797B04700286FD0616942F60000C0F65D
:10FFF0000300884701200DB0BDE8F08F608B4EF6FE
:020000040803EF
:100000001871884256D3A7680026CDE908660420F7
:10001000CDE90006202001212A460123CDE9026610
:10002000CDE9046606960796B847002840F083801D
:100030004FF67065CFF6FF754FF001090DF13308EB
:100040000027A6680520012100220023CDE9089998
:10005000CDE90077CDE90277CDE904770697CDF8B1
:100060001C80B047002840F0A2809DF83300C007F4
:1000700000F0A780E168012088470135E1D38CE0DA
:10008000608B4EF61871884214D320208DF82E0014
:10009000280E8DF82F00280C8DF83000280A8DF8D6
:1000A0003100A768012000218DF83250CDE90810F9
:1000B000052031E0616942F6BE00C0F603008847C2
:1000C00005200DB0BDE8F08F0620A6688DF82E0043
:1000D0000020002100220023CDE90878CDE9007737
:1000E000CDE902770497CDE90687CDF814A0B04793
:1000F00000287FF402AF20208DF82E00280C8DF808
:100100002F00280A8DF83000A76801200021CDE9D2
:10011000081004208DF83150CDE90011CDE902110D
:100120000491CDE906010020002100220023CDF832
:1001300014A0B84748B1616942F29D70C0F603004F
:10014000884701200DB0BDE8F08F4FF67065CFF6FF
:10015000FF754FF005084FF0010B0DF13309002634
:10016000A76804A8CDE908BBCDE90066CDE9026621
:1001700080E8400C00200021002200238DF82E8012
:10018000CDF81C90B84790B99DF83300C00718D03F
:10019000E168012088470135E2D3616942F6DA104F
:1001A000C0F60300884706200DB0BDE8F08F6169F6
:1001B00042F24960C0F60300884701200DB0BDE857
:1001C000F08F00200DB0BDE8F08F000000280EBFBA
:1001D0000220C1770020704700280EBF022080F85F
:1001E00020100020704700002DE9F04F8BB0002850
:1001F00061D00446007E012861D194F820000D46AC
:10020000002860D0A7680026502004210022002387
:10021000CDE90866CDE90066CDE90266CDE9046660
:10022000CDE906664FF00408B847002840F0BC80CE
:10023000A7680DF12A00CDE908684FF0010ACDE961
:100240000066CDE90266CDE90460012004210022A8
:1002500000238DF82A500796CDF818A0B84700283B
:1002600040F0C3804FF61846CFF6FF764FF00408F3
:100270000DF12909002700BFA568052004210022EF
:100280000023CDE908A8CDE90077CDE90277CDE9D3
:1002900004770697CDF81C90A847002840F0E1802D
:1002A0009DF82900C00700F0E680E168012088473A
:1002B0000136E1D3CBE002200BB0BDE8F08F032084
:1002C0000BB0BDE8F08FE07F002853D0A768002670
:1002D0005020012100220023CDE90866CDE9006607
:1002E000CDE90266CDE90466CDE906664FF0010866
:1002F000B847002858D1A7680DF12A00CDE9086851
:10030000CDE90066CDE90266CDE904600120012156
:10031000002200238DF82A50CDF818800796B847A0
:10032000002862D14FF61845CFF6FF754FF001094E
:100330000DF129080027A6680520012100220023CD
:10034000CDE90899CDE90077CDE90277CDE90477C9
:100350000697CDF81C80B047002840F082809DF8B9
:100360002900C00700F08780E16801208847013537
:10037000E1D36CE05020A7688DF82A004FF0010807
:1003800000260DF12A0A0020002100220023CDE9D9
:100390000868CDE90066CDE90266CDE9046ACDF8CA
:1003A00018800796B84748B1616942F26870C0F694
:1003B0000300884701200BB0BDE8F08FA76802203A
:1003C000CDE90868CDE90066CDE902660496CDE97D
:1003D000060600200021002200238DF82A808DF8D7
:1003E0002B50CDF814A0B84748B1616942F266605D
:1003F000C0F60300884701200BB0BDE8F08F4FF630
:100400001845CFF6FF754FF005084FF0010B0DF1C1
:1004100029090026A76804A8CDE908BBCDE9006634
:10042000CDE9026680E8400C002000210022002374
:100430008DF82A80CDF81C90B84790B99DF8290016
:10044000C00718D0E168012088470135E2D361690F
:1004500042F69810C0F60300884704200BB0BDE8B0
:10046000F08F616942F24960C0F6030088470120BD
:100470000BB0BDE8F08F00200BB0BDE8F08F00009E
:100480002DE9F04F8BB0002861D00446007E012892
:1004900061D194F820000D46002860D0A76800269E
:1004A0005020042100220023CDE90866CDE9006632
:1004B000CDE90266CDE90466CDE906664FF0040891
:1004C000B847002840F0BC80A7680DF12A00CDE9AC
:1004D00008684FF0010ACDE90066CDE90266CDE972
:1004E000046031200421002200238DF82A50079651
:1004F000CDF818A0B847002840F0C4804FF6184641
:10050000CFF6FF764FF004080DF12909002700BF50
:10051000A5680520042100220023CDE908A8CDE923
:100520000077CDE90277CDE904770697CDF81C90E6
:10053000A847002840F0E2809DF82900C00700F09D
:10054000E780E168012088470136E1D3CCE0022052
:100550000BB0BDE8F08F03200BB0BDE8F08FE07F5B
:10056000002853D0A7680026502001210022002334
:10057000CDE90866CDE90066CDE90266CDE90466FD
:10058000CDE906664FF00108B847002858D1A768A2
:100590000DF12A00CDE90868CDE90066CDE90266D3
:1005A000CDE9046031200121002200238DF82A507A
:1005B000CDF818800796B847002863D14FF6184544
:1005C000CFF6FF754FF001090DF129080027A66845
:1005D0000520012100220023CDE90899CDE900770B
:1005E000CDE90277CDE904770697CDF81C80B047B6
:1005F000002840F083809DF82900C00700F0888023
:10060000E168012088470135E1D36DE05020A768FB
:100610008DF82A004FF0010800260DF12A0A00206B
:10062000002100220023CDE90868CDE90066CDE96C
:100630000266CDE9046ACDF818800796B84748B13C
:10064000616942F26870C0F60300884701200BB070
:10065000BDE8F08F31208DF82A00A7680220CDE98F
:100660000868CDE90066CDE902660496CDE9060684
:1006700000200021002200238DF82B50CDF814A07B
:10068000B84748B1616942F28360C0F60300884709
:1006900001200BB0BDE8F08F4FF61845CFF6FF757F
:1006A0004FF005084FF0010B0DF129090026A7684E
:1006B00004A8CDE908BBCDE90066CDE9026680E873
:1006C000400C00200021002200238DF82A80CDF864
:1006D0001C90B84790B99DF82900C00718D0E16870
:1006E000012088470135E2D3616942F6B910C0F6AE
:1006F0000300884704200BB0BDE8F08F616942F227
:100700004960C0F60300884701200BB0BDE8F08FB8
:1007100000200BB0BDE8F08F00280EBF02204183FF
:100720000020704700207047002070472DE9F04FEF
:1007300083B040F6004AC4F2010A15460446DDE9DA
:100740000FB7DDE90C698DF80B0050464FF480516E
:1007500000224FF00008EEF7F5F842F27800C2F2FE
:1007600000000068C0F82480416A0A2908D2416A62
:10077000092905D8416A092902D8416A0A29F3D30F
:1007800074B142F22000C2F200000DF10B0101220F
:100790004FF47A730124EFF7BDFB002840F002818B
:1007A000002E49D016F00303A6F10101B84610D07F
:1007B0000DF10702012BA6F1020055540AD02F0AB1
:1007C0001754022BA6F1030004D02B0C1354301F36
:1007D00000E00846032920D3F1000DF10702A1EB48
:1007E000C001531EA1F1080425FA04F4145425FA9B
:1007F00001F41C5401F108041F1825FA04F407F849
:10080000014C01F1100425FA04F40328A0F10400BE
:1008100001F1200107F8024CE4DC42F22000C2F2B0
:1008200000000DF1070132464FF47A73EFF772FBC7
:10083000474608B10124B5E0BBF1000F50D01BF0D2
:100840000303ABF1010115D00DF10302012BABF154
:1008500002003C4602F801900ED04FEA19271754C7
:10086000022BABF1030007D04FEA19431354ABF14D
:10087000040001E03C460846032922D34FEACB019D
:100880000DF10302A1EBC001531E00BFA1F1080747
:1008900029FA07F7175429FA01F71F5401F108073D
:1008A0001E1829FA07F706F8017C01F1100729FA4A
:1008B00007F70328A0F1040001F1200106F8027CEB
:1008C000E4DC42F22000C2F200000DF103015A46BE
:1008D0004FF47A73EFF71EFB274608B1012461E05D
:1008E000EFB1F81D0022FF21B2EBD00F8DF80210FE
:1008F00015D042F22004C6080027C2F200040DF110
:10090000020500BF2046294601224FF47A73EFF713
:1009100001FB00283FD10137F8B28642F2D8119985
:100920001298002918BF00281BD113991498002988
:1009300018BF002822D142F27800C2F200000068FD
:1009400000210024416200BF416A0A2925D2416A80
:10095000092924D8416A092923D8416A0A29F3D3ED
:1009600020E082B242F22000C2F200004FF47A731B
:10097000EFF7D0FA0028D8D0012413E082B242F277
:100980002000C2F200004FF47A73EFF7C3F9002899
:10099000D1D0012406E0012404E0002402E0002478
:1009A00000E0002450464FF480510122EDF7CAFFC9
:1009B000204603B0BDE8F08F2DE9F04F97B0002836
:1009C00000F032841F460346007E01284FF00300EA
:1009D00040F054840C466FF31F34C4F5805B03F27F
:1009E000271089460E0BBB4528BFBB460B9003F171
:1009F00008004FF000081D464FF4805A12901093E3
:100A000095F8200033030028139211960F97CDE933
:100A10000C344DD0287F012872D0002840F0258466
:100A2000688B4EF61771884239D9DDF848A0062048
:100A3000DAF80050042100220023CDE90888CDE92E
:100A40000088CDE90288CDE90488CDF81880CDF87A
:100A50001C80A847002840F030841198DAF8005034
:100A6000000B8DF850000420099014A8CDF82080C8
:100A7000CDE90088CDE90288059001200690C520C7
:100A8000042100220023CDF81080CDF81C80A84757
:100A9000109D0C9B00284FF4805A40F01584A87FCD
:100AA000AD680421CDF820A00991032134E000BFF6
:100AB000E97F287F002914AA00F0ED80002800F0CB
:100AC0007081012840F0DD8310984EF61771408B3D
:100AD000884240F2D68312980121056801200990CE
:100AE0000420CDF820A0CDE900080820CDE9028837
:100AF000CDE90408CDF818800B201A46012317E031
:100B0000688B4EF61771884240F2AF83A87FAD68BC
:100B10000421CDF820A00991CDE90018CDE9028883
:100B2000CDE90408CDF818800B2004211A460423CF
:100B30000B9F0797A847002840F09083139ADDF891
:100B400040A0BBF1000F4FF00106CDF8389023D044
:100B50000D99CBF100000AEB0109ABF10101002472
:100B600009EB040393F82771FF2F35D1A14213D06D
:100B700093F82871FF2F2FD10719BD1C0CD093F8C3
:100B80002951FF2D28D1033706D093F82A31FF2BA6
:100B900022D10434A345E3D1DDF8389050464946CC
:100BA0005B46F6F711FE002840F033830F9F5F4548
:100BB00000F06383139A119EA7EB0B075A44D944A4
:100BC000BB460136B7F5805F55464FF4805A28BFC3
:100BD000D346002414E700BF9AF82000002800F054
:100BE0008380129C06202768042100220023CDE97F
:100BF0000888CDE90088CDE90288CDE90488CDF8E0
:100C00001880CDF81C80B847002840F048839AF837
:100C10001C00012800F01D8100280DF1560240F053
:100C20003783BAF81A004EF6177188422ED91198F8
:100C30002768000B8DF856000420CDF8208009901D
:100C4000CDE90088CDE90288CDE90482C5200421E0
:100C5000002200230696CDF81C80B847002840F0FB
:100C6000478327680620042100220023CDE9088855
:100C7000CDE90088CDE90288CDE90488CDF8188057
:100C8000CDF81C80B847002840F00983276803206E
:100C9000CDE90888E8E0002800F02081012840F034
:100CA000F08210984EF61771408B884240F2E9822C
:100CB0000B208DF85000300B8DF8510030098DF865
:100CC000520030018DF853001298ADF85480056839
:100CD0000120CDF820A00990CDE90088CDE9028857
:100CE000CDE90482062054E19AF81F00129C0028E6
:100CF00000F0558127680620012100220023CDE95C
:100D00000888CDE90088CDE90288CDE90488CDF8CE
:100D10001880CDF81C80B847002840F0C0829AF8AF
:100D20001C00012800F0B18100280DF1560240F0AE
:100D3000AF82BAF81A004EF6177188422CD9119872
:100D40002768000B8DF85600CDE90886CDE90088AC
:100D5000CDE90288CDE90482C520012100220023CB
:100D60000696CDF81C80B847002840F0C18227685D
:100D70000620012100220023CDE90888CDE9008862
:100D8000CDE90288CDE90488CDF81880CDF81C8023
:100D9000B847002840F0838227680320CDE90888FF
:100DA0007EE110984EF61771408B884235D9129D1E
:100DB0001C46D5F800C00620012100220023CDE901
:100DC0000888CDE90088CDE90288CDE90488CDF80E
:100DD0001880CDF81C80E047002840F06E82119802
:100DE000D5F800C0000B8DF85000012014A9CDF8F3
:100DF00020800990CDE90088CDE90288CDF81080E7
:100E0000CDE90510C520012100220023CDF81C806A
:100E1000E0470028234640F05D8212980B9FD0F8EF
:100E200000C0012009900320CDF820A0CDE90008E2
:100E30000820CDE90288CDE904080B2001211A46DB
:100E40000123CDF818800797E04700283FF476AEDD
:100E500004E2BAF81A004EF61771884240F218827E
:100E60002768CDE9088804200C9ACDE900082020E5
:100E700004210423CDE90288CDE90488CDF8188047
:100E8000CDF81C80B847002840F010824FF67067FC
:100E9000CFF6FF77256804200896099005200421E5
:100EA000002200230DF15B06CDE90088CDE9028820
:100EB000CDE90488CDF818800796A847002840F0AF
:100EC000B7819DF85B000126C00700F07981DAF850
:100ED0000C10012088470137DCD3B0E110984EF6A2
:100EE0001771408B88423CD9129D0620D5F800C06E
:100EF0004FF0010A8DF85000CDF82080CDF824A0E5
:100F0000CDE90088CDE90288CDE9048200200021E6
:100F1000144600220023CDF818A0CDF81C80E0472D
:100F2000002840F0CA81C5208DF85000300B2D6894
:100F30008DF851000220CDE9088ACDE90088CDE97D
:100F40000288CDE9048406900020002100220023BD
:100F5000CDF81C80A847002822464FF4805A40F064
:100F6000B9810B208DF8500030098DF85100300107
:100F70008DF852001298ADF8538005680120099051
:100F80000520CDF820A0CDE90088CDE90288CDE983
:100F9000048206900020002100220023C8E50620DC
:100FA00027688DF856000DF15600CDE90886CDE989
:100FB0000088CDE90288CDF81080CDE90506002033
:100FC000002100220023CDF81C80B847002840F003
:100FD00066819AF81C00012800F09A8000280DF123
:100FE000560240F05581BAF81A004EF61771884241
:100FF00034D9C5208DF8560011982768000B8DF85C
:1010000057000220CDE90886CDE90088CDE90288A5
:10101000CDE904820690002000211546002200231D
:10102000CDF81C80B847002840F062812768062070
:101030008DF856000020002100220023CDE908860B
:10104000CDE90088CDE90288CDE904850696CDF882
:101050001C80B84700282A4640F0218111992020A1
:101060008DF8560008098DF85700080127688DF89B
:10107000580004208DF85980CDE90886CDE9008814
:10108000CDE90288CDE9048264E0BAF81A004EF690
:101090001771884240F2FC802768CDE90888042057
:1010A0000C9ACDE90008202001210123CDE9028816
:1010B000CDE90488CDF81880CDF81C80B847002809
:1010C00040F0F4804FF67067CFF6FF772568052073
:1010D0000121002200230DF15B04CDE90866CDE972
:1010E0000088CDE90288CDE90488CDF818800794FE
:1010F000A847002840F09C809DF85B00C0075FD0A7
:10110000DAF80C1001208847129C0137DED396E0F4
:10111000BAF81A004EF6177188420DF1560240F2E5
:10112000B780119920208DF85600080B8DF85700D4
:1011300008098DF85800080127688DF859008DF8C6
:101140005A80CDE90886CDE90088CDE90288CDE94D
:101150000482052006900020002100220023CDF803
:101160001C80B847002840F0A1804FF67067CFF68A
:10117000FF7700BF052025688DF856000DF1560059
:10118000CDE90866CDE90088CDE90288CDF8108068
:10119000CDE9050600200021002200230DF15B04AB
:1011A0000794A847002843D19DF85B00C00707D0EB
:1011B000DAF80C1001208847129C0137DAD33EE0A0
:1011C000139D00202A5C431C09EB00015B4581F85C
:1011D000272112D22A185378871C5F4581F82831BD
:1011E0000BD29378C71C5F4581F8293105D2D2789C
:1011F0000430584581F82A21E4D3DDE90B2150461B
:101200004FF48053F6F7E0FADDF8389000283FF409
:10121000CDACDAF8141042F28670C0F603008847AD
:10122000012017B0BDE8F08F022017B0BDE8F08FA5
:10123000DAF8141042F24960C0F6030005E0DAF86B
:10124000141042F6DA10C0F603008847DAF81410DA
:1012500031A08847052017B0BDE8F08F109C42F2FE
:10126000A0606169C0F603003AE0696942F6BE0019
:10127000C0F6030088472C4633E0002017B0BDE8D5
:10128000F08F109C42F6BE006169C0F6030027E0B3
:10129000DAF8141042F6BE00C0F60300D5E7DAF81B
:1012A000141042F26870C0F60300CEE7DAF81410AA
:1012B00042F29D70C0F60300C7E7109C42F26870CE
:1012C0006169C0F603000BE0696942F60000C0F6F0
:1012D0000300CFE7109C42F600006169C0F60300EE
:1012E0008847616906A08847042017B0BDE8F08FE1
:1012F000DAF8141042F60000C0F60300A5E700BFBC
:101300007732357178783A20726561642066616958
:101310006C65642E0A0000007732357178783A20C7
:10132000657261736520736563746F7220666169AD
:101330006C65642E0A00000030380A2801D20120B2
:1013400070470020704770B50C46054600F0FDFB65
:1013500000F07040B0F1005F07D024F00040C0F111
:10136000FF40C00F04BF204670BD284670BD70B559
:101370000C46054600F0E9FB00F07040B0F1004F6C
:1013800007D024F00040C0F1FF40C00F04BF20464A
:1013900070BD284670BD70B5054600F093FE04464A
:1013A0000146284600F0BEFE15F0004F4FF07F4189
:1013B0000ED0B0F13F4F28BFB1EB400F0ED2B0F1CD
:1013C0007C5F1DDDB1EB400F1AD313E0044617E03C
:1013D000B0F13F4F08D9B1EB400F05D34FF07E512C
:1013E000204600F09FFEF1E7B0F17C5F08DBB1EB37
:1013F000400F05D34FF07E51204600F0F1FAE5E7AB
:10140000284664F31E0070BD21F0004201F0004345
:10141000A2F16052B2F5801F28BFD2F17F6C0BD9C8
:101420005FEA001C43EAC20242EB507018BF7047EB
:1014300028BF20F001007047B2F5801FBCBF1846DE
:1014400070474FEA410C1CF5001F02D2084600F01D
:1014500034BE70B500F086F900000089FFF7F6BFD2
:101460004FF00040A0F580007047000010B591EAF1
:10147000030F48BF83F0004300F1D081841A71EB61
:10148000030C05D2121943EB0C03001B61EB0C019A
:101490004FEA1154A4EB135CDFF81CE11EEA430F82
:1014A00018BF9EEA445F73D021EA045123EA0E0379
:1014B00043F48013DCF1200E32D322FA0CFE10EB41
:1014C0000E0023FA0CFE41EB0E01CCF1200E03FAC4
:1014D0000EFE10EB0E00CCF1200E51F10001B1F523
:1014E000801F32D201EB045112FA0EF2BDE8104017
:1014F00058BF7047401C38BF5FEA420218BF7047B0
:10150000002814BF20F0010041F100014FEA41031F
:1015100013F5001F38BF7047A1F1C04100F070B94A
:10152000012A43EB0302ACF1200CDCF11F0E32BFA9
:101530004FF0000E23FA0CF310EB030041EB0451C3
:10154000B4EB115FD0D0A1EB045101F58011490833
:1015500001EB04515FEA30000ED350F1000038BFB8
:1015600012FA0EFE08D1BDE81040C9E7401C38BF92
:101570005FEA4202CAD1C3E7BDE810404FEA410327
:1015800013F5001F38BF7047A1F1C04100F038B912
:101590009EEA445F08D011EA5E0FBDE8104004BF28
:1015A00001F0004100207047BDE8104070B500F028
:1015B000D9F800BF64FBBE3E0000E0FF10F000421F
:1015C00048BF4042B0FA80F310FA03F10AD0C3F1E9
:1015D0001D0303F5806302EB03524FEA415002EB17
:1015E000D12170474FF000007047B0FA80F310FA35
:1015F00003F10AD0C3F11D0303F580634FEA0352E0
:101600004FEA415002EBD12170474FF00000704784
:1016100070B5DFF848C11CEA111E1EBF1CEA131585
:101620009EEA0C0F95EA0C0F00F06F8081EA03042C
:101630004EEAD47EAE4421EA4C1123EA4C1341F425
:10164000801143F48013AEF17F7EA1FB024CA0FB1E
:101650000365361955EB0C05A1FB034C4CF1000357
:10166000A0FB021C16EB0C06654153F10003094276
:1016700018BF46F0010613F4007F0BD14FEA033187
:101680004FEA053041EA155140EA165034036FF035
:1016900003020AE04FEAC3214FEAC52041EA55514F
:1016A00040EA5650F4026FF0020202EB2E4201EBC8
:1016B000025585EACE710AD05FEA440C18BF24F0C7
:1016C000004450F1000041F1000120EAD47040F2E2
:1016D000FE7C624500D270BDA84214BF4FF080442A
:1016E0004FF04044002E08BF0024BEF1806FA8BF19
:1016F000A1F1C041BDE8704080F2828001F1C0419B
:1017000001F000414FF0000070470CEA13159EEA0B
:101710000C0F18BF95EA0C0F06D081EA030E4FF0AC
:1017200000000EF0004170BD00F01CF88900013E81
:1017300000F007B800F009B84FEA430C5FEA5C5CC0
:1017400008D081EA030100F05BB84FEA410C5FEA80
:101750005C5CF6D102494FF0000070470000FF07C3
:101760000000F87F0EF1020E2EF0030E5EF8046BFF
:10177000364205D4012A43EB030515F5001F12D8A4
:10178000012841EB010C1CF5001F0CD80ED14FEACB
:10179000D17C0CEB4C0C0CF1020C15F5001F08BFB2
:1017A0004CEBD37C04E04FF0080C01E04FEAD37C13
:1017B0000CEB4C0526FA05F606F00706B6F1040C0C
:1017C00006D20EEB860CBDE870404CF0010C604771
:1017D000DFE80CF0090B02024FF00041A1F50021F7
:1017E0004FF0000070BD19461046012851EB01046E
:1017F00018BFD4F5001484BF002001F0004170BD73
:101800000808A0F500114FEA3101704710B591EAC0
:10181000030F48BF83F000433FF530AE841A71EBED
:10182000030C07D28CF0004C121943EB0C03001B85
:1018300061EB0C014FEA1154A4EB135CDFF89CE15F
:101840001EEA430F18BF9EEA445F00F0B08021EA11
:10185000045123EA6E035242C3EB6E0338BF5B1E92
:10186000DCF1200E25D322FA0CFE10EB0E0043FA19
:101870000CFE41EB0E01CCF1200E03FA0EFE10EB34
:101880000E00CCF1200E51F1000129D401EB0451DE
:1018900012FA0EF2BDE8104058BF7047401C1CBF42
:1018A000B2F1004F704700280CBF491C20F0010026
:1018B000704712EB020E43EB030218BF4FF0010E0C
:1018C0004EEA4202ACF1200CDCF11E0E54D943FA70
:1018D0000CFE10EB0E00CCF11E0E51F1FF31D5D5F0
:1018E0000EF1010E12FA0EFE404141EB010101EB37
:1018F000445C5FEA5C5C10D901EB045110EBDE70D4
:1019000038BFBEF1004FBDE8104018BF7047002837
:101910000CBF491C20F00100704730D24FEAD42C94
:1019200024F4006411F500111BD0B1FA81F20B3AD6
:10193000A41AA41ED2F12003914030FA03F31943F4
:10194000904001EBCC7101EB0451002CBDE810403C
:10195000A8BF704701F1C04101F000414FF0000005
:101960007047B0FA80F310FA03F100D110BDE41A09
:10197000173C4805C90AE4E701EB045110BD4910C2
:101980004FEA300001EB0451BDE8104002E04FF097
:10199000000170474A0008BF0042F8D0B2F5001FAE
:1019A00028BF704701F000414FF0000070479EEAE9
:1019B000445F07D011EA5E0FBDE8104004BF00216C
:1019C00000207047BDE8104070B5FFF7CBFE00BFA8
:1019D00040DFF63E104683F0004170470000E0FF14
:1019E00090EA010F48BF81F0004100F1A283421A42
:1019F0003CBF801A89184FEAD052A2EBD1534FF066
:101A00007F4C1CEA410F18BF9CEA026F00F03B803C
:101A10004FF0004C4CEA00204CEA012121FA03FC73
:101A200010EB0C0C1ED202F1FF325FEA1C2040EBDF
:101A3000C25038BF70471CF07F0F4FEA400C18BFF0
:101A4000BCF17F4F38BF7047C3F12003994008BFF6
:101A500020F00100BCF17F4F38BF7047A0F1C040BB
:101A600000F02BBB4FEA3C00000A40EBC25028BFFD
:101A70001CF0FF0F4FEA400CE6D018BFBCF17F4FBF
:101A800038BF7047EAE79CEA026F05D010EA5C0FA6
:101A900008BF00F00040704710B500F0C8FA00BF62
:101AA00064FBBE3E10B500F03DF90CBF01200020E4
:101AB00010BD10B500F036F914BF0120002010BD94
:101AC00010B500F0CBF98CBF0120002010BD10B57F
:101AD00000F0C4F92CBF0120002010BD10B500F0AB
:101AE000F1F994BF0120002010BD10B500F0EAF913
:101AF00034BF0120002010BD50EA010C00F113801A
:101B00001CF5000F58BFBCF5000F01D48842704788
:101B100007D710F5000F58BF11F5000F22D48842E7
:101B20007047894270471CF5000F04D5BCF5000FC3
:101B3000F7D5814270474FF0807C1CEB400F38BFD7
:101B40001CEB410F0ED28142704710B5FFF7D4FF56
:101B5000EFF3008020F0104038BF40F0004080F3E9
:101B6000008810BDBDE8104010B500F060FA00BF5D
:101B70000000000900F007B84FF0404010F1004F9E
:101B8000EFF300807047401058BFC0F1404049104B
:101B900058BFC1F140418142EFF30080704700001F
:101BA0004FF47F0C1CEAD0121EBF1CEAD11392EA3C
:101BB0000C0F93EA0C0F00F0858090EA010F48BFEC
:101BC00042F4807240F4000C41F400002CF07F419C
:101BD00020F07F4000B5A2EB030281420FF2081C07
:101BE000ACEB504E9EF800E0C0F100004FEA4E0E04
:101BF00000FB0EFC38BF49004FEA2C1C0CFB0EF317
:101C00004FEACE1E0EEB635E4FEA112C0EFB0CFC6E
:101C10004FEAC1214FEA1C5300FB031102F5FA02FF
:101C20004FEA112C0EFB0CFC4FEA01314FEADC4C61
:101C300000FB0C1142EB2242C14228BF09184CEBB9
:101C400003335DF804EB10EB410143EBC250B2F5F6
:101C50007C0F38BF704729D512F0F00F1CBF00F180
:101C6000C04000F0004070470081828384858687F1
:101C700088898B8C8D8E8F919293959697999A9C4B
:101C80009D9FA0A2A3A5A7A8AAACAEB0B2B3B5B7BA
:101C9000B9BCBEC0C2C5C7C9CCCED1D4D7D9DCDF90
:101CA000E2E6E9ECF0F3F7FAFE0000004FEA400C40
:101CB0000CF1807CBCF17E4F28BF7047B0F1C04072
:101CC00000F0FBB90CEAD11390EA010F48BF42F4CF
:101CD0008072624538BF634507D213F47F0F16D078
:101CE00080EA010000F00040704710B500F09FF955
:101CF000097EFC3E00F005B880EA010000F00040DB
:101D0000704780EA010000F0004000F0D6B912F4FC
:101D10007F0F04BF0248704780EA010000F0CDB990
:101D20000000C07F50EA010C00F113801CF5000F89
:101D300058BFBCF5000F01D48842704707D710F593
:101D4000000F58BF11F5000F15D488427047894223
:101D500070471CF5000F04D5BCF5000FF7D5814284
:101D600070474FF0807C1CEB400F38BF1CEB410FDD
:101D700001D28142704710B500F059F99224490010
:101D80004FF000504FF08051FFF7FDBE41000B0EA9
:101D9000D3F19E0208D950F400034FEA032323FA3B
:101DA00002F048BF4042704710B500F040F900BF54
:101DB00049922480002070476FF0004282EA2000A0
:101DC00070470000C10DD1F19E0206DB4FEA0023EF
:101DD00043F0004323FA02F07047004207D54FEA70
:101DE0004001B1F1FE4F02D24FF00000704710B534
:101DF00000F01DF949922480002070476FEA20000E
:101E00007047000010F0004148BF4042B0FA80F334
:101E100010FA03F2C3F19D030BD051EAC35101EB59
:101E20001220530638BF704700F1010008BF20F0B0
:101E300001007047B0FA80F310FA03F2C3F19D037A
:101E40000AD0D90501EB1220530638BF704700F1C4
:101E5000010008BF20F001007047000050EA010CAB
:101E600000F113801CF5000F58BFBCF5000F01D422
:101E70008842704707D710F5000F58BF11F5000FC3
:101E800015D488427047894270471CF5000F04D56D
:101E9000BCF5000FF7D5814270474FF0807C1CEBFA
:101EA000400F38BF1CEB410F01D28142704710B583
:101EB00000F0BDF8922449004FF080504FF00051DF
:101EC000FFF761BE50EA010C00F113801CF5000F12
:101ED00058BFBCF5000F01D48842704707D710F5F2
:101EE000000F58BF11F5000F15D488427047894282
:101EF00070471CF5000F04D5BCF5000FF7D58142E3
:101F000070474FF0807C1CEB400F38BF1CEB410F3B
:101F100001D28142704710B500F089F8922449003F
:101F20004FF000504FF08051FFF72DBE4FF47F0C63
:101F30001CEAD0121EBF1CEAD11392EA0C0F93EADE
:101F40000C0F00F0478090EA010F48BF42F4807206
:101F50004FF0004C4CEA00204CEA012102EB030256
:101F6000A0FB0113A2F50002002918BF43F00103F2
:101F70005B0028BF4FEA330342EB22425FEA132C97
:101F80004CEBC2502EBFBCEB436FB2F57C0F7047D9
:101F90004FEA036CBCF1004F08BF20F00100B2F51E
:101FA0007C0F38BF70470BD582F0FF0212F5803FDF
:101FB000C8BF704700F1C040D8BF00F00040704774
:101FC00000F5000C5FEA4C0C48BF7047B0F1C04010
:101FD00000F073B80CEAD11390EA010F48BF42F445
:101FE0008072624538BF634504D280EA010000F088
:101FF0000040704710B500F01AF800BF8900013E9C
:1020000000F007B800F009B85FEA410C5FEA1C6C09
:1020100008D080EA010000F050B85FEA400C5FEAA7
:102020001C6CF6D14FF00040A0F5800070470EF117
:10203000020E2EF0030E5EF8044B244204D44FEA45
:102040004102B2F17F4F11D84FEA4003B3F17F4F05
:102050000CD80ED14FEAD07C0CEB4C0C0CF1020CDE
:10206000B2F17F4F08BF4CEBD17C04E04FF0080C7D
:1020700001E04FEAD17C0CEB4C0324FA03F404F0AA
:102080000704B4F1040C06D20EEB840CBDE810403A
:102090004CF0010C6047DFE80CF0070802024FF03B
:1020A0000040A0F5800010BD0846420018BFD2F1E4
:1020B000807288BF00F0004010BDFF2141EAD0507F
:1020C000C00570475FEA400C5FEA1C6CBCF17F03FF
:1020D00014D4D3F1170240F31C804FF0010C0CFA1A
:1020E00002FCACF10103034020EA0300B3EB5C0205
:1020F00008BF10EA0C0F88BF60447047B3F1FF3F80
:1021000028BF5FEA002C00F0004088BF40F07E50FE
:102110007047BCF1FF0FB8BF704710B5FFF787FFDE
:1021200040DBB6BE90EA010F48BF81F000413FF5A9
:102130005EAC421A04D882F00042A0EB02001144C7
:102140004FEAD052A2EBD1534FF07F4C1CEA410F23
:1021500018BF9CEA026F4AD04FF0004C4CEA0020B6
:102160004CEA012121FA03FCB0EB0C0C0FD412F065
:10217000FE0F36D05FEA4C001DD5001240EBC25076
:1021800038BF70471CF03F0F18BF70470BE05FEA85
:102190001C20A2F1010240EBC25038BF70471CF076
:1021A0007F0F18BF7047C3F12003994014BF401E32
:1021B00020F0010070474FEA1223800808BF7047E3
:1021C000B0FA80FCA2EB0C02CCF1280C60FA0CF007
:1021D00093EA122F04BF00EBC25070474FEAC3705E
:1021E0007047130A5FEADC1008BF7047F6E79CEA05
:1021F000026F04D010EA5C0F08BF0020704710B5D2
:10220000FFF715FF40DFF63E81F0004070473031A8
:10221000323334353637383941424344454640300D
:1022200058003031323334353637383961626364BF
:1022300065664030780004000008000000000000DF
:10224000000200010000100000000000000000017A
:10225000020304060708090000000001020304014C
:10226000020000001DC701009DAF01007B99010025
:10227000A0840100FA7001006E5E0100F14C0100C3
:10228000703C0100DB2C0100241E01003D10010008
:1022900019030100ADF60000ECEA0000CEDF0000FB
:1022A00048D5000051CB0000E1C10000F0B80000AB
:1022B00076B000006DA80000CEA000009399000049
:1022C000B7920000338C00000386000023800000DA
:1022D0008D7A00003F75000033700000666B0000CF
:1022E000D56600007C620000595E0000685A00005C
:1022F000A856000014530000AC4F00006C4C0000C6
:10230000534900005F4600008E430000DD4000009E
:102310004C3E0000D83B00008039000044370000EC
:10232000203500001533000021310000432F00004C
:10233000792D0000C42B0000212A00009028000005
:1023400010270000A025000040240000EF2200001C
:10235000AC210000762000004C1F0000301E000061
:102360001E1D0000181C00001C1B00002B1A000082
:1023700043190000641800008E170000C116000009
:10238000FC1500003E15000088140000D813000062
:10239000301300008E120000F21100005C110000EA
:1023A000CC10000041100000BB0F00003A0F0000ED
:1023B000BE0E0000460E0000D40D0000640D0000AB
:1023C000FA0C0000930C00002F0C0000CF0B000053
:1023D000730B00001A0B0000C40A0000710A000011
:1023E000210A0000D4090000890900004109000009
:1023F000FB080000B808000077080000390800005A
:10240000FC070000C1070000890700005207000018
:102410001D070000EA060000B8060000890600005B
:102420005A0600002D06000002060000D805000034
:10243000AF05000088050000620500003D050000B2
:1024400019050000F6040000D5040000B4040000E3
:102450009504000076040000580400003C040000CD
:102460002004000005040000EB030000E503000069
:10247000B9030000A10300008A03000073030000F9
:102480005D03000002030405060708090A0B0C0D92
:102490000E0F101000200021002200230024002530
:1024A000002600270028002910212021302140216A
:1024B000502160211141124113411441154116412F
:1024C0001741184119411142124213421442154258
:1024D0001642174201200220032004200520062076
:1024E000072008200920102011201220132014207A
:1024F0001520162017201820192020202120222006
:102500002320242025202620272028202920302091
:1025100031203220982F8A4291443771CFFBC0B5C9
:10252000A5DBB5E95BC25639F111F159A4823F929E
:10253000D55E1CAB98AA07D8015B8312BE853124F7
:10254000C37D0C55745DBE72FEB1DE80A706DC9BB8
:1025500074F19BC1C1699BE48647BEEFC69DC10F64
:10256000CCA10C246F2CE92DAA84744ADCA9B05CA0
:10257000DA88F97652513E986DC631A8C82703B063
:10258000C77F59BFF30BE0C64791A7D55163CA0671
:1025900067292914850AB72738211B2EFC6D2C4D7D
:1025A000130D385354730A65BB0A6A762EC9C2816B
:1025B000852C7292A1E8BFA24B661AA8708B4BC201
:1025C000A3516CC719E892D1240699D685350EF42B
:1025D00070A06A1016C1A419086C371E4C774827E2
:1025E000B5BCB034B30C1C394AAAD84E4FCA9C5B58
:1025F000F36F2E68EE828F746F63A5781478C884A9
:102600000802C78CFAFFBE90EB6C50A4F7A3F9BE8A
:10261000F27871C6A55A00002F2A0308857E0208A9
:10262000020000003C2A0308A57D02080300000008
:10263000212A0308257E02083031323334353637FB
:102640003839414243444546007732357178783A0B
:1026500020676574207374617475733120666169D5
:102660006C65642E0A007732357178783A2073658C
:10267000742073746174757331206661696C65646C
:102680002E0A007732357178783A2073657420739A
:10269000746174757332206661696C65642E0A001A
:1026A0007732357178783A2066617374207265618B
:1026B00064206661696C65642E0A00773235717832
:1026C000783A20676574206A6564656320696420D0
:1026D0006661696C65642E0A007732357178783AE4
:1026E00020676574206D616E7566616374757265CF
:1026F0007220646576696365206964206661696C2F
:1027000065642E0A007732357178783A20726573E5
:10271000657420646576696365206661696C6564CB
:102720002E0A007732357178783A20656E746572BA
:1027300020332062797465206D6F6465206661695D
:102740006C65642E0A007732357178783A207365AB
:10275000742061646472657373206D6F64652066B4
:1027600061696C65642E0A007732357178783A2099
:10277000777269746520656E61626C652066616957
:102780006C65642E0A007732357178783A2077725A
:10279000697465206661696C65642E0A007732355C
:1027A0007178783A20736563746F72206572617313
:1027B0006520346B206661696C65642E0A0077328F
:1027C000357178783A20706167652070726F677232
:1027D000616D206661696C65642E0A00773235711F
:1027E00078783A2072656C6561736520706F7765E3
:1027F0007220646F776E206661696C65642E0A00D2
:102800007732357178783A20777269746520657807
:1028100074656E64656420616464722072656769C2
:1028200073746572206661696C65642E0A00773284
:10283000357178783A207365742072656164207010
:102840006172616D6574657273206661696C65643F
:102850002E0A007732357178783A20656E61626CA5
:1028600065207265736574206661696C65642E0A03
:10287000007732357178783A2073706920696E6913
:1028800074206661696C65642E0A00773235717850
:10289000783A207173706920696E69742066616985
:1028A0006C65642E0A007732357178783A20696455
:1028B00020697320696E76616C69642E0A00773234
:1028C000357178783A2061646472657373206D6F36
:1028D000646520697320696E76616C69642E0A00F4
:1028E0007732357178783A20616464722069732098
:1028F000696E76616C69642E0A007732357178787A
:102900003A207370695F717370695F77726974657B
:102910005F72656164206973206E756C6C2E0A00AD
:102920007732357178783A2064656C61795F6D73C0
:10293000206973206E756C6C2E0A007732357178C1
:10294000783A2064656C61795F7573206973206ED5
:10295000756C6C2E0A007732357178783A20737076
:10296000695F717370695F696E6974206973206E45
:10297000756C6C2E0A007732357178783A20737056
:10298000695F717370695F6465696E6974206973EA
:10299000206E756C6C2E0A007732357178783A208B
:1029A0007772697465207374617475732031207453
:1029B000696D656F75742E0A007732357178783AD3
:1029C0002077726974652073746174757320322086
:1029D00074696D656F75742E0A0077323571787879
:1029E0003A20736563746F72206572617365203479
:1029F0006B2074696D656F75742E0A0077323571BE
:102A000078783A20706167652070726F6772616DC7
:102A10002074696D656F75742E0A00253032582058
:102A2000004F505F50494E475F53544D3332004F73
:102A3000505F53544152545F4F5441004F505F47D1
:102A400045545F494E464F52006465627567206386
:102A50006F756E74202564200D0A00435249544955
:102A600043414C3A20426C6F636B206E756D62651A
:102A700072206F7574206F6620626F756E647321AB
:102A80000D0A00426C6F636B2025642072656365DC
:102A9000697665640D0A0066756C6C202564207289
:102AA000656365697665640D0A00426C6F636B202F
:102AB0002564207374617274206279746520657274
:102AC000726F720D0A00426C6F636B202564206385
:102AD0006865636B73756D206572726F720D0A00A5
:102AE000426C6F636B202564206E756D6265722089
:102AF0006572726F720D0A005243313838780000E7
:102B000073656E64207374617274204F54410D0AB2
:102B10000000000043524320636865636B207061CE
:102B2000737365640D0A00004F5441207570646131
:102B3000746520636F6D706C6574650D0A0000002C
:102B4000602B030800000020600000006C010108F9
:102B5000C02B030860000020D04B00008801010852
:102B60000300FFFFFFFFFFFFFFFFFF7FFFFF0000EE
:102B70000000C8420000C842005299480000C84204
:102B80000100000010000000061504494E464F0DDC
:102B9000494D41470D00000000127A00010300007A
:102BA0000000C842E803100EF00A41F1E02E20D1E7
:102BB0003C415A0000E100AF05F100000000A040D8
:0400000508010131BC
:00000001FF
